bucket,row_id,rank,feature,feature_value,shap_value,prediction,realized,asset,fold
top_ranked_predictions,2022-03-28 09:00:00,1,ema_trend_48_192,0.03501058742403984,0.6764989219364987,2.7162273531288688,3.9680051793762696,asset,0
top_ranked_predictions,2022-03-28 09:00:00,2,bollinger_bandwidth,0.09621632806223253,0.5151446335658082,2.7162273531288688,3.9680051793762696,asset,0
top_ranked_predictions,2022-03-28 09:00:00,3,vol_rolling_96,0.0035361918471607232,0.5075680124741679,2.7162273531288688,3.9680051793762696,asset,0
top_ranked_predictions,2022-03-28 09:00:00,4,atr_48,15.813991454986747,0.4162745763302288,2.7162273531288688,3.9680051793762696,asset,0
top_ranked_predictions,2022-03-28 09:00:00,5,atr_over_price_48,0.004747093189507723,0.2372490994976751,2.7162273531288688,3.9680051793762696,asset,0
top_ranked_predictions,2022-06-13 22:30:00,1,atr_over_price_48,0.024824174121022224,0.6660415359243548,2.677018013027329,-0.25689379733832196,asset,0
top_ranked_predictions,2022-06-13 22:30:00,2,ema_trend_48_192,-0.1331845372915268,0.4783550400268651,2.677018013027329,-0.25689379733832196,asset,0
top_ranked_predictions,2022-06-13 22:30:00,3,close_over_bb_mid_192,-0.21838337182998657,0.4204513685035914,2.677018013027329,-0.25689379733832196,asset,0
top_ranked_predictions,2022-06-13 22:30:00,4,close_over_bb_upper_192,-0.3673170804977417,-0.3967980027177049,2.677018013027329,-0.25689379733832196,asset,0
top_ranked_predictions,2022-06-13 22:30:00,5,vol_rolling_96,0.015107996031561453,0.3732403440344207,2.677018013027329,-0.25689379733832196,asset,0
top_ranked_predictions,2022-05-30 07:30:00,1,atr_48,13.279388576141628,0.6992005699626332,2.26545623237517,0.6852725144552099,asset,0
top_ranked_predictions,2022-05-30 07:30:00,2,bollinger_bandwidth,0.09113771733213694,0.32584500043028974,2.26545623237517,0.6852725144552099,asset,0
top_ranked_predictions,2022-05-30 07:30:00,3,bollinger_percent_b,1.2031933378227555,0.27644750813980035,2.26545623237517,0.6852725144552099,asset,0
top_ranked_predictions,2022-05-30 07:30:00,4,distance_from_ema96_atr,6.936764717102051,0.21871418645620158,2.26545623237517,0.6852725144552099,asset,0
top_ranked_predictions,2022-05-30 07:30:00,5,ret_24,0.06722641736268997,0.2061034199747394,2.26545623237517,0.6852725144552099,asset,0
worst_predictions,2022-03-30 17:30:00,1,ema_trend_48_192,0.022650375962257385,-0.38361460973062605,-2.3809268671291575,-1.952772472237962,asset,0
worst_predictions,2022-03-30 17:30:00,2,atr_over_price_48,0.006441929377615452,-0.28806005382916505,-2.3809268671291575,-1.952772472237962,asset,0
worst_predictions,2022-03-30 17:30:00,3,atr_48,22.147997585419034,-0.2861986713923412,-2.3809268671291575,-1.952772472237962,asset,0
worst_predictions,2022-03-30 17:30:00,4,bollinger_bandwidth_rank_192,0.6354166865348816,-0.22933259776465395,-2.3809268671291575,-1.952772472237962,asset,0
worst_predictions,2022-03-30 17:30:00,5,vol_rolling_24,0.0043063266054868,-0.19445718747918392,-2.3809268671291575,-1.952772472237962,asset,0
worst_predictions,2022-05-13 20:30:00,1,bollinger_bandwidth,0.33375150142573223,-0.9168547865953802,-2.052380231977869,-0.09789664741798126,asset,0
worst_predictions,2022-05-13 20:30:00,2,vol_rolling_192,0.015512755150853208,-0.7978051787028116,-2.052380231977869,-0.09789664741798126,asset,0
worst_predictions,2022-05-13 20:30:00,3,atr_48,41.37016033560445,-0.5644174006542388,-2.052380231977869,-0.09789664741798126,asset,0
worst_predictions,2022-05-13 20:30:00,4,atr_over_price_48,0.02026161178946495,0.3893138373736084,-2.052380231977869,-0.09789664741798126,asset,0
worst_predictions,2022-05-13 20:30:00,5,close_over_bb_mid_192,-0.05915376543998718,-0.30165749543414955,-2.052380231977869,-0.09789664741798126,asset,0
worst_predictions,2022-05-03 15:00:00,1,atr_over_price_48,0.005720125511288643,-0.9516371027572464,-1.7687180311583666,-1.9038601327394105,asset,0
worst_predictions,2022-05-03 15:00:00,2,bollinger_bandwidth,0.043035142769575374,-0.8977279109733682,-1.7687180311583666,-1.9038601327394105,asset,0
worst_predictions,2022-05-03 15:00:00,3,mama_minus_fama_over_atr,0.3309635519981384,0.2661190983714968,-1.7687180311583666,-1.9038601327394105,asset,0
worst_predictions,2022-05-03 15:00:00,4,vol_rolling_192,0.004029347713340482,0.23540285857100546,-1.7687180311583666,-1.9038601327394105,asset,0
worst_predictions,2022-05-03 15:00:00,5,vol_rolling_24,0.0020783677878638764,-0.1949668132045096,-1.7687180311583666,-1.9038601327394105,asset,0
largest_losses,2022-04-30 13:00:00,1,atr_over_price_48,0.005692534614354372,-0.8274916425313736,0.008711779722069641,-4.0,asset,0
largest_losses,2022-04-30 13:00:00,2,bollinger_bandwidth,0.06004994574377918,0.621721372195871,0.008711779722069641,-4.0,asset,0
largest_losses,2022-04-30 13:00:00,3,vol_rolling_24,0.0019487554671834796,0.3466229628297289,0.008711779722069641,-4.0,asset,0
largest_losses,2022-04-30 13:00:00,4,vol_rolling_48,0.0036983707574796115,-0.24176286953862405,0.008711779722069641,-4.0,asset,0
largest_losses,2022-04-30 13:00:00,5,atr_48,16.092795237305005,0.20341364275927223,0.008711779722069641,-4.0,asset,0
largest_losses,2022-04-20 11:30:00,1,bollinger_bandwidth,0.07547454316749203,0.8036506463709201,1.7910942101131102,-4.0,asset,0
largest_losses,2022-04-20 11:30:00,2,vol_rolling_96,0.003840264460377162,0.5008807203640183,1.7910942101131102,-4.0,asset,0
largest_losses,2022-04-20 11:30:00,3,atr_48,15.827284888698797,0.24861281537827268,1.7910942101131102,-4.0,asset,0
largest_losses,2022-04-20 11:30:00,4,ema_trend_48_192,0.01261641550809145,-0.19984770676064056,1.7910942101131102,-4.0,asset,0
largest_losses,2022-04-20 11:30:00,5,bollinger_bandwidth_rank_192,1.0,0.1957752129640671,1.7910942101131102,-4.0,asset,0
largest_losses,2022-05-07 10:30:00,1,bollinger_bandwidth_rank_192,1.0,0.2670927980988652,-0.22450428231182587,-4.0,asset,0
largest_losses,2022-05-07 10:30:00,2,vol_rolling_192,0.004855645800542375,-0.21459542864530096,-0.22450428231182587,-4.0,asset,0
largest_losses,2022-05-07 10:30:00,3,atr_48,18.61261615855377,-0.15487581742393874,-0.22450428231182587,-4.0,asset,0
largest_losses,2022-05-07 10:30:00,4,bollinger_bandwidth,0.1313660113156142,0.1372729874349013,-0.22450428231182587,-4.0,asset,0
largest_losses,2022-05-07 10:30:00,5,atr_over_price_48,0.006917002610862255,0.13647201254190108,-0.22450428231182587,-4.0,asset,0
largest_gains,2022-05-04 07:30:00,1,vol_rolling_96,0.003571827320420951,0.7492927264652292,-0.90043401919463,4.0,asset,0
largest_gains,2022-05-04 07:30:00,2,bollinger_bandwidth,0.04408412145130764,-0.6521883476956111,-0.90043401919463,4.0,asset,0
largest_gains,2022-05-04 07:30:00,3,atr_over_price_48,0.00547590758651495,-0.5414947708776273,-0.90043401919463,4.0,asset,0
largest_gains,2022-05-04 07:30:00,4,ema_trend_48_192,-0.005597933195531368,0.3028198911324538,-0.90043401919463,4.0,asset,0
largest_gains,2022-05-04 07:30:00,5,vol_rolling_48,0.00313852572757231,-0.28529905574302844,-0.90043401919463,4.0,asset,0
largest_gains,2022-03-18 08:30:00,1,ema_trend_48_192,0.03047729656100273,0.3590309351301987,-0.2929417146787666,4.0,asset,0
largest_gains,2022-03-18 08:30:00,2,mama_minus_fama_over_atr,0.722350001335144,-0.2685064427907037,-0.2929417146787666,4.0,asset,0
largest_gains,2022-03-18 08:30:00,3,atr_over_price_48,0.006163779646158218,-0.2507001266619764,-0.2929417146787666,4.0,asset,0
largest_gains,2022-03-18 08:30:00,4,ret_48,0.011041749268770218,-0.13549711799846498,-0.2929417146787666,4.0,asset,0
largest_gains,2022-03-18 08:30:00,5,close_over_bb_upper_192,-0.026440605521202087,-0.1092402960033812,-0.2929417146787666,4.0,asset,0
largest_gains,2022-04-01 11:00:00,1,bollinger_bandwidth,0.06412584022339747,0.7128077139512491,-0.23245023673277473,4.0,asset,0
largest_gains,2022-04-01 11:00:00,2,bollinger_bandwidth_rank_192,0.1875,-0.3850575513585011,-0.23245023673277473,4.0,asset,0
largest_gains,2022-04-01 11:00:00,3,atr_over_price_48,0.0062727960757911205,-0.3292785151099299,-0.23245023673277473,4.0,asset,0
largest_gains,2022-04-01 11:00:00,4,atr_pct,0.0062727960757911205,-0.19517542712129368,-0.23245023673277473,4.0,asset,0
largest_gains,2022-04-01 11:00:00,5,atr_48,20.698345464843502,-0.18114695318177262,-0.23245023673277473,4.0,asset,0
top_ranked_predictions,2022-09-08 06:00:00,1,ret_48,0.07410334795713425,0.34593564149165595,2.8555759100661353,-0.014574953580735149,asset,1
top_ranked_predictions,2022-09-08 06:00:00,2,bollinger_bandwidth_rank_192,1.0,0.2911775683206629,2.8555759100661353,-0.014574953580735149,asset,1
top_ranked_predictions,2022-09-08 06:00:00,3,vol_rolling_96,0.007680379333092911,0.28530312057315405,2.8555759100661353,-0.014574953580735149,asset,1
top_ranked_predictions,2022-09-08 06:00:00,4,bollinger_bandwidth,0.11587895740615109,0.25915274942677513,2.8555759100661353,-0.014574953580735149,asset,1
top_ranked_predictions,2022-09-08 06:00:00,5,atr_48,13.722170632873286,0.23847400963458362,2.8555759100661353,-0.014574953580735149,asset,1
top_ranked_predictions,2022-06-17 00:00:00,1,atr_over_price_48,0.024506933987140656,0.7375179974604884,2.7641591822166185,0.501021393416707,asset,1
top_ranked_predictions,2022-06-17 00:00:00,2,vol_rolling_96,0.0163477906619987,0.5915824740409369,2.7641591822166185,0.501021393416707,asset,1
top_ranked_predictions,2022-06-17 00:00:00,3,ema_trend_48_192,-0.07972794026136398,0.4970088984609773,2.7641591822166185,0.501021393416707,asset,1
top_ranked_predictions,2022-06-17 00:00:00,4,ret_48,-0.126437246799469,0.4028893889866044,2.7641591822166185,0.501021393416707,asset,1
top_ranked_predictions,2022-06-17 00:00:00,5,atr_48,26.346180369631874,-0.3266925744030556,2.7641591822166185,0.501021393416707,asset,1
top_ranked_predictions,2022-09-08 02:00:00,1,vol_rolling_96,0.0077977381018513965,0.332525242117628,2.499195941757526,0.6319513384931575,asset,1
top_ranked_predictions,2022-09-08 02:00:00,2,bollinger_bandwidth_rank_192,1.0,0.2909497340649712,2.499195941757526,0.6319513384931575,asset,1
top_ranked_predictions,2022-09-08 02:00:00,3,ret_48,0.08544272184371948,0.2533066578946574,2.499195941757526,0.6319513384931575,asset,1
top_ranked_predictions,2022-09-08 02:00:00,4,bollinger_bandwidth,0.11441440168986099,0.2322730490288435,2.499195941757526,0.6319513384931575,asset,1
top_ranked_predictions,2022-09-08 02:00:00,5,atr_48,14.558082940273456,0.2314157662573866,2.499195941757526,0.6319513384931575,asset,1
worst_predictions,2022-07-17 11:30:00,1,bollinger_bandwidth,0.31416613997378856,-1.6384000979070645,-2.776496431095273,-1.5950866547212703,asset,1
worst_predictions,2022-07-17 11:30:00,2,ema_trend_48_192,0.07568797469139099,-0.5119096100897529,-2.776496431095273,-1.5950866547212703,asset,1
worst_predictions,2022-07-17 11:30:00,3,atr_pct_rank_192,0.8020833134651184,-0.186010885113985,-2.776496431095273,-1.5950866547212703,asset,1
worst_predictions,2022-07-17 11:30:00,4,distance_from_ema96_atr,4.864213466644287,-0.181177649264647,-2.776496431095273,-1.5950866547212703,asset,1
worst_predictions,2022-07-17 11:30:00,5,close_over_bb_upper_192,-0.022849079221487045,-0.17742163317768442,-2.776496431095273,-1.5950866547212703,asset,1
worst_predictions,2022-09-05 10:30:00,1,bollinger_bandwidth,0.05065092262871272,-0.8502453742441762,-2.1184201691238544,4.0,asset,1
worst_predictions,2022-09-05 10:30:00,2,atr_over_price_48,0.005502243060618639,-0.7468480605590118,-2.1184201691238544,4.0,asset,1
worst_predictions,2022-09-05 10:30:00,3,atr_48,8.59642933703989,-0.27739602270897806,-2.1184201691238544,4.0,asset,1
worst_predictions,2022-09-05 10:30:00,4,vol_rolling_96,0.0027640218740878635,-0.2747005604249184,-2.1184201691238544,4.0,asset,1
worst_predictions,2022-09-05 10:30:00,5,ema_trend_48_192,0.0013500114437192678,-0.2207301270187087,-2.1184201691238544,4.0,asset,1
worst_predictions,2022-09-05 03:00:00,1,bollinger_bandwidth,0.052335029031767934,-0.8888638940849841,-1.9768360886903558,2.135873686701046,asset,1
worst_predictions,2022-09-05 03:00:00,2,atr_over_price_48,0.00573375727981329,-0.46729164415583424,-1.9768360886903558,2.135873686701046,asset,1
worst_predictions,2022-09-05 03:00:00,3,vol_rolling_96,0.00302294173566538,-0.36480950339558,-1.9768360886903558,2.135873686701046,asset,1
worst_predictions,2022-09-05 03:00:00,4,vol_rolling_192,0.0044474050186025064,-0.22588185369696206,-1.9768360886903558,2.135873686701046,asset,1
worst_predictions,2022-09-05 03:00:00,5,atr_pct_rank_192,0.03125,0.16021611165242292,-1.9768360886903558,2.135873686701046,asset,1
largest_losses,2022-08-14 08:00:00,1,vol_rolling_48,0.0031337289808112457,0.470112123910438,1.522302747597967,-4.0,asset,1
largest_losses,2022-08-14 08:00:00,2,ema_trend_48_192,0.03754733130335808,0.42438181543773235,1.522302747597967,-4.0,asset,1
largest_losses,2022-08-14 08:00:00,3,atr_48,12.614339570028626,0.3809245598088376,1.522302747597967,-4.0,asset,1
largest_losses,2022-08-14 08:00:00,4,atr_over_price_48,0.0062665934674441814,0.24217141983748308,1.522302747597967,-4.0,asset,1
largest_losses,2022-08-14 08:00:00,5,vol_rolling_192,0.006579765803603849,0.20407460029988508,1.522302747597967,-4.0,asset,1
largest_losses,2022-08-21 19:30:00,1,bollinger_bandwidth,0.2546860630685072,-0.7148301917894527,-1.8984039228126373,-4.0,asset,1
largest_losses,2022-08-21 19:30:00,2,close_over_bb_upper_192,-0.15878410637378693,-0.37829658126130633,-1.8984039228126373,-4.0,asset,1
largest_losses,2022-08-21 19:30:00,3,ema_trend_48_192,-0.04714750126004219,0.345417844780082,-1.8984039228126373,-4.0,asset,1
largest_losses,2022-08-21 19:30:00,4,ret_48,0.038820669054985046,-0.31466788043157684,-1.8984039228126373,-4.0,asset,1
largest_losses,2022-08-21 19:30:00,5,close_over_bb_mid_192,-0.05166113004088402,-0.2817678854438359,-1.8984039228126373,-4.0,asset,1
largest_losses,2022-07-20 18:30:00,1,bollinger_bandwidth,0.24989705436039353,-0.494819450840524,-0.47791226517086166,-4.0,asset,1
largest_losses,2022-07-20 18:30:00,2,ema_trend_48_192,0.0646435096859932,-0.33860102494910915,-0.47791226517086166,-4.0,asset,1
largest_losses,2022-07-20 18:30:00,3,vol_rolling_192,0.009065768787524542,-0.26071082335808143,-0.47791226517086166,-4.0,asset,1
largest_losses,2022-07-20 18:30:00,4,close_over_bb_mid_192,0.061313316226005554,0.23838840822505242,-0.47791226517086166,-4.0,asset,1
largest_losses,2022-07-20 18:30:00,5,atr_48,21.141359661682635,-0.19073000692834272,-0.47791226517086166,-4.0,asset,1
largest_gains,2022-07-16 10:30:00,1,bollinger_bandwidth,0.25210617743743813,-0.44445988279001714,0.9848062488881345,4.0,asset,1
largest_gains,2022-07-16 10:30:00,2,bollinger_bandwidth_rank_192,0.9375,0.27891372853970864,0.9848062488881345,4.0,asset,1
largest_gains,2022-07-16 10:30:00,3,close_over_bb_mid_192,0.054503217339515686,0.2363387600741179,0.9848062488881345,4.0,asset,1
largest_gains,2022-07-16 10:30:00,4,ema_trend_48_192,0.03694817051291466,0.21952468337778722,0.9848062488881345,4.0,asset,1
largest_gains,2022-07-16 10:30:00,5,close_over_bb_upper_192,-0.06354040652513504,0.13922060832760133,0.9848062488881345,4.0,asset,1
largest_gains,2022-09-09 03:00:00,1,ema_trend_48_192,0.01718182861804962,-0.31326762959580934,0.17099015097505327,4.0,asset,1
largest_gains,2022-09-09 03:00:00,2,bollinger_bandwidth,0.11907379431159495,0.2563454391111667,0.17099015097505327,4.0,asset,1
largest_gains,2022-09-09 03:00:00,3,atr_48,13.823693306615557,0.17125131807670668,0.17099015097505327,4.0,asset,1
largest_gains,2022-09-09 03:00:00,4,bollinger_bandwidth_rank_192,1.0,0.09990084626448245,0.17099015097505327,4.0,asset,1
largest_gains,2022-09-09 03:00:00,5,close_minus_decycler_over_atr,0.6379062533378601,-0.0557956497298486,0.17099015097505327,4.0,asset,1
largest_gains,2022-08-10 20:00:00,1,vol_rolling_24,0.01434982479461117,-0.4218156558520565,1.2231110194921984,4.0,asset,1
largest_gains,2022-08-10 20:00:00,2,vol_rolling_48,0.010686985785843543,-0.39395030602242276,1.2231110194921984,4.0,asset,1
largest_gains,2022-08-10 20:00:00,3,atr_48,14.986589907118042,0.38407007711065416,1.2231110194921984,4.0,asset,1
largest_gains,2022-08-10 20:00:00,4,mama_minus_fama_over_atr,4.210512638092041,0.3775384075870606,1.2231110194921984,4.0,asset,1
largest_gains,2022-08-10 20:00:00,5,vol_rolling_96,0.008387366896768372,0.37292486064993735,1.2231110194921984,4.0,asset,1
top_ranked_predictions,2022-10-14 17:00:00,1,bollinger_bandwidth,0.06822512340838437,0.76952397710872,3.0502908457943554,-1.053593093087044,asset,2
top_ranked_predictions,2022-10-14 17:00:00,2,bollinger_bandwidth_rank_192,1.0,0.5824451085640512,3.0502908457943554,-1.053593093087044,asset,2
top_ranked_predictions,2022-10-14 17:00:00,3,close_over_bb_upper_192,-0.022813519462943077,0.3256337621792291,3.0502908457943554,-1.053593093087044,asset,2
top_ranked_predictions,2022-10-14 17:00:00,4,atr_pct_rank_192,0.9114583134651184,0.29181739289755815,3.0502908457943554,-1.053593093087044,asset,2
top_ranked_predictions,2022-10-14 17:00:00,5,atr_48,8.826937136376536,0.2832350549554161,3.0502908457943554,-1.053593093087044,asset,2
top_ranked_predictions,2022-10-14 08:00:00,1,bollinger_bandwidth,0.06360168966020288,0.8792055047509151,2.8916098303278375,-2.1119345404468532,asset,2
top_ranked_predictions,2022-10-14 08:00:00,2,bollinger_bandwidth_rank_192,0.90625,0.4516960340691107,2.8916098303278375,-2.1119345404468532,asset,2
top_ranked_predictions,2022-10-14 08:00:00,3,atr_48,8.475641482814291,0.3784353630694399,2.8916098303278375,-2.1119345404468532,asset,2
top_ranked_predictions,2022-10-14 08:00:00,4,close_over_bb_upper_192,-0.008903260342776775,0.351724675546948,2.8916098303278375,-2.1119345404468532,asset,2
top_ranked_predictions,2022-10-14 08:00:00,5,vol_rolling_192,0.0047371289728178065,-0.21795360579701067,2.8916098303278375,-2.1119345404468532,asset,2
top_ranked_predictions,2022-12-09 02:00:00,1,bollinger_bandwidth,0.06891018535557641,0.728385726825085,2.613876827641943,-2.2843988865991287,asset,2
top_ranked_predictions,2022-12-09 02:00:00,2,vol_rolling_96,0.003790590450546095,0.47753920321847587,2.613876827641943,-2.2843988865991287,asset,2
top_ranked_predictions,2022-12-09 02:00:00,3,bollinger_bandwidth_rank_192,0.8645833134651184,0.30060892811509604,2.613876827641943,-2.2843988865991287,asset,2
top_ranked_predictions,2022-12-09 02:00:00,4,atr_over_price_48,0.004519939888268709,0.22743975158403337,2.613876827641943,-2.2843988865991287,asset,2
top_ranked_predictions,2022-12-09 02:00:00,5,atr_48,5.8002129478032405,0.20166760347728727,2.613876827641943,-2.2843988865991287,asset,2
worst_predictions,2022-12-05 07:30:00,1,bollinger_bandwidth,0.038559091622291285,-0.787528265688197,-3.899336975071553,-4.0,asset,2
worst_predictions,2022-12-05 07:30:00,2,vol_rolling_192,0.002754724290914025,-0.7444820472475465,-3.899336975071553,-4.0,asset,2
worst_predictions,2022-12-05 07:30:00,3,vol_rolling_96,0.0028024013687145207,-0.5399781226361262,-3.899336975071553,-4.0,asset,2
worst_predictions,2022-12-05 07:30:00,4,vol_rolling_48,0.00253580874630231,-0.47069416541155523,-3.899336975071553,-4.0,asset,2
worst_predictions,2022-12-05 07:30:00,5,vol_rolling_24,0.002530662936867277,-0.37379199887743303,-3.899336975071553,-4.0,asset,2
worst_predictions,2022-11-20 09:30:00,1,bollinger_bandwidth,0.025819387475074885,-1.9958781147284352,-3.4416334725164828,-4.0,asset,2
worst_predictions,2022-11-20 09:30:00,2,vol_rolling_96,0.002472792672281805,-0.9597080090384785,-3.4416334725164828,-4.0,asset,2
worst_predictions,2022-11-20 09:30:00,3,bollinger_bandwidth_rank_192,0.0052083334885537624,-0.3002772207707847,-3.4416334725164828,-4.0,asset,2
worst_predictions,2022-11-20 09:30:00,4,atr_over_price_48,0.003716524690389633,-0.2812448866804397,-3.4416334725164828,-4.0,asset,2
worst_predictions,2022-11-20 09:30:00,5,close_over_bb_upper_192,-0.015318461693823338,0.1837888386661648,-3.4416334725164828,-4.0,asset,2
worst_predictions,2022-11-20 08:30:00,1,bollinger_bandwidth,0.026553764217606343,-2.0544237975276443,-3.4183135428968594,-4.0,asset,2
worst_predictions,2022-11-20 08:30:00,2,vol_rolling_96,0.0024762789966162636,-0.9267975138603712,-3.4183135428968594,-4.0,asset,2
worst_predictions,2022-11-20 08:30:00,3,atr_over_price_48,0.003768824739381671,-0.26939400827834525,-3.4183135428968594,-4.0,asset,2
worst_predictions,2022-11-20 08:30:00,4,bollinger_bandwidth_rank_192,0.0052083334885537624,-0.20691992184273628,-3.4183135428968594,-4.0,asset,2
worst_predictions,2022-11-20 08:30:00,5,close_over_bb_upper_192,-0.015609842725098133,0.18935543491348636,-3.4183135428968594,-4.0,asset,2
largest_losses,2022-11-09 09:00:00,1,bollinger_percent_b,-0.1544287858107472,-0.39204720439992935,0.7110949526852566,-4.0,asset,2
largest_losses,2022-11-09 09:00:00,2,ret_48,-0.16629205644130707,0.3882441658494625,0.7110949526852566,-4.0,asset,2
largest_losses,2022-11-09 09:00:00,3,bollinger_bandwidth,0.29366702933182615,-0.32525714794681587,0.7110949526852566,-4.0,asset,2
largest_losses,2022-11-09 09:00:00,4,close_over_bb_upper_192,-0.2956119477748871,-0.31504290552165987,0.7110949526852566,-4.0,asset,2
largest_losses,2022-11-09 09:00:00,5,vol_rolling_192,0.009731913803801942,0.2777335617207469,0.7110949526852566,-4.0,asset,2
largest_losses,2022-11-20 09:30:00,1,bollinger_bandwidth,0.025819387475074885,-1.9958781147284352,-3.4416334725164828,-4.0,asset,2
largest_losses,2022-11-20 09:30:00,2,vol_rolling_96,0.002472792672281805,-0.9597080090384785,-3.4416334725164828,-4.0,asset,2
largest_losses,2022-11-20 09:30:00,3,bollinger_bandwidth_rank_192,0.0052083334885537624,-0.3002772207707847,-3.4416334725164828,-4.0,asset,2
largest_losses,2022-11-20 09:30:00,4,atr_over_price_48,0.003716524690389633,-0.2812448866804397,-3.4416334725164828,-4.0,asset,2
largest_losses,2022-11-20 09:30:00,5,close_over_bb_upper_192,-0.015318461693823338,0.1837888386661648,-3.4416334725164828,-4.0,asset,2
largest_losses,2022-10-10 14:00:00,1,vol_rolling_192,0.002913591637258982,-0.39681304138826995,0.5743621648284236,-4.0,asset,2
largest_losses,2022-10-10 14:00:00,2,ema_trend_48_192,-0.006679398939013481,0.39524723662079775,0.5743621648284236,-4.0,asset,2
largest_losses,2022-10-10 14:00:00,3,bollinger_bandwidth,0.04840818058320733,0.30556075980115416,0.5743621648284236,-4.0,asset,2
largest_losses,2022-10-10 14:00:00,4,close_over_bb_upper_192,-0.03549222648143768,0.14023091031764487,0.5743621648284236,-4.0,asset,2
largest_losses,2022-10-10 14:00:00,5,vol_rolling_48,0.00286273953806041,-0.12354282873919419,0.5743621648284236,-4.0,asset,2
largest_gains,2022-12-08 14:00:00,1,vol_rolling_192,0.003001919528601173,-1.246736578840296,0.5551596527917458,4.0,asset,2
largest_gains,2022-12-08 14:00:00,2,bollinger_bandwidth,0.06912691159493105,0.6380638058296705,0.5551596527917458,4.0,asset,2
largest_gains,2022-12-08 14:00:00,3,vol_rolling_48,0.001986499211587407,0.5023873435165452,0.5551596527917458,4.0,asset,2
largest_gains,2022-12-08 14:00:00,4,vol_rolling_24,0.002037604384770701,-0.358515379870043,0.5551596527917458,4.0,asset,2
largest_gains,2022-12-08 14:00:00,5,bollinger_bandwidth_rank_192,1.0,0.327128905279637,0.5551596527917458,4.0,asset,2
largest_gains,2022-11-04 12:00:00,1,bollinger_bandwidth,0.05743775077651064,0.38881771523019687,0.04534584957343625,4.0,asset,2
largest_gains,2022-11-04 12:00:00,2,bollinger_bandwidth_rank_192,0.2395833283662796,-0.32301251529326636,0.04534584957343625,4.0,asset,2
largest_gains,2022-11-04 12:00:00,3,atr_over_price_48,0.006091261748224497,-0.2943636455708928,0.04534584957343625,4.0,asset,2
largest_gains,2022-11-04 12:00:00,4,close_over_bb_upper_192,-0.020442035049200058,0.22473020604329075,0.04534584957343625,4.0,asset,2
largest_gains,2022-11-04 12:00:00,5,vol_rolling_192,0.0059181977043622205,-0.17433929591435038,0.04534584957343625,4.0,asset,2
largest_gains,2022-09-28 07:00:00,1,mama_minus_fama_over_atr,-2.716660261154175,0.33176345342020686,1.0021138972602914,4.0,asset,2
largest_gains,2022-09-28 07:00:00,2,ret_48,-0.07864157855510712,0.25507304367866757,1.0021138972602914,4.0,asset,2
largest_gains,2022-09-28 07:00:00,3,bollinger_bandwidth,0.08683555223720078,0.23265454154809848,1.0021138972602914,4.0,asset,2
largest_gains,2022-09-28 07:00:00,4,atr_48,11.173961673198441,-0.2063915249910904,1.0021138972602914,4.0,asset,2
largest_gains,2022-09-28 07:00:00,5,vol_rolling_96,0.005994962688645255,-0.1806442271062314,1.0021138972602914,4.0,asset,2
top_ranked_predictions,2023-02-13 12:30:00,1,vol_rolling_192,0.003641903100130359,0.7666019758758176,2.440124525058982,1.8404502780245982,asset,3
top_ranked_predictions,2023-02-13 12:30:00,2,vol_rolling_96,0.0032252040470106395,0.4603677487113754,2.440124525058982,1.8404502780245982,asset,3
top_ranked_predictions,2023-02-13 12:30:00,3,ema_trend_48_192,-0.01934739388525486,0.45077139715655823,2.440124525058982,1.8404502780245982,asset,3
top_ranked_predictions,2023-02-13 12:30:00,4,atr_over_price_48,0.0049831448122859,-0.3235380640795861,2.440124525058982,1.8404502780245982,asset,3
top_ranked_predictions,2023-02-13 12:30:00,5,bollinger_bandwidth,0.0773400274136598,0.2992776783464432,2.440124525058982,1.8404502780245982,asset,3
top_ranked_predictions,2023-01-14 13:30:00,1,atr_pct_rank_192,0.953125,0.4428733789432786,2.119064668708208,-0.42237640081968547,asset,3
top_ranked_predictions,2023-01-14 13:30:00,2,bollinger_bandwidth_rank_192,1.0,0.4319934385166368,2.119064668708208,-0.42237640081968547,asset,3
top_ranked_predictions,2023-01-14 13:30:00,3,vol_rolling_192,0.005611877886592629,-0.3719799042880954,2.119064668708208,-0.42237640081968547,asset,3
top_ranked_predictions,2023-01-14 13:30:00,4,mama_minus_fama_over_atr,3.5087361335754395,0.17347752569246117,2.119064668708208,-0.42237640081968547,asset,3
top_ranked_predictions,2023-01-14 13:30:00,5,vol_rolling_96,0.00695810655916674,0.17340440532336107,2.119064668708208,-0.42237640081968547,asset,3
top_ranked_predictions,2023-02-13 16:00:00,1,vol_rolling_192,0.003680104680905352,0.7868809535046012,2.0853833284787058,3.6168063029246897,asset,3
top_ranked_predictions,2023-02-13 16:00:00,2,bollinger_bandwidth,0.0630502739899693,0.567609961366069,2.0853833284787058,3.6168063029246897,asset,3
top_ranked_predictions,2023-02-13 16:00:00,3,vol_rolling_96,0.0033570363144942656,0.4645745807806326,2.0853833284787058,3.6168063029246897,asset,3
top_ranked_predictions,2023-02-13 16:00:00,4,ema_trend_48_192,-0.021681804209947586,0.44318874716519235,2.0853833284787058,3.6168063029246897,asset,3
top_ranked_predictions,2023-02-13 16:00:00,5,bollinger_percent_b,-0.057743093876013334,-0.33784521928147854,2.0853833284787058,3.6168063029246897,asset,3
worst_predictions,2023-02-11 09:30:00,1,atr_over_price_48,0.005078879650682211,-0.7027841491213498,-2.54853971936932,1.5843592296084712,asset,3
worst_predictions,2023-02-11 09:30:00,2,vol_rolling_24,0.0012552179236271425,-0.3964550966434373,-2.54853971936932,1.5843592296084712,asset,3
worst_predictions,2023-02-11 09:30:00,3,bollinger_bandwidth_rank_192,1.0,0.29363941540090166,-2.54853971936932,1.5843592296084712,asset,3
worst_predictions,2023-02-11 09:30:00,4,close_over_bb_upper_192,-0.11680691689252853,-0.28656138736209885,-2.54853971936932,1.5843592296084712,asset,3
worst_predictions,2023-02-11 09:30:00,5,vol_rolling_48,0.003093729091927172,-0.28336545221749904,-2.54853971936932,1.5843592296084712,asset,3
worst_predictions,2023-02-21 13:30:00,1,bollinger_bandwidth,0.024973827319684262,-1.6809859228784954,-2.353287261514768,-2.907641358353682,asset,3
worst_predictions,2023-02-21 13:30:00,2,vol_rolling_96,0.0036691391089187803,0.341433619391559,-2.353287261514768,-2.907641358353682,asset,3
worst_predictions,2023-02-21 13:30:00,3,vol_rolling_192,0.0033204151535838338,0.3044058746263651,-2.353287261514768,-2.907641358353682,asset,3
worst_predictions,2023-02-21 13:30:00,4,atr_48,8.32289715871333,-0.30087744765331703,-2.353287261514768,-2.907641358353682,asset,3
worst_predictions,2023-02-21 13:30:00,5,bollinger_percent_b,-0.07142333000722878,-0.28275437028372274,-2.353287261514768,-2.907641358353682,asset,3
worst_predictions,2023-02-19 17:30:00,1,ema_trend_48_192,0.01612846739590168,-0.8875158397520775,-2.319729568459085,0.931838651021182,asset,3
worst_predictions,2023-02-19 17:30:00,2,bollinger_bandwidth,0.048498894607153065,-0.7988255075397267,-2.319729568459085,0.931838651021182,asset,3
worst_predictions,2023-02-19 17:30:00,3,atr_over_price_48,0.004591959062963724,-0.3205424374300224,-2.319729568459085,0.931838651021182,asset,3
worst_predictions,2023-02-19 17:30:00,4,vol_rolling_24,0.003098527215487668,-0.21823327509512713,-2.319729568459085,0.931838651021182,asset,3
worst_predictions,2023-02-19 17:30:00,5,frama_slope_over_atr,-0.8416499495506287,0.1652463242415899,-2.319729568459085,0.931838651021182,asset,3
largest_losses,2023-02-09 14:30:00,1,atr_over_price_48,0.00468822568655014,-0.43053173101215003,-1.2108451018887045,-4.0,asset,3
largest_losses,2023-02-09 14:30:00,2,bollinger_bandwidth,0.044459110967304344,-0.274101174673036,-1.2108451018887045,-4.0,asset,3
largest_losses,2023-02-09 14:30:00,3,vol_rolling_24,0.002900439345402785,-0.17543029720744086,-1.2108451018887045,-4.0,asset,3
largest_losses,2023-02-09 14:30:00,4,ret_48,-0.019926397129893303,0.15088653831452511,-1.2108451018887045,-4.0,asset,3
largest_losses,2023-02-09 14:30:00,5,mama_minus_fama_over_atr,-1.598524570465088,-0.13988597920999196,-1.2108451018887045,-4.0,asset,3
largest_losses,2023-02-19 13:30:00,1,ema_trend_48_192,0.01672438718378544,-0.5463758174928065,0.37167938209681395,-4.0,asset,3
largest_losses,2023-02-19 13:30:00,2,bollinger_bandwidth,0.06958293367751008,0.3968314236782576,0.37167938209681395,-4.0,asset,3
largest_losses,2023-02-19 13:30:00,3,vol_rolling_192,0.00418133835336053,0.32841948500719337,0.37167938209681395,-4.0,asset,3
largest_losses,2023-02-19 13:30:00,4,vol_rolling_48,0.0019804956890355336,0.2971215293968436,0.37167938209681395,-4.0,asset,3
largest_losses,2023-02-19 13:30:00,5,bollinger_bandwidth_rank_192,0.0416666679084301,-0.22343241618003454,0.37167938209681395,-4.0,asset,3
largest_losses,2023-02-09 18:30:00,1,atr_over_price_48,0.004875259008258581,-0.4768285264620619,-0.6137188420427063,-4.0,asset,3
largest_losses,2023-02-09 18:30:00,2,vol_rolling_24,0.00230075560206826,-0.36544999355053814,-0.6137188420427063,-4.0,asset,3
largest_losses,2023-02-09 18:30:00,3,vol_rolling_48,0.0027969329325255757,-0.24475659631373498,-0.6137188420427063,-4.0,asset,3
largest_losses,2023-02-09 18:30:00,4,vol_rolling_96,0.0030225484282499775,0.18582029985756762,-0.6137188420427063,-4.0,asset,3
largest_losses,2023-02-09 18:30:00,5,bollinger_bandwidth_rank_192,0.4270833432674408,-0.17058017046513663,-0.6137188420427063,-4.0,asset,3
largest_gains,2023-02-26 17:00:00,1,vol_rolling_96,0.0023853606304187844,-0.919238926411487,0.9614549049214491,4.0,asset,3
largest_gains,2023-02-26 17:00:00,2,bollinger_bandwidth,0.06702244247856995,0.6783784983249452,0.9614549049214491,4.0,asset,3
largest_gains,2023-02-26 17:00:00,3,ema_trend_48_192,-0.011366277001798153,0.41829802523830617,0.9614549049214491,4.0,asset,3
largest_gains,2023-02-26 17:00:00,4,bollinger_bandwidth_rank_192,0.8072916865348816,0.4077484143281128,0.9614549049214491,4.0,asset,3
largest_gains,2023-02-26 17:00:00,5,atr_48,5.495640131128176,0.33521559850510396,0.9614549049214491,4.0,asset,3
largest_gains,2023-01-08 20:30:00,1,atr_over_price_48,0.001921701361425221,0.6233996823106167,-0.4192702037503719,4.0,asset,3
largest_gains,2023-01-08 20:30:00,2,vol_rolling_96,0.0014353445969963543,-0.5532752150304827,-0.4192702037503719,4.0,asset,3
largest_gains,2023-01-08 20:30:00,3,vol_rolling_24,0.0022086596591844383,-0.42306675546168593,-0.4192702037503719,4.0,asset,3
largest_gains,2023-01-08 20:30:00,4,bollinger_bandwidth_rank_192,0.171875,-0.3697007044832464,-0.4192702037503719,4.0,asset,3
largest_gains,2023-01-08 20:30:00,5,bollinger_bandwidth,0.023845688646159678,-0.22209065711669626,-0.4192702037503719,4.0,asset,3
largest_gains,2023-01-13 12:00:00,1,bollinger_bandwidth_rank_192,1.0,0.42485243973954234,1.1181790008940198,4.0,asset,3
largest_gains,2023-01-13 12:00:00,2,vol_rolling_24,0.0023065687889681813,-0.4018479407242601,1.1181790008940198,4.0,asset,3
largest_gains,2023-01-13 12:00:00,3,vol_rolling_192,0.0037575218581370035,0.3783324251457158,1.1181790008940198,4.0,asset,3
largest_gains,2023-01-13 12:00:00,4,ema_trend_48_192,0.030690224841237068,0.30550253167907954,1.1181790008940198,4.0,asset,3
largest_gains,2023-01-13 12:00:00,5,mama_minus_fama_over_atr,0.3250693678855896,0.22340795716708717,1.1181790008940198,4.0,asset,3
top_ranked_predictions,2023-05-28 02:00:00,1,vol_rolling_192,0.00241497437690922,1.1543597503282665,2.5953336593514917,-1.9211463867766567,asset,4
top_ranked_predictions,2023-05-28 02:00:00,2,atr_48,4.736755128414756,0.4413229255619225,2.5953336593514917,-1.9211463867766567,asset,4
top_ranked_predictions,2023-05-28 02:00:00,3,roofing_filter_over_atr,2.8948445320129395,0.34732173938393196,2.5953336593514917,-1.9211463867766567,asset,4
top_ranked_predictions,2023-05-28 02:00:00,4,vol_rolling_96,0.0020374745908868903,-0.3460748482503657,2.5953336593514917,-1.9211463867766567,asset,4
top_ranked_predictions,2023-05-28 02:00:00,5,ema_trend_48_192,0.005065123550593853,0.30579728969200903,2.5953336593514917,-1.9211463867766567,asset,4
top_ranked_predictions,2023-06-03 17:30:00,1,vol_rolling_192,0.00221661256853158,0.8119454421737626,2.0527124377075485,0.31455280636272503,asset,4
top_ranked_predictions,2023-06-03 17:30:00,2,vol_rolling_96,0.0017364513571305458,-0.4794039817569916,2.0527124377075485,0.31455280636272503,asset,4
top_ranked_predictions,2023-06-03 17:30:00,3,atr_48,4.609718847425512,0.449784352284027,2.0527124377075485,0.31455280636272503,asset,4
top_ranked_predictions,2023-06-03 17:30:00,4,vol_rolling_24,0.0010711297597352414,-0.41515761856549943,2.0527124377075485,0.31455280636272503,asset,4
top_ranked_predictions,2023-06-03 17:30:00,5,atr_over_price_48,0.0024380371905863285,0.34566934008456285,2.0527124377075485,0.31455280636272503,asset,4
top_ranked_predictions,2023-05-01 22:30:00,1,vol_rolling_192,0.003170604851651948,0.6497848574575193,1.8564140367295636,0.40725763501402823,asset,4
top_ranked_predictions,2023-05-01 22:30:00,2,bollinger_bandwidth,0.059641020079611515,0.5549941814786681,1.8564140367295636,0.40725763501402823,asset,4
top_ranked_predictions,2023-05-01 22:30:00,3,ema_trend_48_192,-0.01665293611586094,0.2898647067067312,1.8564140367295636,0.40725763501402823,asset,4
top_ranked_predictions,2023-05-01 22:30:00,4,atr_over_price_48,0.004773473832756281,-0.1878581299669474,1.8564140367295636,0.40725763501402823,asset,4
top_ranked_predictions,2023-05-01 22:30:00,5,vol_rolling_96,0.003954260421472606,0.15280671949116076,1.8564140367295636,0.40725763501402823,asset,4
worst_predictions,2023-05-04 10:00:00,1,vol_rolling_96,0.0026813409765706294,-1.0565026918751745,-2.874714013113099,-4.0,asset,4
worst_predictions,2023-05-04 10:00:00,2,vol_rolling_192,0.0034147433994225276,-0.5231587096180691,-2.874714013113099,-4.0,asset,4
worst_predictions,2023-05-04 10:00:00,3,atr_over_price_48,0.004020308144390583,-0.37558574917360144,-2.874714013113099,-4.0,asset,4
worst_predictions,2023-05-04 10:00:00,4,vol_rolling_24,0.0013314363942370233,-0.36554461288434414,-2.874714013113099,-4.0,asset,4
worst_predictions,2023-05-04 10:00:00,5,mama_minus_fama_over_atr,2.3465373516082764,-0.26750615247937914,-2.874714013113099,-4.0,asset,4
worst_predictions,2023-06-13 00:00:00,1,vol_rolling_96,0.002464435892127927,-1.114283547107197,-2.8667006821639958,1.3222255133131051,asset,4
worst_predictions,2023-06-13 00:00:00,2,atr_over_price_48,0.004164555575698614,-0.5277381138272748,-2.8667006821639958,1.3222255133131051,asset,4
worst_predictions,2023-06-13 00:00:00,3,vol_rolling_192,0.003089281462382875,-0.4240600175871905,-2.8667006821639958,1.3222255133131051,asset,4
worst_predictions,2023-06-13 00:00:00,4,atr_48,7.2604861298917545,0.26676272519134453,-2.8667006821639958,1.3222255133131051,asset,4
worst_predictions,2023-06-13 00:00:00,5,close_over_bb_upper_192,-0.062365949153900146,-0.18770022013055657,-2.8667006821639958,1.3222255133131051,asset,4
worst_predictions,2023-04-18 12:00:00,1,bollinger_bandwidth,0.02482628155920836,-1.5437344488975915,-2.7610763182777895,-1.78563988185714,asset,4
worst_predictions,2023-04-18 12:00:00,2,atr_over_price_48,0.0037879685405641794,-0.3947061709189479,-2.7610763182777895,-1.78563988185714,asset,4
worst_predictions,2023-04-18 12:00:00,3,ema_trend_48_192,0.008206757716834545,-0.31311878749622246,-2.7610763182777895,-1.78563988185714,asset,4
worst_predictions,2023-04-18 12:00:00,4,vol_rolling_24,0.0023913052925402475,-0.21249726620247703,-2.7610763182777895,-1.78563988185714,asset,4
worst_predictions,2023-04-18 12:00:00,5,atr_pct,0.0037879685405641794,-0.20356566814762908,-2.7610763182777895,-1.78563988185714,asset,4
largest_losses,2023-05-04 10:00:00,1,vol_rolling_96,0.0026813409765706294,-1.0565026918751745,-2.874714013113099,-4.0,asset,4
largest_losses,2023-05-04 10:00:00,2,vol_rolling_192,0.0034147433994225276,-0.5231587096180691,-2.874714013113099,-4.0,asset,4
largest_losses,2023-05-04 10:00:00,3,atr_over_price_48,0.004020308144390583,-0.37558574917360144,-2.874714013113099,-4.0,asset,4
largest_losses,2023-05-04 10:00:00,4,vol_rolling_24,0.0013314363942370233,-0.36554461288434414,-2.874714013113099,-4.0,asset,4
largest_losses,2023-05-04 10:00:00,5,mama_minus_fama_over_atr,2.3465373516082764,-0.26750615247937914,-2.874714013113099,-4.0,asset,4
largest_losses,2023-05-30 20:30:00,1,vol_rolling_192,0.002336696871988495,0.5728384287128104,1.3257157681788445,-4.0,asset,4
largest_losses,2023-05-30 20:30:00,2,bollinger_bandwidth,0.07161748379724504,0.3970788435680686,1.3257157681788445,-4.0,asset,4
largest_losses,2023-05-30 20:30:00,3,bollinger_bandwidth_rank_192,0.9895833134651184,0.33560810174119515,1.3257157681788445,-4.0,asset,4
largest_losses,2023-05-30 20:30:00,4,ema_trend_48_192,0.01448745559900999,-0.2759608711758898,1.3257157681788445,-4.0,asset,4
largest_losses,2023-05-30 20:30:00,5,atr_48,6.243939908969766,0.22894356929707207,1.3257157681788445,-4.0,asset,4
largest_losses,2023-03-27 05:30:00,1,vol_rolling_96,0.003374169489390249,0.6348219739791997,0.04493339486241805,-4.0,asset,4
largest_losses,2023-03-27 05:30:00,2,bollinger_bandwidth_rank_192,0.0989583358168602,-0.3400568150782868,0.04493339486241805,-4.0,asset,4
largest_losses,2023-03-27 05:30:00,3,bollinger_bandwidth,0.05969179605082795,0.2712996103001854,0.04493339486241805,-4.0,asset,4
largest_losses,2023-03-27 05:30:00,4,vol_rolling_24,0.002497549010038227,-0.2419603867967101,0.04493339486241805,-4.0,asset,4
largest_losses,2023-03-27 05:30:00,5,ret_24,-0.009162118658423424,-0.21821119645498316,0.04493339486241805,-4.0,asset,4
largest_gains,2023-04-04 22:30:00,1,ema_trend_48_192,0.015317723155021667,-0.49489889525898273,-0.31538480887967524,4.0,asset,4
largest_gains,2023-04-04 22:30:00,2,bollinger_bandwidth,0.05150746998279007,-0.4505854559239392,-0.31538480887967524,4.0,asset,4
largest_gains,2023-04-04 22:30:00,3,atr_pct_rank_192,0.8385416865348816,0.175808139470738,-0.31538480887967524,4.0,asset,4
largest_gains,2023-04-04 22:30:00,4,mama_minus_fama_over_atr,2.490941047668457,-0.15777552116077742,-0.31538480887967524,4.0,asset,4
largest_gains,2023-04-04 22:30:00,5,atr_over_price_48,0.0048957522958517075,-0.09941535526628346,-0.31538480887967524,4.0,asset,4
largest_gains,2023-05-03 14:00:00,1,bollinger_bandwidth,0.06619597194745853,0.5784336538020441,0.788865177278854,4.0,asset,4
largest_gains,2023-05-03 14:00:00,2,atr_over_price_48,0.0037281105760484934,-0.37719531316714916,0.788865177278854,4.0,asset,4
largest_gains,2023-05-03 14:00:00,3,vol_rolling_48,0.00203275062841947,-0.3267840339117351,0.788865177278854,4.0,asset,4
largest_gains,2023-05-03 14:00:00,4,vol_rolling_96,0.002760488538646495,0.2972076030002474,0.788865177278854,4.0,asset,4
largest_gains,2023-05-03 14:00:00,5,vol_rolling_24,0.0018188567743841822,-0.28979637926553964,0.788865177278854,4.0,asset,4
largest_gains,2023-05-03 11:00:00,1,bollinger_bandwidth,0.06742082851709197,0.6046722817583026,0.3519577184970258,4.0,asset,4
largest_gains,2023-05-03 11:00:00,2,bollinger_bandwidth_rank_192,0.7135416865348816,0.33517464391970403,0.3519577184970258,4.0,asset,4
largest_gains,2023-05-03 11:00:00,3,atr_48,6.71153080296361,0.31401678083337076,0.3519577184970258,4.0,asset,4
largest_gains,2023-05-03 11:00:00,4,vol_rolling_192,0.0032248758981273376,-0.29226077476315615,0.3519577184970258,4.0,asset,4
largest_gains,2023-05-03 11:00:00,5,vol_rolling_24,0.0014800398043889596,-0.27250014693380614,0.3519577184970258,4.0,asset,4
top_ranked_predictions,2023-07-05 21:30:00,1,vol_rolling_192,0.0022263991368330163,1.3748235538367042,2.4647278165001247,4.0,asset,5
top_ranked_predictions,2023-07-05 21:30:00,2,atr_pct_rank_192,0.3177083432674408,0.29962697692075585,2.4647278165001247,4.0,asset,5
top_ranked_predictions,2023-07-05 21:30:00,3,ret_48,-0.015654368326067924,0.2918066719418455,2.4647278165001247,4.0,asset,5
top_ranked_predictions,2023-07-05 21:30:00,4,atr_48,6.252153114617582,0.18946894114743598,2.4647278165001247,4.0,asset,5
top_ranked_predictions,2023-07-05 21:30:00,5,mama_minus_fama_over_atr,-1.0045362710952759,0.11757685052920352,2.4647278165001247,4.0,asset,5
top_ranked_predictions,2023-08-10 08:30:00,1,atr_48,3.761704150933196,0.9438096815038877,2.2894653475491618,-0.42533913774230336,asset,5
top_ranked_predictions,2023-08-10 08:30:00,2,atr_over_price_48,0.0020331337582319975,0.9189758449404345,2.2894653475491618,-0.42533913774230336,asset,5
top_ranked_predictions,2023-08-10 08:30:00,3,bollinger_bandwidth,0.03020520741037214,-0.8421784612964944,2.2894653475491618,-0.42533913774230336,asset,5
top_ranked_predictions,2023-08-10 08:30:00,4,bollinger_bandwidth_rank_192,1.0,0.49338191264475956,2.2894653475491618,-0.42533913774230336,asset,5
top_ranked_predictions,2023-08-10 08:30:00,5,vol_rolling_192,0.0017403400902576494,-0.4279641826581296,2.2894653475491618,-0.42533913774230336,asset,5
top_ranked_predictions,2023-09-15 15:30:00,1,bollinger_bandwidth,0.06182026682118834,0.4136884504012274,2.268534552781297,4.0,asset,5
top_ranked_predictions,2023-09-15 15:30:00,2,atr_48,4.975982296911285,0.32921501120952634,2.268534552781297,4.0,asset,5
top_ranked_predictions,2023-09-15 15:30:00,3,ema_trend_48_192,0.006009731907397509,0.31158782297731125,2.268534552781297,4.0,asset,5
top_ranked_predictions,2023-09-15 15:30:00,4,vol_rolling_48,0.001643474837940311,0.2638093498556488,2.268534552781297,4.0,asset,5
top_ranked_predictions,2023-09-15 15:30:00,5,ret_48,-0.009601859375834465,0.2020644922776478,2.268534552781297,4.0,asset,5
worst_predictions,2023-06-25 22:30:00,1,bollinger_bandwidth,0.02998850930132258,-1.5128861284515325,-3.423908759409774,-2.7555958038662816,asset,5
worst_predictions,2023-06-25 22:30:00,2,ema_trend_48_192,0.010536149144172668,-0.624855720886003,-3.423908759409774,-2.7555958038662816,asset,5
worst_predictions,2023-06-25 22:30:00,3,vol_rolling_96,0.002589215474395417,-0.5536966384003441,-3.423908759409774,-2.7555958038662816,asset,5
worst_predictions,2023-06-25 22:30:00,4,atr_over_price_48,0.004363291431218386,-0.4194377361405771,-3.423908759409774,-2.7555958038662816,asset,5
worst_predictions,2023-06-25 22:30:00,5,atr_48,8.292217591542366,0.19225498264796217,-3.423908759409774,-2.7555958038662816,asset,5
worst_predictions,2023-06-25 17:30:00,1,bollinger_bandwidth,0.0306432380703869,-1.6082347840723834,-3.1866139297821485,-1.872039046632177,asset,5
worst_predictions,2023-06-25 17:30:00,2,ema_trend_48_192,0.012016418389976025,-0.6618583848833981,-3.1866139297821485,-1.872039046632177,asset,5
worst_predictions,2023-06-25 17:30:00,3,atr_over_price_48,0.0043581523932516575,-0.3976618003605979,-3.1866139297821485,-1.872039046632177,asset,5
worst_predictions,2023-06-25 17:30:00,4,bollinger_bandwidth_rank_192,0.0052083334885537624,-0.16451419942492798,-3.1866139297821485,-1.872039046632177,asset,5
worst_predictions,2023-06-25 17:30:00,5,ret_48,0.005388760473579168,-0.16227913788009699,-3.1866139297821485,-1.872039046632177,asset,5
worst_predictions,2023-06-26 02:00:00,1,bollinger_bandwidth,0.02934646193431939,-1.6100926220866192,-2.7120783856669366,2.6212615472726815,asset,5
worst_predictions,2023-06-26 02:00:00,2,atr_over_price_48,0.004557966720312834,-0.38557657348731844,-2.7120783856669366,2.6212615472726815,asset,5
worst_predictions,2023-06-26 02:00:00,3,ema_trend_48_192,0.00881254579871893,-0.3097671290435676,-2.7120783856669366,2.6212615472726815,asset,5
worst_predictions,2023-06-26 02:00:00,4,atr_48,8.5455036042882,0.28058843922279597,-2.7120783856669366,2.6212615472726815,asset,5
worst_predictions,2023-06-26 02:00:00,5,ret_24,-0.015077092684805393,-0.1538847617230325,-2.7120783856669366,2.6212615472726815,asset,5
largest_losses,2023-07-05 03:00:00,1,ret_48,-0.010482019744813442,0.22968568455519922,0.045473749402794084,-4.0,asset,5
largest_losses,2023-07-05 03:00:00,2,atr_over_price_48,0.0030550742521882057,-0.18104204042364067,0.045473749402794084,-4.0,asset,5
largest_losses,2023-07-05 03:00:00,3,vol_rolling_24,0.002143376872383038,-0.16896927677437473,0.045473749402794084,-4.0,asset,5
largest_losses,2023-07-05 03:00:00,4,bollinger_bandwidth,0.03848170771995539,0.16018775407371613,0.045473749402794084,-4.0,asset,5
largest_losses,2023-07-05 03:00:00,5,mama_minus_fama_over_atr,-1.0855273008346558,0.12239253072106492,0.045473749402794084,-4.0,asset,5
largest_losses,2023-07-14 09:00:00,1,ret_48,0.06531177461147308,-0.6952790965498129,-0.5350639307072393,-4.0,asset,5
largest_losses,2023-07-14 09:00:00,2,ema_trend_48_192,0.03048609383404255,0.5293123789271745,-0.5350639307072393,-4.0,asset,5
largest_losses,2023-07-14 09:00:00,3,vol_rolling_192,0.0028137679867854723,-0.41018431564826474,-0.5350639307072393,-4.0,asset,5
largest_losses,2023-07-14 09:00:00,4,mama_minus_fama_over_atr,2.8863987922668457,-0.3221441347312527,-0.5350639307072393,-4.0,asset,5
largest_losses,2023-07-14 09:00:00,5,atr_over_price_48,0.0040961625054478645,-0.31866366503356425,-0.5350639307072393,-4.0,asset,5
largest_losses,2023-08-17 20:00:00,1,bollinger_bandwidth,0.060901999956988404,0.4937292559663367,0.9210238384158085,-4.0,asset,5
largest_losses,2023-08-17 20:00:00,2,vol_rolling_192,0.001954090958759545,-0.4527734129865524,0.9210238384158085,-4.0,asset,5
largest_losses,2023-08-17 20:00:00,3,mama_minus_fama_over_atr,-5.445339202880859,0.32060659887138665,0.9210238384158085,-4.0,asset,5
largest_losses,2023-08-17 20:00:00,4,atr_pct_rank_192,1.0,-0.26626230850964044,0.9210238384158085,-4.0,asset,5
largest_losses,2023-08-17 20:00:00,5,ema_trend_48_192,-0.02022683434188366,0.2652507751925253,0.9210238384158085,-4.0,asset,5
largest_gains,2023-06-16 11:30:00,1,bollinger_bandwidth_rank_192,0.9375,0.3696685982953506,-0.02752394464994516,4.0,asset,5
largest_gains,2023-06-16 11:30:00,2,atr_over_price_48,0.0037059567403048277,-0.3016572286974765,-0.02752394464994516,4.0,asset,5
largest_gains,2023-06-16 11:30:00,3,ret_48,0.014121020212769508,-0.18078230993492497,-0.02752394464994516,4.0,asset,5
largest_gains,2023-06-16 11:30:00,4,ema_trend_48_192,-0.01969192922115326,0.1801876608096478,-0.02752394464994516,4.0,asset,5
largest_gains,2023-06-16 11:30:00,5,close_over_bb_upper_192,-0.07291768491268158,-0.13789805861399076,-0.02752394464994516,4.0,asset,5
largest_gains,2023-06-24 18:30:00,1,ema_trend_48_192,0.0144036915153265,-0.4086857654340469,-0.6986839268698868,4.0,asset,5
largest_gains,2023-06-24 18:30:00,2,atr_over_price_48,0.0041176145896315575,-0.24489993164984486,-0.6986839268698868,4.0,asset,5
largest_gains,2023-06-24 18:30:00,3,ret_48,-0.011469871737062931,0.2422450909350109,-0.6986839268698868,4.0,asset,5
largest_gains,2023-06-24 18:30:00,4,bollinger_bandwidth_rank_192,0.2135416716337204,-0.22534493504531372,-0.6986839268698868,4.0,asset,5
largest_gains,2023-06-24 18:30:00,5,bollinger_bandwidth,0.0781225453761621,0.18106829681880227,-0.6986839268698868,4.0,asset,5
largest_gains,2023-06-30 08:30:00,1,atr_48,8.186994008140479,0.4629501518897124,-0.05205013738077375,4.0,asset,5
largest_gains,2023-06-30 08:30:00,2,vol_rolling_96,0.0026016750645493063,-0.37399496830281187,-0.05205013738077375,4.0,asset,5
largest_gains,2023-06-30 08:30:00,3,atr_over_price_48,0.004332889337092638,-0.3475253837251484,-0.05205013738077375,4.0,asset,5
largest_gains,2023-06-30 08:30:00,4,ema_trend_48_192,0.0002623856416903436,0.24964343203060751,-0.05205013738077375,4.0,asset,5
largest_gains,2023-06-30 08:30:00,5,bollinger_bandwidth,0.038721885215002756,0.18655073969440134,-0.05205013738077375,4.0,asset,5
top_ranked_predictions,2023-10-10 08:30:00,1,vol_rolling_192,0.002282899064175724,1.1098021719742872,2.451028612696342,-4.0,asset,6
top_ranked_predictions,2023-10-10 08:30:00,2,bollinger_bandwidth,0.05719029850539071,0.515069849440928,2.451028612696342,-4.0,asset,6
top_ranked_predictions,2023-10-10 08:30:00,3,atr_over_price_48,0.0031111659482121468,-0.3365496369800621,2.451028612696342,-4.0,asset,6
top_ranked_predictions,2023-10-10 08:30:00,4,bollinger_percent_b,0.14085886763583352,0.3344536440747648,2.451028612696342,-4.0,asset,6
top_ranked_predictions,2023-10-10 08:30:00,5,bollinger_bandwidth_rank_192,0.9791666865348816,0.2828632596377765,2.451028612696342,-4.0,asset,6
top_ranked_predictions,2023-11-11 02:30:00,1,ret_48,-0.03589755669236183,0.32764485948528266,2.440994621902957,2.464488467087213,asset,6
top_ranked_predictions,2023-11-11 02:30:00,2,bollinger_bandwidth_rank_192,0.984375,0.32563766078571504,2.440994621902957,2.464488467087213,asset,6
top_ranked_predictions,2023-11-11 02:30:00,3,ema_trend_48_192,0.041579388082027435,0.31018482942771247,2.440994621902957,2.464488467087213,asset,6
top_ranked_predictions,2023-11-11 02:30:00,4,vol_rolling_192,0.004188976026364936,0.21805578244596116,2.440994621902957,2.464488467087213,asset,6
top_ranked_predictions,2023-11-11 02:30:00,5,vol_rolling_96,0.005324164413711837,0.15815767491889496,2.440994621902957,2.464488467087213,asset,6
top_ranked_predictions,2023-10-04 14:00:00,1,bollinger_bandwidth,0.06564144018525368,0.8617422502035972,2.1813502268505403,2.2376232335769175,asset,6
top_ranked_predictions,2023-10-04 14:00:00,2,atr_over_price_48,0.0035765375941991806,-0.2905220628483732,2.1813502268505403,2.2376232335769175,asset,6
top_ranked_predictions,2023-10-04 14:00:00,3,bollinger_bandwidth_rank_192,0.7135416865348816,0.2661981755967189,2.1813502268505403,2.2376232335769175,asset,6
top_ranked_predictions,2023-10-04 14:00:00,4,bollinger_percent_b,0.0807005865190417,0.2463380164441335,2.1813502268505403,2.2376232335769175,asset,6
top_ranked_predictions,2023-10-04 14:00:00,5,atr_48,5.832081024265688,0.21273928829984062,2.1813502268505403,2.2376232335769175,asset,6
worst_predictions,2023-09-25 14:00:00,1,vol_rolling_192,0.0015224655719600982,-0.8389207729213709,-2.11922448089046,3.7398275417933107,asset,6
worst_predictions,2023-09-25 14:00:00,2,atr_48,4.411968149763257,0.45203666850900764,-2.11922448089046,3.7398275417933107,asset,6
worst_predictions,2023-09-25 14:00:00,3,bollinger_bandwidth,0.01667673237088096,-0.4517813589193252,-2.11922448089046,3.7398275417933107,asset,6
worst_predictions,2023-09-25 14:00:00,4,bollinger_percent_b,-0.09516059218124576,-0.353041693560474,-2.11922448089046,3.7398275417933107,asset,6
worst_predictions,2023-09-25 14:00:00,5,atr_over_price_48,0.002803385490551591,-0.3138773271576766,-2.11922448089046,3.7398275417933107,asset,6
worst_predictions,2023-10-17 04:30:00,1,ema_trend_48_192,0.010189523920416832,-0.7759287078564311,-2.021881905244703,-1.891643352480532,asset,6
worst_predictions,2023-10-17 04:30:00,2,bollinger_bandwidth,0.04256424446448222,-0.5672084785071533,-2.021881905244703,-1.891643352480532,asset,6
worst_predictions,2023-10-17 04:30:00,3,vol_rolling_96,0.004413140087605926,-0.5023580837430832,-2.021881905244703,-1.891643352480532,asset,6
worst_predictions,2023-10-17 04:30:00,4,atr_over_price_48,0.00395848648622632,-0.3959644341749802,-2.021881905244703,-1.891643352480532,asset,6
worst_predictions,2023-10-17 04:30:00,5,bollinger_bandwidth_rank_192,0.9166666865348816,0.1803769024601323,-2.021881905244703,-1.891643352480532,asset,6
worst_predictions,2023-10-21 06:30:00,1,ema_trend_48_192,0.010629951022565365,-0.6921659767505938,-1.8560208846200006,4.0,asset,6
worst_predictions,2023-10-21 06:30:00,2,vol_rolling_192,0.0023238879297651036,0.4212899916986731,-1.8560208846200006,4.0,asset,6
worst_predictions,2023-10-21 06:30:00,3,bollinger_bandwidth,0.04847035976735911,-0.4083386794774276,-1.8560208846200006,4.0,asset,6
worst_predictions,2023-10-21 06:30:00,4,atr_over_price_48,0.003437987994402647,-0.3431790080392362,-1.8560208846200006,4.0,asset,6
worst_predictions,2023-10-21 06:30:00,5,vol_rolling_96,0.002368327542376418,-0.26510666022386176,-1.8560208846200006,4.0,asset,6
largest_losses,2023-10-07 23:00:00,1,vol_rolling_48,0.0009199754765258717,0.8854739999994772,1.4145910493469884,-4.0,asset,6
largest_losses,2023-10-07 23:00:00,2,vol_rolling_192,0.0021333537489279467,0.7347819002661996,1.4145910493469884,-4.0,asset,6
largest_losses,2023-10-07 23:00:00,3,atr_48,3.7187994758667458,0.492807510409698,1.4145910493469884,-4.0,asset,6
largest_losses,2023-10-07 23:00:00,4,bollinger_bandwidth,0.024308818899652158,-0.44080482400855514,1.4145910493469884,-4.0,asset,6
largest_losses,2023-10-07 23:00:00,5,atr_pct_rank_192,0.0052083334885537624,-0.29074026267830255,1.4145910493469884,-4.0,asset,6
largest_losses,2023-09-24 12:30:00,1,vol_rolling_96,0.0009643745129694526,-1.1366190705563064,-1.7366374097808008,-4.0,asset,6
largest_losses,2023-09-24 12:30:00,2,atr_48,2.906265803119472,0.5706562702200706,-1.7366374097808008,-4.0,asset,6
largest_losses,2023-09-24 12:30:00,3,atr_over_price_48,0.001821596291847527,-0.466274374440285,-1.7366374097808008,-4.0,asset,6
largest_losses,2023-09-24 12:30:00,4,bollinger_bandwidth,0.03325169277106724,-0.20603155076189195,-1.7366374097808008,-4.0,asset,6
largest_losses,2023-09-24 12:30:00,5,atr_pct,0.001821596291847527,-0.162784849561864,-1.7366374097808008,-4.0,asset,6
largest_losses,2023-10-10 08:30:00,1,vol_rolling_192,0.002282899064175724,1.1098021719742872,2.451028612696342,-4.0,asset,6
largest_losses,2023-10-10 08:30:00,2,bollinger_bandwidth,0.05719029850539071,0.515069849440928,2.451028612696342,-4.0,asset,6
largest_losses,2023-10-10 08:30:00,3,atr_over_price_48,0.0031111659482121468,-0.3365496369800621,2.451028612696342,-4.0,asset,6
largest_losses,2023-10-10 08:30:00,4,bollinger_percent_b,0.14085886763583352,0.3344536440747648,2.451028612696342,-4.0,asset,6
largest_losses,2023-10-10 08:30:00,5,bollinger_bandwidth_rank_192,0.9791666865348816,0.2828632596377765,2.451028612696342,-4.0,asset,6
largest_gains,2023-10-23 20:30:00,1,ema_trend_48_192,0.024984443560242653,-0.39494394769427904,0.006043686327369362,4.0,asset,6
largest_gains,2023-10-23 20:30:00,2,atr_over_price_48,0.0052031646482646465,-0.24574460287558653,0.006043686327369362,4.0,asset,6
largest_gains,2023-10-23 20:30:00,3,bollinger_bandwidth,0.08594358523607533,0.21647689528731176,0.006043686327369362,4.0,asset,6
largest_gains,2023-10-23 20:30:00,4,atr_pct_rank_192,1.0,0.18403174594255628,0.006043686327369362,4.0,asset,6
largest_gains,2023-10-23 20:30:00,5,vol_rolling_192,0.003003642816886329,0.1633801370354541,0.006043686327369362,4.0,asset,6
largest_gains,2023-10-16 01:30:00,1,atr_48,3.810189403256822,0.6985770875496069,0.42710792244307816,4.0,asset,6
largest_gains,2023-10-16 01:30:00,2,vol_rolling_192,0.001864321198688442,0.6286313063617432,0.42710792244307816,4.0,asset,6
largest_gains,2023-10-16 01:30:00,3,ema_trend_48_192,-0.00015810762124601752,0.3504470705962799,0.42710792244307816,4.0,asset,6
largest_gains,2023-10-16 01:30:00,4,vol_rolling_96,0.0013789440418838677,-0.30271034512541045,0.42710792244307816,4.0,asset,6
largest_gains,2023-10-16 01:30:00,5,vol_rolling_24,0.002068998159512816,-0.29997836741014233,0.42710792244307816,4.0,asset,6
largest_gains,2023-09-28 12:30:00,1,vol_rolling_192,0.0021705247999559913,0.6076156480941549,-0.5596567111593456,4.0,asset,6
largest_gains,2023-09-28 12:30:00,2,bollinger_bandwidth,0.03206316326559358,-0.4946095474377647,-0.5596567111593456,4.0,asset,6
largest_gains,2023-09-28 12:30:00,3,vol_rolling_24,0.0019209693388877,-0.4474787731432712,-0.5596567111593456,4.0,asset,6
largest_gains,2023-09-28 12:30:00,4,atr_over_price_48,0.0031772442162036896,-0.41476927645511535,-0.5596567111593456,4.0,asset,6
largest_gains,2023-09-28 12:30:00,5,mama_minus_fama_over_atr,1.9901671409606934,-0.38870176924167016,-0.5596567111593456,4.0,asset,6
top_ranked_predictions,2024-01-11 20:00:00,1,bollinger_bandwidth_rank_192,1.0,0.512898758405164,2.2857749210013387,-1.4550182562431622,asset,7
top_ranked_predictions,2024-01-11 20:00:00,2,vol_rolling_192,0.0062443262750378975,0.4093359186626005,2.2857749210013387,-1.4550182562431622,asset,7
top_ranked_predictions,2024-01-11 20:00:00,3,vol_rolling_96,0.007604117389048598,0.3078597740721467,2.2857749210013387,-1.4550182562431622,asset,7
top_ranked_predictions,2024-01-11 20:00:00,4,atr_over_price_48,0.009716236032545567,0.20901536461311376,2.2857749210013387,-1.4550182562431622,asset,7
top_ranked_predictions,2024-01-11 20:00:00,5,atr_pct_rank_192,0.8958333134651184,0.20898204484572716,2.2857749210013387,-1.4550182562431622,asset,7
top_ranked_predictions,2023-12-18 14:00:00,1,ema_trend_48_192,-0.018387900665402412,0.4587214397688405,1.6027271139377817,4.0,asset,7
top_ranked_predictions,2023-12-18 14:00:00,2,mama_minus_fama_over_atr,-2.36708927154541,0.37842440647775377,1.6027271139377817,4.0,asset,7
top_ranked_predictions,2023-12-18 14:00:00,3,vol_rolling_192,0.003048720786248472,0.23408600450542,1.6027271139377817,4.0,asset,7
top_ranked_predictions,2023-12-18 14:00:00,4,ret_48,-0.018313439562916756,0.20661666834437276,1.6027271139377817,4.0,asset,7
top_ranked_predictions,2023-12-18 14:00:00,5,bollinger_percent_b,0.058768299804598294,0.18881967228780625,1.6027271139377817,4.0,asset,7
top_ranked_predictions,2024-02-12 20:30:00,1,distance_from_ema96_atr,9.810035705566406,0.5217053873782185,1.3148884539402965,1.6938330005063285,asset,7
top_ranked_predictions,2024-02-12 20:30:00,2,bollinger_bandwidth,0.05767204221953495,0.4609629634120725,1.3148884539402965,1.6938330005063285,asset,7
top_ranked_predictions,2024-02-12 20:30:00,3,ret_24,0.061243750154972076,0.4106402897299878,1.3148884539402965,1.6938330005063285,asset,7
top_ranked_predictions,2024-02-12 20:30:00,4,vol_rolling_192,0.0033514400922070543,-0.23308207378494958,1.3148884539402965,1.6938330005063285,asset,7
top_ranked_predictions,2024-02-12 20:30:00,5,ret_48,0.057972174137830734,-0.2248687169612194,1.3148884539402965,1.6938330005063285,asset,7
worst_predictions,2024-03-04 14:00:00,1,ema_trend_48_192,0.017147425562143326,-0.6183505334363444,-2.1680542811555155,4.0,asset,7
worst_predictions,2024-03-04 14:00:00,2,bollinger_bandwidth,0.04688421446710416,-0.27937122275699017,-2.1680542811555155,4.0,asset,7
worst_predictions,2024-03-04 14:00:00,3,atr_48,19.41218227898084,-0.2210750730407361,-2.1680542811555155,4.0,asset,7
worst_predictions,2024-03-04 14:00:00,4,bollinger_bandwidth_rank_192,0.2239583283662796,-0.16982306507396366,-2.1680542811555155,4.0,asset,7
worst_predictions,2024-03-04 14:00:00,5,ret_48,0.018499381840229034,-0.16463127584506973,-2.1680542811555155,4.0,asset,7
worst_predictions,2024-02-18 13:30:00,1,atr_48,11.710694807698458,-0.5176773880284227,-2.094872799444181,4.0,asset,7
worst_predictions,2024-02-18 13:30:00,2,atr_over_price_48,0.004201221279799938,-0.4930489610125887,-2.094872799444181,4.0,asset,7
worst_predictions,2024-02-18 13:30:00,3,ema_trend_48_192,0.009537141770124435,-0.3457351032063195,-2.094872799444181,4.0,asset,7
worst_predictions,2024-02-18 13:30:00,4,bollinger_bandwidth,0.03830626729538937,-0.29667255453184604,-2.094872799444181,4.0,asset,7
worst_predictions,2024-02-18 13:30:00,5,bollinger_bandwidth_rank_192,0.0052083334885537624,-0.19017209862361378,-2.094872799444181,4.0,asset,7
worst_predictions,2024-02-23 14:30:00,1,bollinger_bandwidth,0.045300593785799495,-0.4481820701577037,-1.9226995209366828,-1.3169627011770033,asset,7
worst_predictions,2024-02-23 14:30:00,2,vol_rolling_24,0.0027759244539179067,-0.266718743086072,-1.9226995209366828,-1.3169627011770033,asset,7
worst_predictions,2024-02-23 14:30:00,3,bollinger_bandwidth_rank_192,0.0052083334885537624,-0.22778351444162342,-1.9226995209366828,-1.3169627011770033,asset,7
worst_predictions,2024-02-23 14:30:00,4,atr_48,18.641378361026433,-0.2211499604194325,-1.9226995209366828,-1.3169627011770033,asset,7
worst_predictions,2024-02-23 14:30:00,5,vol_rolling_96,0.0041696456733308004,-0.2128277644242668,-1.9226995209366828,-1.3169627011770033,asset,7
largest_losses,2024-03-18 12:30:00,1,atr_48,30.160456811821323,-0.26553441128768,-0.137605538569253,-4.0,asset,7
largest_losses,2024-03-18 12:30:00,2,bollinger_bandwidth_rank_192,0.25,-0.25841508305602684,-0.137605538569253,-4.0,asset,7
largest_losses,2024-03-18 12:30:00,3,vol_rolling_192,0.007080302391202901,0.198498773192691,-0.137605538569253,-4.0,asset,7
largest_losses,2024-03-18 12:30:00,4,ema_trend_48_192,-0.020825522020459175,0.16745615621542143,-0.137605538569253,-4.0,asset,7
largest_losses,2024-03-18 12:30:00,5,atr_over_price_48,0.008385474793612957,0.16262330330431327,-0.137605538569253,-4.0,asset,7
largest_losses,2023-12-24 20:30:00,1,bollinger_bandwidth,0.06965834538545457,0.26606082821425114,0.5305935945645202,-4.0,asset,7
largest_losses,2023-12-24 20:30:00,2,atr_over_price_48,0.004151398316025734,-0.25564198343773076,0.5305935945645202,-4.0,asset,7
largest_losses,2023-12-24 20:30:00,3,bollinger_bandwidth_rank_192,0.4583333432674408,0.10916687856761291,0.5305935945645202,-4.0,asset,7
largest_losses,2023-12-24 20:30:00,4,atr_48,9.466226063303488,-0.09872185156982345,0.5305935945645202,-4.0,asset,7
largest_losses,2023-12-24 20:30:00,5,mama_minus_fama_over_atr,-0.7806126475334167,0.08251726582218638,0.5305935945645202,-4.0,asset,7
largest_losses,2023-12-17 18:30:00,1,atr_over_price_48,0.003964848350733519,-0.2908641885233177,-0.09686847092870976,-4.0,asset,7
largest_losses,2023-12-17 18:30:00,2,bollinger_bandwidth_rank_192,0.0052083334885537624,-0.21730557100991116,-0.09686847092870976,-4.0,asset,7
largest_losses,2023-12-17 18:30:00,3,bollinger_bandwidth,0.04889415874511072,0.20275828810535176,-0.09686847092870976,-4.0,asset,7
largest_losses,2023-12-17 18:30:00,4,ema_trend_48_192,-0.007678322959691286,0.1381368269983152,-0.09686847092870976,-4.0,asset,7
largest_losses,2023-12-17 18:30:00,5,frama_slope_over_atr,0.15167531371116638,-0.1285108997013252,-0.09686847092870976,-4.0,asset,7
largest_gains,2024-01-29 10:30:00,1,atr_over_price_48,0.003536306321620941,-0.256634608925932,0.17869245426170638,4.0,asset,7
largest_gains,2024-01-29 10:30:00,2,atr_48,8.047041757120105,0.1866578191854987,0.17869245426170638,4.0,asset,7
largest_gains,2024-01-29 10:30:00,3,bollinger_bandwidth_rank_192,0.25,-0.18464573106358786,0.17869245426170638,4.0,asset,7
largest_gains,2024-01-29 10:30:00,4,atr_pct_rank_192,0.1875,0.164881906958622,0.17869245426170638,4.0,asset,7
largest_gains,2024-01-29 10:30:00,5,atr_pct,0.003536306321620941,-0.11104980914919062,0.17869245426170638,4.0,asset,7
largest_gains,2023-12-27 03:30:00,1,bollinger_bandwidth,0.057543541670494525,0.4356880049197735,0.6494366145456012,4.0,asset,7
largest_gains,2023-12-27 03:30:00,2,atr_over_price_48,0.00433641392737627,-0.2560629530111865,0.6494366145456012,4.0,asset,7
largest_gains,2023-12-27 03:30:00,3,ema_trend_48_192,-0.01068534143269062,0.24445172323089234,0.6494366145456012,4.0,asset,7
largest_gains,2023-12-27 03:30:00,4,ret_48,-0.02276383340358734,0.17458105014019443,0.6494366145456012,4.0,asset,7
largest_gains,2023-12-27 03:30:00,5,bollinger_percent_b,0.023940802962881837,0.14989774335141637,0.6494366145456012,4.0,asset,7
largest_gains,2024-03-04 14:00:00,1,ema_trend_48_192,0.017147425562143326,-0.6183505334363444,-2.1680542811555155,4.0,asset,7
largest_gains,2024-03-04 14:00:00,2,bollinger_bandwidth,0.04688421446710416,-0.27937122275699017,-2.1680542811555155,4.0,asset,7
largest_gains,2024-03-04 14:00:00,3,atr_48,19.41218227898084,-0.2210750730407361,-2.1680542811555155,4.0,asset,7
largest_gains,2024-03-04 14:00:00,4,bollinger_bandwidth_rank_192,0.2239583283662796,-0.16982306507396366,-2.1680542811555155,4.0,asset,7
largest_gains,2024-03-04 14:00:00,5,ret_48,0.018499381840229034,-0.16463127584506973,-2.1680542811555155,4.0,asset,7
top_ranked_predictions,2024-03-21 05:00:00,1,atr_over_price_48,0.012821290642023087,0.38534518344106194,2.051579809918932,0.4598406468485169,asset,8
top_ranked_predictions,2024-03-21 05:00:00,2,bollinger_bandwidth,0.1793241143210326,-0.2412559039036041,2.051579809918932,0.4598406468485169,asset,8
top_ranked_predictions,2024-03-21 05:00:00,3,vol_rolling_24,0.007927770593675932,0.2125167297646515,2.051579809918932,0.4598406468485169,asset,8
top_ranked_predictions,2024-03-21 05:00:00,4,frama_slope_over_atr,-0.05044317618012428,0.1798826874220647,2.051579809918932,0.4598406468485169,asset,8
top_ranked_predictions,2024-03-21 05:00:00,5,vol_rolling_96,0.010587243777930234,0.16963134478662859,2.051579809918932,0.4598406468485169,asset,8
top_ranked_predictions,2024-05-11 03:00:00,1,bollinger_bandwidth,0.06682596754194417,0.5240952235532113,1.8069909686934247,0.39205599581162887,asset,8
top_ranked_predictions,2024-05-11 03:00:00,2,vol_rolling_192,0.003746868433936224,0.4128897263726272,1.8069909686934247,0.39205599581162887,asset,8
top_ranked_predictions,2024-05-11 03:00:00,3,ema_trend_48_192,-0.018328798934817314,0.34721437531861365,1.8069909686934247,0.39205599581162887,asset,8
top_ranked_predictions,2024-05-11 03:00:00,4,vol_rolling_96,0.003564600654541962,0.2363310081999551,1.8069909686934247,0.39205599581162887,asset,8
top_ranked_predictions,2024-05-11 03:00:00,5,atr_48,15.176403533075169,-0.20486392466838899,1.8069909686934247,0.39205599581162887,asset,8
top_ranked_predictions,2024-06-06 12:00:00,1,bollinger_bandwidth_rank_192,1.0,0.47097980838207104,1.7854845106286006,-3.9513821714477864,asset,8
top_ranked_predictions,2024-06-06 12:00:00,2,vol_rolling_96,0.0023351838230795414,0.42933082468325123,1.7854845106286006,-3.9513821714477864,asset,8
top_ranked_predictions,2024-06-06 12:00:00,3,vol_rolling_192,0.0024562950029606533,0.4042891990271392,1.7854845106286006,-3.9513821714477864,asset,8
top_ranked_predictions,2024-06-06 12:00:00,4,atr_over_price_48,0.0032559139654040337,-0.4011785365832277,1.7854845106286006,-3.9513821714477864,asset,8
top_ranked_predictions,2024-06-06 12:00:00,5,close_over_bb_mid_192,0.014065077528357506,0.17614203211605226,1.7854845106286006,-3.9513821714477864,asset,8
worst_predictions,2024-05-21 12:00:00,1,bollinger_bandwidth,0.26837256694829986,-0.6933620168905866,-2.02210016976682,0.7579289556453961,asset,8
worst_predictions,2024-05-21 12:00:00,2,atr_48,30.081975137874657,-0.4134349059873258,-2.02210016976682,0.7579289556453961,asset,8
worst_predictions,2024-05-21 12:00:00,3,bollinger_bandwidth_rank_192,1.0,-0.3736209584938192,-2.02210016976682,0.7579289556453961,asset,8
worst_predictions,2024-05-21 12:00:00,4,vol_rolling_192,0.00672119169048974,-0.3154413156272622,-2.02210016976682,0.7579289556453961,asset,8
worst_predictions,2024-05-21 12:00:00,5,ret_48,0.22138799726963043,-0.30505254873940657,-2.02210016976682,0.7579289556453961,asset,8
worst_predictions,2024-06-03 04:00:00,1,bollinger_bandwidth,0.026452306483565176,-0.9077317164154088,-1.7776506767515565,-1.7677419436589454,asset,8
worst_predictions,2024-06-03 04:00:00,2,atr_over_price_48,0.0034950627014040947,-0.25907295396219265,-1.7776506767515565,-1.7677419436589454,asset,8
worst_predictions,2024-06-03 04:00:00,3,bollinger_bandwidth_rank_192,0.0885416641831398,-0.23854464522847532,-1.7776506767515565,-1.7677419436589454,asset,8
worst_predictions,2024-06-03 04:00:00,4,atr_48,13.265510887556347,-0.22788437179350035,-1.7776506767515565,-1.7677419436589454,asset,8
worst_predictions,2024-06-03 04:00:00,5,ema_alignment_score,1.0,0.08193107714283333,-1.7776506767515565,-1.7677419436589454,asset,8
worst_predictions,2024-04-06 12:00:00,1,atr_48,18.80657202256497,-0.6019500885331301,-1.730428883598468,0.46260424225965113,asset,8
worst_predictions,2024-04-06 12:00:00,2,vol_rolling_24,0.0020951580963952947,-0.3208556864204615,-1.730428883598468,0.46260424225965113,asset,8
worst_predictions,2024-04-06 12:00:00,3,atr_over_price_48,0.005635519046336412,-0.25103246275684604,-1.730428883598468,0.46260424225965113,asset,8
worst_predictions,2024-04-06 12:00:00,4,vol_rolling_96,0.004109716862589327,-0.24757102530254974,-1.730428883598468,0.46260424225965113,asset,8
worst_predictions,2024-04-06 12:00:00,5,close_over_bb_upper_192,-0.011927837505936623,-0.2440694887223954,-1.730428883598468,0.46260424225965113,asset,8
largest_losses,2024-03-19 18:30:00,1,ema_trend_48_192,-0.05081162601709366,0.2986270081269526,0.25732774393194535,-4.0,asset,8
largest_losses,2024-03-19 18:30:00,2,atr_48,40.55457143532417,-0.26407547491606986,0.25732774393194535,-4.0,asset,8
largest_losses,2024-03-19 18:30:00,3,ret_48,-0.04619963839650154,0.2286009394289648,0.25732774393194535,-4.0,asset,8
largest_losses,2024-03-19 18:30:00,4,atr_over_price_48,0.01222757063806057,0.21145618801645116,0.25732774393194535,-4.0,asset,8
largest_losses,2024-03-19 18:30:00,5,vol_rolling_24,0.010709485346716287,0.21104976145129456,0.25732774393194535,-4.0,asset,8
largest_losses,2024-05-06 09:30:00,1,ema_trend_48_192,0.015437358990311623,-0.17032564775904002,0.29846778113290307,-4.0,asset,8
largest_losses,2024-05-06 09:30:00,2,vol_rolling_96,0.0037016289528699494,0.13721988005201616,0.29846778113290307,-4.0,asset,8
largest_losses,2024-05-06 09:30:00,3,atr_over_price_48,0.004884113557636738,0.1256428958106998,0.29846778113290307,-4.0,asset,8
largest_losses,2024-05-06 09:30:00,4,bollinger_bandwidth,0.08552658720185223,0.1228688009461085,0.29846778113290307,-4.0,asset,8
largest_losses,2024-05-06 09:30:00,5,frama_slope_over_atr,0.6043168902397156,-0.119444165575398,0.29846778113290307,-4.0,asset,8
largest_losses,2024-04-01 05:30:00,1,ema_trend_48_192,0.010684175416827202,-0.32036897554199173,-0.06884243348355072,-4.0,asset,8
largest_losses,2024-04-01 05:30:00,2,ret_24,-0.03165455907583237,-0.2204965891736921,-0.06884243348355072,-4.0,asset,8
largest_losses,2024-04-01 05:30:00,3,ret_48,-0.025582330301404,0.21466609534282555,-0.06884243348355072,-4.0,asset,8
largest_losses,2024-04-01 05:30:00,4,atr_over_price_48,0.004466352518647909,-0.21219172124002525,-0.06884243348355072,-4.0,asset,8
largest_losses,2024-04-01 05:30:00,5,vol_rolling_96,0.0033935622056180423,0.1703260391086903,-0.06884243348355072,-4.0,asset,8
largest_gains,2024-05-15 03:30:00,1,ema_trend_48_192,-0.009688393212854862,0.22731599960555793,0.6224556375103413,4.0,asset,8
largest_gains,2024-05-15 03:30:00,2,atr_48,13.902257199630425,-0.2057123746114688,0.6224556375103413,4.0,asset,8
largest_gains,2024-05-15 03:30:00,3,vol_rolling_96,0.003740481415286519,0.16012761317618351,0.6224556375103413,4.0,asset,8
largest_gains,2024-05-15 03:30:00,4,ret_48,-0.01307600736618042,0.08896442746377298,0.6224556375103413,4.0,asset,8
largest_gains,2024-05-15 03:30:00,5,close_over_bb_mid_192,-0.006802730727940798,0.06332353992499776,0.6224556375103413,4.0,asset,8
largest_gains,2024-03-25 10:30:00,1,bollinger_bandwidth,0.0840298440295581,0.2513791898223501,0.26677034733838734,4.0,asset,8
largest_gains,2024-03-25 10:30:00,2,vol_rolling_192,0.005248654130085476,-0.19725495026969558,0.26677034733838734,4.0,asset,8
largest_gains,2024-03-25 10:30:00,3,close_over_bb_mid_192,0.012808047235012054,0.17624246701791635,0.26677034733838734,4.0,asset,8
largest_gains,2024-03-25 10:30:00,4,ema_alignment_score,1.0,0.1369668930469587,0.26677034733838734,4.0,asset,8
largest_gains,2024-03-25 10:30:00,5,atr_pct_rank_192,0.010416666977107525,-0.13121786510843866,0.26677034733838734,4.0,asset,8
largest_gains,2024-06-02 18:00:00,1,bollinger_bandwidth,0.02657979394136336,-1.0384775112770919,-1.568044777324767,4.0,asset,8
largest_gains,2024-06-02 18:00:00,2,atr_over_price_48,0.0034835583064705133,-0.21933729871650426,-1.568044777324767,4.0,asset,8
largest_gains,2024-06-02 18:00:00,3,bollinger_bandwidth_rank_192,0.015625,-0.20379889106561302,-1.568044777324767,4.0,asset,8
largest_gains,2024-06-02 18:00:00,4,atr_48,13.119255132375498,-0.1773161368322024,-1.568044777324767,4.0,asset,8
largest_gains,2024-06-02 18:00:00,5,vol_rolling_24,0.002151372610561466,-0.09603288765388994,-1.568044777324767,4.0,asset,8
top_ranked_predictions,2024-09-16 16:00:00,1,vol_rolling_96,0.003188964848022137,0.36382001677585124,1.783903838004897,-0.6258148519247129,asset,9
top_ranked_predictions,2024-09-16 16:00:00,2,bollinger_bandwidth,0.08183202653431132,0.26887444056733206,1.783903838004897,-0.6258148519247129,asset,9
top_ranked_predictions,2024-09-16 16:00:00,3,ema_trend_48_192,-0.017668575048446655,0.24239358658480997,1.783903838004897,-0.6258148519247129,asset,9
top_ranked_predictions,2024-09-16 16:00:00,4,ret_48,-0.04278231039643288,0.21759908932391941,1.783903838004897,-0.6258148519247129,asset,9
top_ranked_predictions,2024-09-16 16:00:00,5,bollinger_bandwidth_rank_192,1.0,0.16311718388381208,1.783903838004897,-0.6258148519247129,asset,9
top_ranked_predictions,2024-08-05 18:00:00,1,atr_over_price_48,0.021652018651366234,0.5028356276865344,1.529361980130692,1.9609974945976865,asset,9
top_ranked_predictions,2024-08-05 18:00:00,2,vol_rolling_96,0.01645993866201551,0.42566606998512796,1.529361980130692,1.9609974945976865,asset,9
top_ranked_predictions,2024-08-05 18:00:00,3,ret_48,-0.10234248638153076,0.39417938200863545,1.529361980130692,1.9609974945976865,asset,9
top_ranked_predictions,2024-08-05 18:00:00,4,vol_rolling_192,0.01228040526337021,-0.39297323492406827,1.529361980130692,1.9609974945976865,asset,9
top_ranked_predictions,2024-08-05 18:00:00,5,ema_trend_48_192,-0.11795923858880997,0.2629311790319008,1.529361980130692,1.9609974945976865,asset,9
top_ranked_predictions,2024-07-05 02:30:00,1,vol_rolling_192,0.0049617873047946275,0.390132578386372,1.455699705438285,1.0053317999021487,asset,9
top_ranked_predictions,2024-07-05 02:30:00,2,ret_48,-0.0926806628704071,0.28316682094538165,1.455699705438285,1.0053317999021487,asset,9
top_ranked_predictions,2024-07-05 02:30:00,3,ret_4,-0.05656851828098297,0.274988582439185,1.455699705438285,1.0053317999021487,asset,9
top_ranked_predictions,2024-07-05 02:30:00,4,bollinger_percent_b,-0.27970889650601743,-0.22497556338767424,1.455699705438285,1.0053317999021487,asset,9
top_ranked_predictions,2024-07-05 02:30:00,5,ret_24,-0.06172206625342369,-0.2186743984715066,1.455699705438285,1.0053317999021487,asset,9
worst_predictions,2024-06-30 15:00:00,1,atr_over_price_48,0.002856155624613166,-0.9786701661921227,-2.497728204653159,4.0,asset,9
worst_predictions,2024-06-30 15:00:00,2,atr_48,9.690793417807804,-0.43498615208840696,-2.497728204653159,4.0,asset,9
worst_predictions,2024-06-30 15:00:00,3,vol_rolling_96,0.0015831378814735648,-0.2337667958542812,-2.497728204653159,4.0,asset,9
worst_predictions,2024-06-30 15:00:00,4,atr_pct,0.002856155624613166,-0.22377170438648142,-2.497728204653159,4.0,asset,9
worst_predictions,2024-06-30 15:00:00,5,bollinger_bandwidth,0.03674535223618952,-0.2224796197015674,-2.497728204653159,4.0,asset,9
worst_predictions,2024-06-29 21:30:00,1,atr_over_price_48,0.0030362301040440798,-0.9597486392571537,-2.4575924003009177,0.12161069313081994,asset,9
worst_predictions,2024-06-29 21:30:00,2,atr_48,10.278701385703707,-0.5819824479414908,-2.4575924003009177,0.12161069313081994,asset,9
worst_predictions,2024-06-29 21:30:00,3,atr_pct_rank_192,0.0052083334885537624,-0.19578098385193426,-2.4575924003009177,0.12161069313081994,asset,9
worst_predictions,2024-06-29 21:30:00,4,atr_pct,0.0030362301040440798,-0.16538207573607028,-2.4575924003009177,0.12161069313081994,asset,9
worst_predictions,2024-06-29 21:30:00,5,vol_rolling_24,0.0011203007139131572,-0.14794721729874605,-2.4575924003009177,0.12161069313081994,asset,9
worst_predictions,2024-06-30 18:00:00,1,atr_over_price_48,0.0028824214823544025,-0.9823643775916991,-2.3012596742418965,4.0,asset,9
worst_predictions,2024-06-30 18:00:00,2,atr_48,9.829201384802907,-0.4664985740403671,-2.3012596742418965,4.0,asset,9
worst_predictions,2024-06-30 18:00:00,3,atr_pct,0.0028824214823544025,-0.22631697904234316,-2.3012596742418965,4.0,asset,9
worst_predictions,2024-06-30 18:00:00,4,atr_pct_rank_192,0.03125,-0.16404299239604678,-2.3012596742418965,4.0,asset,9
worst_predictions,2024-06-30 18:00:00,5,vol_rolling_48,0.0017030458290239376,-0.1592000837710743,-2.3012596742418965,4.0,asset,9
largest_losses,2024-07-02 15:30:00,1,atr_over_price_48,0.0034940692130476236,-0.40770432519729494,0.6982304633615536,-4.0,asset,9
largest_losses,2024-07-02 15:30:00,2,vol_rolling_96,0.0030139283913078805,0.3238173032754138,0.6982304633615536,-4.0,asset,9
largest_losses,2024-07-02 15:30:00,3,vol_rolling_48,0.002284165006814853,0.18212392000300048,0.6982304633615536,-4.0,asset,9
largest_losses,2024-07-02 15:30:00,4,vol_rolling_192,0.002401137616162357,0.13277721408116608,0.6982304633615536,-4.0,asset,9
largest_losses,2024-07-02 15:30:00,5,ret_48,-0.016637377440929413,0.1163105434736078,0.6982304633615536,-4.0,asset,9
largest_losses,2024-06-24 06:00:00,1,atr_over_price_48,0.0040841600857675076,-0.3138303353178841,-0.6733661154425107,-4.0,asset,9
largest_losses,2024-06-24 06:00:00,2,ret_48,-0.03753901273012161,0.28306098607573804,-0.6733661154425107,-4.0,asset,9
largest_losses,2024-06-24 06:00:00,3,ret_24,-0.02758859097957611,-0.24046715700785637,-0.6733661154425107,-4.0,asset,9
largest_losses,2024-06-24 06:00:00,4,atr_48,13.790778457869921,-0.23124312048661125,-0.6733661154425107,-4.0,asset,9
largest_losses,2024-06-24 06:00:00,5,bollinger_percent_b,-0.24446352616434047,-0.2084036518854713,-0.6733661154425107,-4.0,asset,9
largest_losses,2024-07-04 20:00:00,1,atr_48,21.124258518604897,-0.5472624310107694,-0.9250388522632577,-4.0,asset,9
largest_losses,2024-07-04 20:00:00,2,close_over_bb_mid_192,-0.06784506887197495,-0.35410326353275556,-0.9250388522632577,-4.0,asset,9
largest_losses,2024-07-04 20:00:00,3,vol_rolling_96,0.004461189212793335,-0.24781186456468907,-0.9250388522632577,-4.0,asset,9
largest_losses,2024-07-04 20:00:00,4,vol_rolling_192,0.003804816725075525,0.17861065124289907,-0.9250388522632577,-4.0,asset,9
largest_losses,2024-07-04 20:00:00,5,ret_48,-0.042663365602493286,0.16815325048552415,-0.9250388522632577,-4.0,asset,9
largest_gains,2024-06-18 13:30:00,1,atr_48,21.790309613019367,-0.32813641626463663,0.4926985692875524,4.0,asset,9
largest_gains,2024-06-18 13:30:00,2,vol_rolling_96,0.0038483196792945848,0.25594975751297333,0.4926985692875524,4.0,asset,9
largest_gains,2024-06-18 13:30:00,3,bollinger_bandwidth,0.06907460555883435,0.2422454126352013,0.4926985692875524,4.0,asset,9
largest_gains,2024-06-18 13:30:00,4,ret_48,-0.029189560562372208,0.2141408554794112,0.4926985692875524,4.0,asset,9
largest_gains,2024-06-18 13:30:00,5,bollinger_bandwidth_rank_192,0.9739583134651184,0.11423692859255459,0.4926985692875524,4.0,asset,9
largest_gains,2024-07-28 19:00:00,1,vol_rolling_96,0.0030679599434375628,0.454380547499052,0.29844685806294513,4.0,asset,9
largest_gains,2024-07-28 19:00:00,2,bollinger_bandwidth,0.06274773984145475,0.3199897254815886,0.29844685806294513,4.0,asset,9
largest_gains,2024-07-28 19:00:00,3,atr_over_price_48,0.004517450463026762,-0.24347447041819498,0.29844685806294513,4.0,asset,9
largest_gains,2024-07-28 19:00:00,4,bollinger_bandwidth_rank_192,0.0729166641831398,-0.23519200765568457,0.29844685806294513,4.0,asset,9
largest_gains,2024-07-28 19:00:00,5,vol_rolling_24,0.001788683012481303,-0.19040592074541182,0.29844685806294513,4.0,asset,9
largest_gains,2024-06-30 18:00:00,1,atr_over_price_48,0.0028824214823544025,-0.9823643775916991,-2.3012596742418965,4.0,asset,9
largest_gains,2024-06-30 18:00:00,2,atr_48,9.829201384802907,-0.4664985740403671,-2.3012596742418965,4.0,asset,9
largest_gains,2024-06-30 18:00:00,3,atr_pct,0.0028824214823544025,-0.22631697904234316,-2.3012596742418965,4.0,asset,9
largest_gains,2024-06-30 18:00:00,4,atr_pct_rank_192,0.03125,-0.16404299239604678,-2.3012596742418965,4.0,asset,9
largest_gains,2024-06-30 18:00:00,5,vol_rolling_48,0.0017030458290239376,-0.1592000837710743,-2.3012596742418965,4.0,asset,9
