timestamp,asset,event_type,side,position_before,position_after,price,signal,target,target_hit_type,target_hit_step,target_exit_timestamp,take_profit,stop_loss,upper_barrier,lower_barrier,trade_r,target_entry_price,target_exit_price,target_lookup_timestamp
2022-03-16 01:00:00,ETHUSD,entry,short,0.0,-1.0,2626.2,-1.0,2.730418282467475,position_exit,24.0,2022-03-16 13:00:00,,,,,-2.7598664323378546,,,2022-03-16 01:00:00
2022-03-16 13:00:00,ETHUSD,exit,short,-1.0,0.0,2674.9,0.0,4.0,,,,,,,,,,,2022-03-16 13:00:00
2022-03-17 10:30:00,ETHUSD,entry,long,0.0,1.0,2773.0,1.0,2.448220290329313,position_exit,24.0,2022-03-17 22:30:00,,,,,2.4201088416126266,,,2022-03-17 10:30:00
2022-03-17 22:30:00,ETHUSD,exit,long,1.0,0.0,2821.3,0.0,-1.269716673215112,,,,,,,,,,,2022-03-17 22:30:00
2022-03-24 05:30:00,ETHUSD,entry,short,0.0,-1.0,3049.5,-1.0,2.490193451772725,position_exit,24.0,2022-03-24 17:30:00,,,,,-2.5205992372830166,,,2022-03-24 05:30:00
2022-03-24 17:30:00,ETHUSD,exit,short,-1.0,0.0,3099.45,0.0,1.3147825234719799,,,,,,,,,,,2022-03-24 17:30:00
2022-03-25 17:00:00,ETHUSD,entry,short,0.0,-1.0,3095.7,-1.0,1.680823549445064,position_exit,24.0,2022-03-26 06:00:00,,,,,-1.7120279000418657,,,2022-03-25 17:00:00
2022-03-26 06:00:00,ETHUSD,exit,short,-1.0,0.0,3129.05,0.0,1.7404078278424209,,,,,,,,,,,2022-03-26 06:00:00
2022-03-28 13:30:00,ETHUSD,entry,long,0.0,1.0,3380.3,1.0,0.636181460186046,reversal,24.0,2022-03-29 01:30:00,,,,,0.5954139873923531,,,2022-03-28 13:30:00
2022-03-29 01:30:00,ETHUSD,exit,long,1.0,0.0,3390.8500000000004,-1.0,2.7030864083070734,position_exit,24.0,2022-03-29 13:30:00,,,,,-2.7366606227671024,,,2022-03-29 01:30:00
2022-03-29 01:30:00,ETHUSD,entry,short,0.0,-1.0,3390.8500000000004,-1.0,2.7030864083070734,position_exit,24.0,2022-03-29 13:30:00,,,,,-2.7366606227671024,,,2022-03-29 01:30:00
2022-03-29 13:30:00,ETHUSD,exit,short,-1.0,0.0,3445.45,0.0,-4.0,,,,,,,,,,,2022-03-29 13:30:00
2022-03-30 11:00:00,ETHUSD,entry,short,0.0,-1.0,3413.3,-1.0,-1.0205616069920131,position_exit,24.0,2022-03-30 23:00:00,,,,,0.9883816260852919,,,2022-03-30 11:00:00
2022-03-30 23:00:00,ETHUSD,exit,short,-1.0,0.0,3391.65,0.0,0.6426629739421876,,,,,,,,,,,2022-03-30 23:00:00
2022-04-02 13:30:00,ETHUSD,entry,short,0.0,-1.0,3505.15,-1.0,-2.8415897295508,position_exit,24.0,2022-04-03 01:30:00,,,,,2.8104884079566173,,,2022-04-02 13:30:00
2022-04-03 01:30:00,ETHUSD,exit,short,-1.0,0.0,3441.1,0.0,2.494505905769018,,,,,,,,,,,2022-04-03 01:30:00
2022-04-04 00:00:00,ETHUSD,entry,short,0.0,-1.0,3490.7,-1.0,-0.1514871230571738,position_exit,24.0,2022-04-04 12:00:00,,,,,0.11943887454474944,,,2022-04-04 00:00:00
2022-04-04 12:00:00,ETHUSD,exit,short,-1.0,0.0,3487.4,0.0,1.2508463700599777,,,,,,,,,,,2022-04-04 12:00:00
2022-04-07 23:00:00,ETHUSD,entry,short,0.0,-1.0,3239.4,-1.0,1.0423093549529745,position_exit,25.0,2022-04-08 11:30:00,,,,,-0.7937662453097962,,,2022-04-07 23:00:00
2022-04-08 11:30:00,ETHUSD,exit,short,-1.0,0.0,3258.4,0.0,-2.5117904283764663,,,,,,,,,,,2022-04-08 11:30:00
2022-04-12 07:00:00,ETHUSD,entry,short,0.0,-1.0,3019.8500000000004,-1.0,-1.9990440604459603,reversal,24.0,2022-04-12 19:00:00,,,,,1.971256657887063,,,2022-04-12 07:00:00
2022-04-12 19:00:00,ETHUSD,exit,short,-1.0,0.0,2976.4,1.0,3.6986741022605307,position_exit,24.0,2022-04-13 07:00:00,,,,,3.6717907479310226,,,2022-04-12 19:00:00
2022-04-12 19:00:00,ETHUSD,entry,long,0.0,1.0,2976.4,1.0,3.6986741022605307,position_exit,24.0,2022-04-13 07:00:00,,,,,3.6717907479310226,,,2022-04-12 19:00:00
2022-04-13 07:00:00,ETHUSD,exit,long,1.0,0.0,3058.3,0.0,2.3935420759069372,,,,,,,,,,,2022-04-13 07:00:00
2022-04-14 01:30:00,ETHUSD,entry,short,0.0,-1.0,3140.2,-1.0,-4.0,position_exit,24.0,2022-04-14 13:30:00,,,,,4.730865209002442,,,2022-04-14 01:30:00
2022-04-14 13:30:00,ETHUSD,exit,short,-1.0,0.0,3047.1,0.0,-1.2937261165515488,,,,,,,,,,,2022-04-14 13:30:00
2022-04-18 14:00:00,ETHUSD,entry,short,0.0,-1.0,2935.4,-1.0,4.0,position_exit,24.0,2022-04-19 02:00:00,,,,,-7.5199942106159785,,,2022-04-18 14:00:00
2022-04-19 02:00:00,ETHUSD,exit,short,-1.0,0.0,3049.7,0.0,3.6069988188176727,,,,,,,,,,,2022-04-19 02:00:00
2022-04-19 15:00:00,ETHUSD,entry,long,0.0,1.0,3119.7,1.0,-2.2375648322118127,position_exit,24.0,2022-04-20 03:00:00,,,,,-2.274596826944229,,,2022-04-19 15:00:00
2022-04-20 03:00:00,ETHUSD,exit,long,1.0,0.0,3082.0,0.0,-1.2914960417191663,,,,,,,,,,,2022-04-20 03:00:00
2022-04-20 22:00:00,ETHUSD,entry,long,0.0,1.0,3089.9,1.0,1.6229788502669735,position_exit,27.0,2022-04-21 11:30:00,,,,,3.5211746268300415,,,2022-04-20 22:00:00
2022-04-21 11:30:00,ETHUSD,exit,long,1.0,0.0,3151.7,0.0,-4.0,,,,,,,,,,,2022-04-21 11:30:00
2022-04-25 00:30:00,ETHUSD,entry,long,0.0,1.0,2856.9,1.0,0.2102265929057633,position_exit,24.0,2022-04-25 12:30:00,,,,,0.17209349111071948,,,2022-04-25 00:30:00
2022-04-25 12:30:00,ETHUSD,exit,long,1.0,0.0,2860.05,0.0,4.0,,,,,,,,,,,2022-04-25 12:30:00
2022-04-29 17:30:00,ETHUSD,entry,long,0.0,1.0,2823.05,1.0,0.6550930320843968,position_exit,24.0,2022-04-30 05:30:00,,,,,0.6282907076753019,,,2022-04-29 17:30:00
2022-04-30 05:30:00,ETHUSD,exit,long,1.0,0.0,2836.85,0.0,-2.682086098096712,,,,,,,,,,,2022-04-30 05:30:00
2022-05-02 12:30:00,ETHUSD,entry,long,0.0,1.0,2795.05,1.0,2.4675663433075696,position_exit,24.0,2022-05-03 00:30:00,,,,,2.43452695979683,,,2022-05-02 12:30:00
2022-05-03 00:30:00,ETHUSD,exit,long,1.0,0.0,2836.8,0.0,0.037245467578002255,,,,,,,,,,,2022-05-03 00:30:00
2022-05-05 14:30:00,ETHUSD,entry,long,0.0,1.0,2830.2,1.0,-4.0,position_exit,24.0,2022-05-06 02:30:00,,,,,-5.157517032320647,,,2022-05-05 14:30:00
2022-05-06 02:30:00,ETHUSD,exit,long,1.0,0.0,2745.8,0.0,-2.4644757954313943,,,,,,,,,,,2022-05-06 02:30:00
2022-05-07 15:00:00,ETHUSD,entry,short,0.0,-1.0,2694.95,-1.0,-4.0,position_exit,24.0,2022-05-08 03:00:00,,,,,8.967952252627336,,,2022-05-07 15:00:00
2022-05-08 03:00:00,ETHUSD,exit,short,-1.0,0.0,2538.25,0.0,-0.033404213196180095,,,,,,,,,,,2022-05-08 03:00:00
2022-05-08 22:00:00,ETHUSD,entry,short,0.0,-1.0,2532.3,-1.0,-4.0,position_exit,24.0,2022-05-09 10:00:00,,,,,5.759571596509563,,,2022-05-08 22:00:00
2022-05-09 10:00:00,ETHUSD,exit,short,-1.0,0.0,2420.5,0.0,-4.0,,,,,,,,,,,2022-05-09 10:00:00
2022-05-12 21:30:00,ETHUSD,entry,long,0.0,1.0,1908.9,1.0,2.918940686811814,position_exit,24.0,2022-05-13 09:30:00,,,,,2.9121867887790174,,,2022-05-12 21:30:00
2022-05-13 09:30:00,ETHUSD,exit,long,1.0,0.0,2073.9,0.0,-0.010571353711897827,,,,,,,,,,,2022-05-13 09:30:00
2022-05-13 23:30:00,ETHUSD,entry,short,0.0,-1.0,2005.65,-1.0,-0.604719955167568,position_exit,24.0,2022-05-14 11:30:00,,,,,0.594549250110309,,,2022-05-13 23:30:00
2022-05-14 11:30:00,ETHUSD,exit,short,-1.0,0.0,1981.8,0.0,2.2573979877292785,,,,,,,,,,,2022-05-14 11:30:00
2022-05-18 20:00:00,ETHUSD,entry,long,0.0,1.0,1953.3,1.0,-0.1855438238987142,position_exit,24.0,2022-05-19 08:00:00,,,,,-0.2056784211888051,,,2022-05-18 20:00:00
2022-05-19 08:00:00,ETHUSD,exit,long,1.0,0.0,1949.7,0.0,2.68845334457339,,,,,,,,,,,2022-05-19 08:00:00
2022-05-20 15:00:00,ETHUSD,entry,long,0.0,1.0,1965.5,1.0,-0.889860589941321,position_exit,24.0,2022-05-21 03:00:00,,,,,-0.9111901142038729,,,2022-05-20 15:00:00
2022-05-21 03:00:00,ETHUSD,exit,long,1.0,0.0,1949.1,0.0,0.995965675704972,,,,,,,,,,,2022-05-21 03:00:00
2022-05-23 22:00:00,ETHUSD,entry,long,0.0,1.0,1968.2,1.0,0.1311403446001743,position_exit,24.0,2022-05-24 10:00:00,,,,,0.10397082604831961,,,2022-05-23 22:00:00
2022-05-24 10:00:00,ETHUSD,exit,long,1.0,0.0,1970.1,0.0,0.8038041605330547,,,,,,,,,,,2022-05-24 10:00:00
2022-05-26 03:00:00,ETHUSD,entry,long,0.0,1.0,1935.9,1.0,-4.0,position_exit,24.0,2022-05-26 15:00:00,,,,,-6.262363542449795,,,2022-05-26 03:00:00
2022-05-26 15:00:00,ETHUSD,exit,long,1.0,0.0,1850.1,0.0,-4.0,,,,,,,,,,,2022-05-26 15:00:00
2022-05-28 05:30:00,ETHUSD,entry,short,0.0,-1.0,1769.4,-1.0,0.2478300194844033,position_exit,24.0,2022-05-28 17:30:00,,,,,-0.26453517896924894,,,2022-05-28 05:30:00
2022-05-28 17:30:00,ETHUSD,exit,short,-1.0,0.0,1774.65,0.0,0.4443685436153133,,,,,,,,,,,2022-05-28 17:30:00
2022-05-31 06:00:00,ETHUSD,entry,long,0.0,1.0,1968.8,1.0,-0.5801685525360406,position_exit,24.0,2022-05-31 18:00:00,,,,,-0.6061284581321803,,,2022-05-31 06:00:00
2022-05-31 18:00:00,ETHUSD,exit,long,1.0,0.0,1960.0,0.0,-1.3311458523763962,,,,,,,,,,,2022-05-31 18:00:00
2022-06-01 14:00:00,ETHUSD,entry,short,0.0,-1.0,1921.0,-1.0,-4.0,position_exit,24.0,2022-06-02 02:00:00,,,,,6.110072914451215,,,2022-06-01 14:00:00
2022-06-02 02:00:00,ETHUSD,exit,short,-1.0,0.0,1827.6,0.0,-2.177518661024392,,,,,,,,,,,2022-06-02 02:00:00
2022-06-07 05:30:00,ETHUSD,entry,long,0.0,1.0,1752.9,1.0,1.9865695627133166,position_exit,24.0,2022-06-07 17:30:00,,,,,1.9622606078339069,,,2022-06-07 05:30:00
2022-06-07 17:30:00,ETHUSD,exit,long,1.0,0.0,1781.55,0.0,2.119143744863405,,,,,,,,,,,2022-06-07 17:30:00
2022-06-11 08:30:00,ETHUSD,entry,long,0.0,1.0,1577.5,1.0,-4.0,position_exit,24.0,2022-06-11 20:30:00,,,,,-4.049531561909051,,,2022-06-11 08:30:00
2022-06-11 20:30:00,ETHUSD,exit,long,1.0,0.0,1521.65,0.0,-3.125499536972836,,,,,,,,,,,2022-06-11 20:30:00
2022-06-15 01:30:00,ETHUSD,entry,short,0.0,-1.0,1219.25,-1.0,-2.8163874198860093,position_exit,24.0,2022-06-15 13:30:00,,,,,2.8079399897219393,,,2022-06-15 01:30:00
2022-06-15 13:30:00,ETHUSD,exit,short,-1.0,0.0,1137.95,0.0,2.4772484156118244,,,,,,,,,,,2022-06-15 13:30:00
2022-06-18 20:00:00,ETHUSD,entry,long,0.0,1.0,900.1500000000001,1.0,3.491726162302508,position_exit,24.0,2022-06-19 08:00:00,,,,,3.4813013619543023,,,2022-06-18 20:00:00
2022-06-19 08:00:00,ETHUSD,exit,long,1.0,0.0,960.45,0.0,4.0,,,,,,,,,,,2022-06-19 08:00:00
2022-06-19 20:00:00,ETHUSD,entry,long,0.0,1.0,1124.1,1.0,-0.4493971347533739,position_exit,24.0,2022-06-20 08:00:00,,,,,-0.4598669237518377,,,2022-06-19 20:00:00
2022-06-20 08:00:00,ETHUSD,exit,long,1.0,0.0,1114.45,0.0,0.11358686157044133,,,,,,,,,,,2022-06-20 08:00:00
2022-06-20 20:00:00,ETHUSD,entry,long,0.0,1.0,1116.85,1.0,1.8791237500618125,position_exit,24.0,2022-06-21 08:00:00,,,,,1.8684161002645525,,,2022-06-20 20:00:00
2022-06-21 08:00:00,ETHUSD,exit,long,1.0,0.0,1156.05,0.0,-2.086293372892141,,,,,,,,,,,2022-06-21 08:00:00
2022-06-25 15:30:00,ETHUSD,entry,long,0.0,1.0,1183.05,1.0,3.7422512672384185,position_exit,24.0,2022-06-26 03:30:00,,,,,3.7243813565958153,,,2022-06-25 15:30:00
2022-06-26 03:30:00,ETHUSD,exit,long,1.0,0.0,1232.6,0.0,-0.8006650618881584,,,,,,,,,,,2022-06-26 03:30:00
2022-06-26 23:30:00,ETHUSD,entry,long,0.0,1.0,1197.15,1.0,1.8169662879401964,position_exit,24.0,2022-06-27 11:30:00,,,,,1.797281390278614,,,2022-06-26 23:30:00
2022-06-27 11:30:00,ETHUSD,exit,long,1.0,0.0,1219.25,0.0,-2.5901700440308417,,,,,,,,,,,2022-06-27 11:30:00
2022-07-02 00:00:00,ETHUSD,entry,long,0.0,1.0,1061.6,1.0,-1.1697120258794462,position_exit,24.0,2022-07-02 12:00:00,,,,,-1.184901827551314,,,2022-07-02 00:00:00
2022-07-02 12:00:00,ETHUSD,exit,long,1.0,0.0,1045.25,0.0,1.3325559913505503,,,,,,,,,,,2022-07-02 12:00:00
2022-07-05 02:00:00,ETHUSD,entry,long,0.0,1.0,1145.15,1.0,-4.0,position_exit,24.0,2022-07-05 14:00:00,,,,,-4.56971494638243,,,2022-07-05 02:00:00
2022-07-05 14:00:00,ETHUSD,exit,long,1.0,0.0,1100.05,0.0,1.937266395987588,,,,,,,,,,,2022-07-05 14:00:00
2022-07-06 13:00:00,ETHUSD,entry,long,0.0,1.0,1141.55,1.0,3.5042077811167895,position_exit,24.0,2022-07-07 01:00:00,,,,,3.4855586977017268,,,2022-07-06 13:00:00
2022-07-07 01:00:00,ETHUSD,exit,long,1.0,0.0,1184.45,0.0,-0.11729921844106063,,,,,,,,,,,2022-07-07 01:00:00
2022-07-07 14:30:00,ETHUSD,entry,long,0.0,1.0,1222.15,1.0,2.8540904285545228,position_exit,24.0,2022-07-08 02:30:00,,,,,2.8315135572454833,,,2022-07-07 14:30:00
2022-07-08 02:30:00,ETHUSD,exit,long,1.0,0.0,1253.05,0.0,-2.3603744112021467,,,,,,,,,,,2022-07-08 02:30:00
2022-07-08 18:30:00,ETHUSD,entry,long,0.0,1.0,1227.8,1.0,-0.8910274406821335,position_exit,24.0,2022-07-09 06:30:00,,,,,-0.9112867646019405,,,2022-07-08 18:30:00
2022-07-09 06:30:00,ETHUSD,exit,long,1.0,0.0,1217.0,0.0,0.5006167573845951,,,,,,,,,,,2022-07-09 06:30:00
2022-07-11 21:00:00,ETHUSD,entry,long,0.0,1.0,1130.1999999999998,1.0,-4.0,position_exit,24.0,2022-07-12 09:00:00,,,,,-7.936989463379402,,,2022-07-11 21:00:00
2022-07-12 09:00:00,ETHUSD,exit,long,1.0,0.0,1064.75,0.0,-2.1131042051520716,,,,,,,,,,,2022-07-12 09:00:00
2022-07-12 22:00:00,ETHUSD,entry,long,0.0,1.0,1046.85,1.0,2.474451858606401,position_exit,24.0,2022-07-13 10:00:00,,,,,2.451062423588945,,,2022-07-12 22:00:00
2022-07-13 10:00:00,ETHUSD,exit,long,1.0,0.0,1069.0,0.0,2.696763630610548,,,,,,,,,,,2022-07-13 10:00:00
2022-07-14 12:30:00,ETHUSD,entry,long,0.0,1.0,1086.15,1.0,4.0,position_exit,24.0,2022-07-15 00:30:00,,,,,8.956302336852646,,,2022-07-14 12:30:00
2022-07-15 00:30:00,ETHUSD,exit,long,1.0,0.0,1181.55,0.0,3.796532746336262,,,,,,,,,,,2022-07-15 00:30:00
2022-07-15 12:30:00,ETHUSD,entry,long,0.0,1.0,1227.05,1.0,-1.136433926458242,position_exit,24.0,2022-07-16 00:30:00,,,,,-1.155734428180841,,,2022-07-15 12:30:00
2022-07-16 00:30:00,ETHUSD,exit,long,1.0,0.0,1212.6,0.0,0.18729209037901004,,,,,,,,,,,2022-07-16 00:30:00
2022-07-16 12:30:00,ETHUSD,entry,long,0.0,1.0,1215.15,1.0,4.0,position_exit,24.0,2022-07-17 00:30:00,,,,,12.21641792611682,,,2022-07-16 12:30:00
2022-07-17 00:30:00,ETHUSD,exit,long,1.0,0.0,1363.4,0.0,-0.4974389076575756,,,,,,,,,,,2022-07-17 00:30:00
2022-07-17 12:30:00,ETHUSD,entry,short,0.0,-1.0,1355.1,-1.0,-0.4553352573826248,position_exit,24.0,2022-07-18 00:30:00,,,,,0.4378310075307324,,,2022-07-17 12:30:00
2022-07-18 00:30:00,ETHUSD,exit,short,-1.0,0.0,1348.05,0.0,4.0,,,,,,,,,,,2022-07-18 00:30:00
2022-07-19 22:00:00,ETHUSD,entry,short,0.0,-1.0,1562.85,-1.0,1.4360352380219543,position_exit,24.0,2022-07-20 10:00:00,,,,,-1.44997503722534,,,2022-07-19 22:00:00
2022-07-20 10:00:00,ETHUSD,exit,short,-1.0,0.0,1595.05,0.0,-2.4034118199309713,,,,,,,,,,,2022-07-20 10:00:00
2022-07-24 22:30:00,ETHUSD,entry,long,0.0,1.0,1605.35,1.0,-3.3599611558548865,position_exit,24.0,2022-07-25 10:30:00,,,,,-3.3784651477641483,,,2022-07-24 22:30:00
2022-07-25 10:30:00,ETHUSD,exit,long,1.0,0.0,1547.05,0.0,-3.902099477431308,,,,,,,,,,,2022-07-25 10:30:00
2022-07-26 21:00:00,ETHUSD,entry,long,0.0,1.0,1384.95,1.0,4.0,position_exit,24.0,2022-07-27 09:00:00,,,,,4.620339396385224,,,2022-07-26 21:00:00
2022-07-27 09:00:00,ETHUSD,exit,long,1.0,0.0,1460.25,0.0,4.0,,,,,,,,,,,2022-07-27 09:00:00
2022-07-27 21:30:00,ETHUSD,entry,long,0.0,1.0,1607.15,1.0,0.6682144138462608,position_exit,24.0,2022-07-28 09:30:00,,,,,0.6507522870947838,,,2022-07-27 21:30:00
2022-07-28 09:30:00,ETHUSD,exit,long,1.0,0.0,1619.45,0.0,4.0,,,,,,,,,,,2022-07-28 09:30:00
2022-07-28 22:00:00,ETHUSD,entry,short,0.0,-1.0,1748.75,-1.0,-1.3441688763503978,position_exit,24.0,2022-07-29 10:00:00,,,,,1.3276152473185618,,,2022-07-28 22:00:00
2022-07-29 10:00:00,ETHUSD,exit,short,-1.0,0.0,1720.35,0.0,0.593916865174679,,,,,,,,,,,2022-07-29 10:00:00
2022-07-29 23:00:00,ETHUSD,entry,short,0.0,-1.0,1761.8000000000002,-1.0,-2.841780436701853,position_exit,24.0,2022-07-30 11:00:00,,,,,2.8255382671207325,,,2022-07-29 23:00:00
2022-07-30 11:00:00,ETHUSD,exit,short,-1.0,0.0,1700.15,0.0,-0.8000615139643836,,,,,,,,,,,2022-07-30 11:00:00
2022-08-02 16:00:00,ETHUSD,entry,long,0.0,1.0,1671.15,1.0,-2.8806902158621575,position_exit,24.0,2022-08-03 04:00:00,,,,,-2.8998697595045373,,,2022-08-02 16:00:00
2022-08-03 04:00:00,ETHUSD,exit,long,1.0,0.0,1620.95,0.0,2.046089191700683,,,,,,,,,,,2022-08-03 04:00:00
2022-08-03 23:00:00,ETHUSD,entry,short,0.0,-1.0,1613.7,-1.0,0.3158015734243427,position_exit,24.0,2022-08-04 11:00:00,,,,,-0.33772024004948203,,,2022-08-03 23:00:00
2022-08-04 11:00:00,ETHUSD,exit,short,-1.0,0.0,1618.35,0.0,-0.9220022743389986,,,,,,,,,,,2022-08-04 11:00:00
2022-08-11 20:00:00,ETHUSD,entry,long,0.0,1.0,1896.35,1.0,-0.10979025597407405,position_exit,24.0,2022-08-12 08:00:00,,,,,-0.13229844537044444,,,2022-08-11 20:00:00
2022-08-12 08:00:00,ETHUSD,exit,long,1.0,0.0,1894.5,0.0,1.7807226702439007,,,,,,,,,,,2022-08-12 08:00:00
2022-08-12 20:30:00,ETHUSD,entry,long,0.0,1.0,1933.1,1.0,3.8623424831511297,position_exit,26.0,2022-08-13 09:30:00,,,,,4.88023028110295,,,2022-08-12 20:30:00
2022-08-13 09:30:00,ETHUSD,exit,long,1.0,0.0,2003.55,0.0,-1.0879278679665678,,,,,,,,,,,2022-08-13 09:30:00
2022-08-17 00:00:00,ETHUSD,entry,short,0.0,-1.0,1881.25,-1.0,-1.145891392433463,position_exit,24.0,2022-08-17 12:00:00,,,,,1.1203800530013224,,,2022-08-17 00:00:00
2022-08-17 12:00:00,ETHUSD,exit,short,-1.0,0.0,1864.35,0.0,-2.50712201451279,,,,,,,,,,,2022-08-17 12:00:00
2022-08-21 09:30:00,ETHUSD,entry,short,0.0,-1.0,1617.25,-1.0,0.2868319790739843,position_exit,28.0,2022-08-21 23:30:00,,,,,-0.06596813235577628,,,2022-08-21 09:30:00
2022-08-21 23:30:00,ETHUSD,exit,short,-1.0,0.0,1617.95,0.0,-3.2952020607960075,,,,,,,,,,,2022-08-21 23:30:00
2022-08-26 14:00:00,ETHUSD,entry,long,0.0,1.0,1660.1999999999998,1.0,-4.0,position_exit,24.0,2022-08-27 02:00:00,,,,,-11.703802771090317,,,2022-08-26 14:00:00
2022-08-27 02:00:00,ETHUSD,exit,long,1.0,0.0,1497.1,0.0,0.3510768375821478,,,,,,,,,,,2022-08-27 02:00:00
2022-08-27 21:30:00,ETHUSD,entry,long,0.0,1.0,1462.85,1.0,1.9854840835968202,position_exit,24.0,2022-08-28 09:30:00,,,,,1.9643606989300042,,,2022-08-27 21:30:00
2022-08-28 09:30:00,ETHUSD,exit,long,1.0,0.0,1490.35,0.0,-1.052518181436278,,,,,,,,,,,2022-08-28 09:30:00
2022-08-28 21:30:00,ETHUSD,entry,short,0.0,-1.0,1477.35,-1.0,-2.2376053097065216,position_exit,24.0,2022-08-29 09:30:00,,,,,2.211929766372206,,,2022-08-28 21:30:00
2022-08-29 09:30:00,ETHUSD,exit,short,-1.0,0.0,1451.6,0.0,4.0,,,,,,,,,,,2022-08-29 09:30:00
2022-08-29 23:00:00,ETHUSD,entry,long,0.0,1.0,1544.05,1.0,2.9382202279526854,position_exit,24.0,2022-08-30 11:00:00,,,,,2.914152541252641,,,2022-08-29 23:00:00
2022-08-30 11:00:00,ETHUSD,exit,long,1.0,0.0,1581.75,0.0,-3.8210461222906114,,,,,,,,,,,2022-08-30 11:00:00
2022-09-06 01:30:00,ETHUSD,entry,long,0.0,1.0,1639.55,1.0,0.8801817522262754,position_exit,31.0,2022-09-06 17:00:00,,,,,-3.9727949113936445,,,2022-09-06 01:30:00
2022-09-06 17:00:00,ETHUSD,exit,long,1.0,0.0,1597.45,0.0,-4.0,,,,,,,,,,,2022-09-06 17:00:00
2022-09-07 12:00:00,ETHUSD,entry,long,0.0,1.0,1505.95,1.0,4.0,position_exit,24.0,2022-09-08 00:00:00,,,,,9.31306857659997,,,2022-09-07 12:00:00
2022-09-08 00:00:00,ETHUSD,exit,long,1.0,0.0,1629.9,0.0,-0.13189760312579507,,,,,,,,,,,2022-09-08 00:00:00
2022-09-08 12:00:00,ETHUSD,entry,long,0.0,1.0,1627.95,1.0,1.034174751380096,position_exit,24.0,2022-09-09 00:00:00,,,,,1.0106281110093833,,,2022-09-08 12:00:00
2022-09-09 00:00:00,ETHUSD,exit,long,1.0,0.0,1642.25,0.0,4.0,,,,,,,,,,,2022-09-09 00:00:00
2022-09-09 13:00:00,ETHUSD,entry,long,0.0,1.0,1714.75,1.0,0.5933572864150445,position_exit,24.0,2022-09-10 01:00:00,,,,,0.569417065076691,,,2022-09-09 13:00:00
2022-09-10 01:00:00,ETHUSD,exit,long,1.0,0.0,1723.25,0.0,-0.44295983140322914,,,,,,,,,,,2022-09-10 01:00:00
2022-09-14 07:30:00,ETHUSD,entry,long,0.0,1.0,1611.95,1.0,-0.7462079820756877,position_exit,25.0,2022-09-14 20:00:00,,,,,-0.8855663986542658,,,2022-09-14 07:30:00
2022-09-14 20:00:00,ETHUSD,exit,long,1.0,0.0,1598.15,0.0,0.5129206800129968,,,,,,,,,,,2022-09-14 20:00:00
2022-09-16 08:30:00,ETHUSD,entry,long,0.0,1.0,1451.45,1.0,-0.833980081970896,position_exit,24.0,2022-09-16 20:30:00,,,,,-0.8518469511956013,,,2022-09-16 08:30:00
2022-09-16 20:30:00,ETHUSD,exit,long,1.0,0.0,1437.9,0.0,-0.3312507004643481,,,,,,,,,,,2022-09-16 20:30:00
2022-09-27 17:00:00,ETHUSD,entry,short,0.0,-1.0,1324.55,-1.0,-3.685915609330718,position_exit,24.0,2022-09-28 05:00:00,,,,,3.6618060808352437,,,2022-09-27 17:00:00
2022-09-28 05:00:00,ETHUSD,exit,short,-1.0,0.0,1284.05,0.0,4.0,,,,,,,,,,,2022-09-28 05:00:00
2022-10-03 07:00:00,ETHUSD,entry,long,0.0,1.0,1293.85,1.0,3.2066234855487923,position_exit,26.0,2022-10-03 20:00:00,,,,,3.0621521345787075,,,2022-10-03 07:00:00
2022-10-03 20:00:00,ETHUSD,exit,long,1.0,0.0,1316.55,0.0,4.0,,,,,,,,,,,2022-10-03 20:00:00
2022-10-04 15:30:00,ETHUSD,entry,short,0.0,-1.0,1354.35,-1.0,-0.03594993631923764,position_exit,24.0,2022-10-05 03:30:00,,,,,-0.0030011006839293156,,,2022-10-04 15:30:00
2022-10-05 03:30:00,ETHUSD,exit,short,-1.0,0.0,1354.1,0.0,-3.5227306841859405,,,,,,,,,,,2022-10-05 03:30:00
2022-10-05 17:00:00,ETHUSD,entry,short,0.0,-1.0,1354.2,-1.0,2.8547769744730815,position_exit,24.0,2022-10-06 05:00:00,,,,,-2.893148577240636,,,2022-10-05 17:00:00
2022-10-06 05:00:00,ETHUSD,exit,short,-1.0,0.0,1374.35,0.0,-1.1079220270382943,,,,,,,,,,,2022-10-06 05:00:00
2022-10-06 21:00:00,ETHUSD,entry,long,0.0,1.0,1357.1,1.0,0.0855105824399024,position_exit,24.0,2022-10-07 09:00:00,,,,,0.04980399430783598,,,2022-10-06 21:00:00
2022-10-07 09:00:00,ETHUSD,exit,long,1.0,0.0,1357.75,0.0,-3.471157555872631,,,,,,,,,,,2022-10-07 09:00:00
2022-10-10 08:00:00,ETHUSD,entry,short,0.0,-1.0,1304.35,-1.0,0.7891337039752824,position_exit,24.0,2022-10-10 20:00:00,,,,,-0.8447718956929108,,,2022-10-10 08:00:00
2022-10-10 20:00:00,ETHUSD,exit,short,-1.0,0.0,1308.05,0.0,-3.9388129174091877,,,,,,,,,,,2022-10-10 20:00:00
2022-10-11 09:30:00,ETHUSD,entry,short,0.0,-1.0,1280.6,-1.0,-0.7739238812270542,position_exit,24.0,2022-10-11 21:30:00,,,,,0.7255781777001666,,,2022-10-11 09:30:00
2022-10-11 21:30:00,ETHUSD,exit,short,-1.0,0.0,1276.5,0.0,4.0,,,,,,,,,,,2022-10-11 21:30:00
2022-10-12 09:30:00,ETHUSD,entry,short,0.0,-1.0,1303.0,-1.0,-0.5542268691644864,position_exit,24.0,2022-10-12 21:30:00,,,,,0.5068722717531929,,,2022-10-12 09:30:00
2022-10-12 21:30:00,ETHUSD,exit,short,-1.0,0.0,1299.95,0.0,-4.0,,,,,,,,,,,2022-10-12 21:30:00
2022-10-14 10:00:00,ETHUSD,entry,long,0.0,1.0,1332.55,1.0,-4.0,position_exit,24.0,2022-10-14 22:00:00,,,,,-4.912945144495106,,,2022-10-14 10:00:00
2022-10-14 22:00:00,ETHUSD,exit,long,1.0,0.0,1291.9,0.0,-0.8232904557068195,,,,,,,,,,,2022-10-14 22:00:00
2022-10-15 13:00:00,ETHUSD,entry,long,0.0,1.0,1282.2,1.0,0.037755468859646944,position_exit,24.0,2022-10-16 01:00:00,,,,,-0.0009725808778614925,,,2022-10-15 13:00:00
2022-10-16 01:00:00,ETHUSD,exit,long,1.0,0.0,1282.4499999999998,0.0,0.2304056845625108,,,,,,,,,,,2022-10-16 01:00:00
2022-10-16 21:30:00,ETHUSD,entry,long,0.0,1.0,1293.45,1.0,4.0,position_exit,24.0,2022-10-17 09:30:00,,,,,4.66044602482338,,,2022-10-16 21:30:00
2022-10-17 09:30:00,ETHUSD,exit,long,1.0,0.0,1317.9,0.0,2.4441094868714672,,,,,,,,,,,2022-10-17 09:30:00
2022-10-21 08:30:00,ETHUSD,entry,short,0.0,-1.0,1278.3000000000002,-1.0,4.0,position_exit,24.0,2022-10-21 20:30:00,,,,,-4.443043880356156,,,2022-10-21 08:30:00
2022-10-21 20:30:00,ETHUSD,exit,short,-1.0,0.0,1302.8000000000002,0.0,-0.30623063694364067,,,,,,,,,,,2022-10-21 20:30:00
2022-10-23 22:00:00,ETHUSD,entry,short,0.0,-1.0,1361.6,-1.0,-2.275357758259195,position_exit,26.0,2022-10-24 11:00:00,,,,,2.7906027710834653,,,2022-10-23 22:00:00
2022-10-24 11:00:00,ETHUSD,exit,short,-1.0,0.0,1348.45,0.0,-0.6035030742461592,,,,,,,,,,,2022-10-24 11:00:00
2022-10-25 01:00:00,ETHUSD,entry,long,0.0,1.0,1337.55,1.0,4.0,position_exit,24.0,2022-10-25 13:00:00,,,,,4.501526432811256,,,2022-10-25 01:00:00
2022-10-25 13:00:00,ETHUSD,exit,long,1.0,0.0,1365.0,0.0,4.0,,,,,,,,,,,2022-10-25 13:00:00
2022-10-27 10:30:00,ETHUSD,entry,short,0.0,-1.0,1541.5,-1.0,-1.8485419000721146,position_exit,24.0,2022-10-27 22:30:00,,,,,1.824746264673672,,,2022-10-27 10:30:00
2022-10-27 22:30:00,ETHUSD,exit,short,-1.0,0.0,1517.55,0.0,-1.17658645664058,,,,,,,,,,,2022-10-27 22:30:00
2022-11-04 14:00:00,ETHUSD,entry,long,0.0,1.0,1654.85,1.0,-0.2586276727412229,position_exit,24.0,2022-11-05 02:00:00,,,,,-0.2866925910517812,,,2022-11-04 14:00:00
2022-11-05 02:00:00,ETHUSD,exit,long,1.0,0.0,1651.8,0.0,-1.6128473769393754,,,,,,,,,,,2022-11-05 02:00:00
2022-11-06 23:30:00,ETHUSD,entry,long,0.0,1.0,1568.65,1.0,1.3886719617205507,position_exit,24.0,2022-11-07 11:30:00,,,,,1.3511143708112727,,,2022-11-06 23:30:00
2022-11-07 11:30:00,ETHUSD,exit,long,1.0,0.0,1580.25,0.0,-1.2764365757003968,,,,,,,,,,,2022-11-07 11:30:00
2022-11-10 12:00:00,ETHUSD,entry,long,0.0,1.0,1189.95,1.0,3.5291497361513278,position_exit,24.0,2022-11-11 00:00:00,,,,,3.520331863755447,,,2022-11-10 12:00:00
2022-11-11 00:00:00,ETHUSD,exit,long,1.0,0.0,1285.1999999999998,0.0,-0.5630833940108569,,,,,,,,,,,2022-11-11 00:00:00
2022-11-11 14:00:00,ETHUSD,entry,long,0.0,1.0,1205.4499999999998,1.0,3.0286493539863635,position_exit,24.0,2022-11-12 02:00:00,,,,,3.0193180175933656,,,2022-11-11 14:00:00
2022-11-12 02:00:00,ETHUSD,exit,long,1.0,0.0,1283.7,0.0,-0.8239065993316059,,,,,,,,,,,2022-11-12 02:00:00
2022-11-17 15:30:00,ETHUSD,entry,long,0.0,1.0,1192.6999999999998,1.0,2.640754652381086,position_exit,24.0,2022-11-18 03:30:00,,,,,2.617028640524976,,,2022-11-17 15:30:00
2022-11-18 03:30:00,ETHUSD,exit,long,1.0,0.0,1219.25,0.0,-0.998404844661165,,,,,,,,,,,2022-11-18 03:30:00
2022-11-21 02:30:00,ETHUSD,entry,long,0.0,1.0,1121.55,1.0,1.5502578021882103,position_exit,24.0,2022-11-21 14:30:00,,,,,1.5210360939859122,,,2022-11-21 02:30:00
2022-11-21 14:30:00,ETHUSD,exit,long,1.0,0.0,1133.45,0.0,-2.9503984001069368,,,,,,,,,,,2022-11-21 14:30:00
2022-11-22 22:30:00,ETHUSD,entry,short,0.0,-1.0,1136.35,-1.0,3.6580149306284193,position_exit,24.0,2022-11-23 10:30:00,,,,,-3.6803033234778324,,,2022-11-22 22:30:00
2022-11-23 10:30:00,ETHUSD,exit,short,-1.0,0.0,1173.65,0.0,-0.03162782316096427,,,,,,,,,,,2022-11-23 10:30:00
2022-11-29 04:00:00,ETHUSD,entry,long,0.0,1.0,1192.95,1.0,2.5127592719073664,position_exit,24.0,2022-11-29 16:00:00,,,,,2.473829451473302,,,2022-11-29 04:00:00
2022-11-29 16:00:00,ETHUSD,exit,long,1.0,0.0,1208.35,0.0,4.0,,,,,,,,,,,2022-11-29 16:00:00
2022-12-01 05:30:00,ETHUSD,entry,long,0.0,1.0,1282.45,1.0,-1.0322417192977065,position_exit,24.0,2022-12-01 17:30:00,,,,,-1.0675430097754335,,,2022-12-01 05:30:00
2022-12-01 17:30:00,ETHUSD,exit,long,1.0,0.0,1274.9499999999998,0.0,-0.24312662085122647,,,,,,,,,,,2022-12-01 17:30:00
2022-12-05 13:30:00,ETHUSD,entry,short,0.0,-1.0,1286.15,-1.0,-4.0,position_exit,24.0,2022-12-06 01:30:00,,,,,4.279008372562476,,,2022-12-05 13:30:00
2022-12-06 01:30:00,ETHUSD,exit,short,-1.0,0.0,1263.6,0.0,-1.731937965602677,,,,,,,,,,,2022-12-06 01:30:00
2022-12-06 15:00:00,ETHUSD,entry,short,0.0,-1.0,1252.0,-1.0,1.4785526543545875,position_exit,24.0,2022-12-07 03:00:00,,,,,-1.5251224134300656,,,2022-12-06 15:00:00
2022-12-07 03:00:00,ETHUSD,exit,short,-1.0,0.0,1259.95,0.0,-4.0,,,,,,,,,,,2022-12-07 03:00:00
2022-12-07 22:30:00,ETHUSD,entry,short,0.0,-1.0,1230.5,-1.0,0.5302810073132572,position_exit,24.0,2022-12-08 10:30:00,,,,,-0.5760712374534298,,,2022-12-07 22:30:00
2022-12-08 10:30:00,ETHUSD,exit,short,-1.0,0.0,1233.35,0.0,4.0,,,,,,,,,,,2022-12-08 10:30:00
2022-12-08 22:30:00,ETHUSD,entry,long,0.0,1.0,1284.2,1.0,0.14755614836813738,position_exit,24.0,2022-12-09 10:30:00,,,,,0.10296988819536504,,,2022-12-08 22:30:00
2022-12-09 10:30:00,ETHUSD,exit,long,1.0,0.0,1285.05,0.0,-4.0,,,,,,,,,,,2022-12-09 10:30:00
2022-12-14 18:30:00,ETHUSD,entry,long,0.0,1.0,1334.0500000000002,1.0,-4.0,position_exit,24.0,2022-12-15 06:30:00,,,,,-7.348079973003485,,,2022-12-14 18:30:00
2022-12-15 06:30:00,ETHUSD,exit,long,1.0,0.0,1289.6,0.0,-2.8327737856828756,,,,,,,,,,,2022-12-15 06:30:00
2022-12-15 18:30:00,ETHUSD,entry,long,0.0,1.0,1272.05,1.0,-0.140643408225335,position_exit,24.0,2022-12-16 06:30:00,,,,,-0.18536977008348227,,,2022-12-15 18:30:00
2022-12-16 06:30:00,ETHUSD,exit,long,1.0,0.0,1271.25,0.0,-4.0,,,,,,,,,,,2022-12-16 06:30:00
2022-12-17 17:30:00,ETHUSD,entry,short,0.0,-1.0,1174.35,-1.0,2.1652604022648974,position_exit,24.0,2022-12-18 05:30:00,,,,,-2.203787274286147,,,2022-12-17 17:30:00
2022-12-18 05:30:00,ETHUSD,exit,short,-1.0,0.0,1187.5500000000002,0.0,-1.7405018286614609,,,,,,,,,,,2022-12-18 05:30:00
2022-12-26 01:30:00,ETHUSD,entry,long,0.0,1.0,1221.0,1.0,-1.6763747628720405,position_exit,25.0,2022-12-26 14:00:00,,,,,-1.2791688332090805,,,2022-12-26 01:30:00
2022-12-26 14:00:00,ETHUSD,exit,long,1.0,0.0,1217.1999999999998,0.0,2.757887715999274,,,,,,,,,,,2022-12-26 14:00:00
2022-12-29 08:00:00,ETHUSD,entry,long,0.0,1.0,1192.85,1.0,0.8293650929124355,position_exit,26.0,2022-12-29 21:00:00,,,,,0.5822485229903931,,,2022-12-29 08:00:00
2022-12-29 21:00:00,ETHUSD,exit,long,1.0,0.0,1195.3000000000002,0.0,-0.3137089434778696,,,,,,,,,,,2022-12-29 21:00:00
2022-12-30 09:00:00,ETHUSD,entry,long,0.0,1.0,1194.1,1.0,1.5651192173170003,position_exit,25.0,2022-12-30 21:30:00,,,,,1.1132893649085367,,,2022-12-30 09:00:00
2022-12-30 21:30:00,ETHUSD,exit,long,1.0,0.0,1198.5,0.0,-0.7274242569280411,,,,,,,,,,,2022-12-30 21:30:00
2023-01-03 20:00:00,ETHUSD,entry,long,0.0,1.0,1210.65,1.0,4.0,position_exit,24.0,2023-01-04 08:00:00,,,,,13.924104757478812,,,2023-01-03 20:00:00
2023-01-04 08:00:00,ETHUSD,exit,long,1.0,0.0,1249.8,0.0,0.7789791234435551,,,,,,,,,,,2023-01-04 08:00:00
2023-01-05 07:00:00,ETHUSD,entry,long,0.0,1.0,1248.4499999999998,1.0,1.111503671214438,position_exit,24.0,2023-01-05 19:00:00,,,,,1.0412425695269028,,,2023-01-05 07:00:00
2023-01-05 19:00:00,ETHUSD,exit,long,1.0,0.0,1252.4,0.0,-1.3533228342241557,,,,,,,,,,,2023-01-05 19:00:00
2023-01-06 09:00:00,ETHUSD,entry,short,0.0,-1.0,1248.15,-1.0,4.0,position_exit,24.0,2023-01-06 21:00:00,,,,,-6.079388137609957,,,2023-01-06 09:00:00
2023-01-06 21:00:00,ETHUSD,exit,short,-1.0,0.0,1266.8,0.0,-0.5685664565296531,,,,,,,,,,,2023-01-06 21:00:00
2023-01-09 08:00:00,ETHUSD,entry,short,0.0,-1.0,1309.35,-1.0,4.0,position_exit,24.0,2023-01-09 20:00:00,,,,,-4.2547827294120095,,,2023-01-09 08:00:00
2023-01-09 20:00:00,ETHUSD,exit,short,-1.0,0.0,1325.0,0.0,0.7101374837308447,,,,,,,,,,,2023-01-09 20:00:00
2023-01-10 10:00:00,ETHUSD,entry,short,0.0,-1.0,1333.3,-1.0,1.134386960315021,position_exit,24.0,2023-01-10 22:00:00,,,,,-1.1893861651944402,,,2023-01-10 10:00:00
2023-01-10 22:00:00,ETHUSD,exit,short,-1.0,0.0,1338.8000000000002,0.0,-0.6827467755659664,,,,,,,,,,,2023-01-10 22:00:00
2023-01-11 12:00:00,ETHUSD,entry,long,0.0,1.0,1333.05,1.0,4.0,position_exit,24.0,2023-01-12 00:00:00,,,,,13.542241941914208,,,2023-01-11 12:00:00
2023-01-12 00:00:00,ETHUSD,exit,long,1.0,0.0,1390.6999999999998,0.0,0.7382124984615871,,,,,,,,,,,2023-01-12 00:00:00
2023-01-13 16:00:00,ETHUSD,entry,long,0.0,1.0,1411.65,1.0,4.0,position_exit,24.0,2023-01-14 04:00:00,,,,,20.357784737375443,,,2023-01-13 16:00:00
2023-01-14 04:00:00,ETHUSD,exit,long,1.0,0.0,1554.1,0.0,-2.300725496502712,,,,,,,,,,,2023-01-14 04:00:00
2023-01-15 01:00:00,ETHUSD,entry,long,0.0,1.0,1522.45,1.0,1.1599489322340812,position_exit,24.0,2023-01-15 13:00:00,,,,,1.131350320867647,,,2023-01-15 01:00:00
2023-01-15 13:00:00,ETHUSD,exit,long,1.0,0.0,1534.8,0.0,3.7838675057386943,,,,,,,,,,,2023-01-15 13:00:00
2023-01-16 01:00:00,ETHUSD,entry,short,0.0,-1.0,1566.9499999999998,-1.0,-2.408440353083003,position_exit,24.0,2023-01-16 13:00:00,,,,,2.3761847495679493,,,2023-01-16 01:00:00
2023-01-16 13:00:00,ETHUSD,exit,short,-1.0,0.0,1543.55,0.0,1.0044727230099575,,,,,,,,,,,2023-01-16 13:00:00
2023-01-20 22:00:00,ETHUSD,entry,long,0.0,1.0,1652.0,1.0,-1.8054491697638424,position_exit,24.0,2023-01-21 10:00:00,,,,,-1.8406421140523266,,,2023-01-20 22:00:00
2023-01-21 10:00:00,ETHUSD,exit,long,1.0,0.0,1635.05,0.0,1.56333065882359,,,,,,,,,,,2023-01-21 10:00:00
2023-01-21 22:30:00,ETHUSD,entry,long,0.0,1.0,1628.0500000000002,1.0,-0.23743960129038566,position_exit,24.0,2023-01-22 10:30:00,,,,,-0.26965322986383583,,,2023-01-21 22:30:00
2023-01-22 10:30:00,ETHUSD,exit,long,1.0,0.0,1625.65,0.0,0.38897174187999745,,,,,,,,,,,2023-01-22 10:30:00
2023-01-23 15:00:00,ETHUSD,entry,short,0.0,-1.0,1621.65,-1.0,1.5062181646352448,position_exit,24.0,2023-01-24 03:00:00,,,,,-1.5412369271683573,,,2023-01-23 15:00:00
2023-01-24 03:00:00,ETHUSD,exit,short,-1.0,0.0,1635.6,0.0,-1.895135395306824,,,,,,,,,,,2023-01-24 03:00:00
2023-01-25 14:30:00,ETHUSD,entry,short,0.0,-1.0,1536.5500000000002,-1.0,4.0,position_exit,24.0,2023-01-26 02:30:00,,,,,-9.029098440999915,,,2023-01-25 14:30:00
2023-01-26 02:30:00,ETHUSD,exit,short,-1.0,0.0,1614.5,0.0,-0.8133906434500655,,,,,,,,,,,2023-01-26 02:30:00
2023-01-26 14:30:00,ETHUSD,entry,short,0.0,-1.0,1605.5,-1.0,-3.3808621164406545,position_exit,24.0,2023-01-27 02:30:00,,,,,3.3489797427082357,,,2023-01-26 14:30:00
2023-01-27 02:30:00,ETHUSD,exit,short,-1.0,0.0,1571.45,0.0,0.8087365982946957,,,,,,,,,,,2023-01-27 02:30:00
2023-01-31 05:30:00,ETHUSD,entry,long,0.0,1.0,1562.3000000000002,1.0,3.526046648824969,position_exit,24.0,2023-01-31 17:30:00,,,,,3.4901005301986903,,,2023-01-31 05:30:00
2023-01-31 17:30:00,ETHUSD,exit,long,1.0,0.0,1592.95,0.0,-1.234873156825314,,,,,,,,,,,2023-01-31 17:30:00
2023-02-01 19:00:00,ETHUSD,entry,long,0.0,1.0,1575.45,1.0,4.0,position_exit,24.0,2023-02-02 07:00:00,,,,,11.765128717772305,,,2023-02-01 19:00:00
2023-02-02 07:00:00,ETHUSD,exit,long,1.0,0.0,1669.85,0.0,0.8823622714245594,,,,,,,,,,,2023-02-02 07:00:00
2023-02-03 13:00:00,ETHUSD,entry,short,0.0,-1.0,1648.4,-1.0,1.2843306865405573,position_exit,24.0,2023-02-04 01:00:00,,,,,-1.3199120429051996,,,2023-02-03 13:00:00
2023-02-04 01:00:00,ETHUSD,exit,short,-1.0,0.0,1660.3,0.0,3.0456968050390305,,,,,,,,,,,2023-02-04 01:00:00
2023-02-08 23:00:00,ETHUSD,entry,short,0.0,-1.0,1648.5,-1.0,-2.041238557219306,position_exit,24.0,2023-02-09 11:00:00,,,,,2.0005741250551834,,,2023-02-08 23:00:00
2023-02-09 11:00:00,ETHUSD,exit,short,-1.0,0.0,1631.95,0.0,-4.0,,,,,,,,,,,2023-02-09 11:00:00
2023-02-10 12:00:00,ETHUSD,entry,short,0.0,-1.0,1538.85,-1.0,-2.8554305508770765,position_exit,24.0,2023-02-11 00:00:00,,,,,2.8203480813902635,,,2023-02-10 12:00:00
2023-02-11 00:00:00,ETHUSD,exit,short,-1.0,0.0,1513.8,0.0,0.7541710234427745,,,,,,,,,,,2023-02-11 00:00:00
2023-02-15 12:00:00,ETHUSD,entry,long,0.0,1.0,1586.65,1.0,4.0,position_exit,24.0,2023-02-16 00:00:00,,,,,14.590333101822347,,,2023-02-15 12:00:00
2023-02-16 00:00:00,ETHUSD,exit,long,1.0,0.0,1695.85,0.0,-1.3381968994713727,,,,,,,,,,,2023-02-16 00:00:00
2023-02-16 14:30:00,ETHUSD,entry,short,0.0,-1.0,1679.0500000000002,-1.0,-2.3533197236758894,position_exit,24.0,2023-02-17 02:30:00,,,,,2.3154171674933655,,,2023-02-16 14:30:00
2023-02-17 02:30:00,ETHUSD,exit,short,-1.0,0.0,1658.1999999999998,0.0,-0.05273278467304069,,,,,,,,,,,2023-02-17 02:30:00
2023-02-18 12:00:00,ETHUSD,entry,short,0.0,-1.0,1696.5,-1.0,0.17386375065815127,position_exit,24.0,2023-02-19 00:00:00,,,,,-0.21192308652806746,,,2023-02-18 12:00:00
2023-02-19 00:00:00,ETHUSD,exit,short,-1.0,0.0,1698.05,0.0,-0.2601923452311584,,,,,,,,,,,2023-02-19 00:00:00
2023-02-24 00:00:00,ETHUSD,entry,long,0.0,1.0,1652.25,1.0,-0.5002681043689879,position_exit,24.0,2023-02-24 12:00:00,,,,,-0.5350709664929869,,,2023-02-24 00:00:00
2023-02-24 12:00:00,ETHUSD,exit,long,1.0,0.0,1647.5,0.0,-4.0,,,,,,,,,,,2023-02-24 12:00:00
2023-03-03 13:00:00,ETHUSD,entry,long,0.0,1.0,1569.95,1.0,0.2577818515686539,position_exit,24.0,2023-03-04 01:00:00,,,,,0.2162736856331889,,,2023-03-03 13:00:00
2023-03-04 01:00:00,ETHUSD,exit,long,1.0,0.0,1571.9,0.0,-0.3865598189888953,,,,,,,,,,,2023-03-04 01:00:00
2023-03-06 01:30:00,ETHUSD,entry,long,0.0,1.0,1562.15,1.0,1.598333942655193,position_exit,24.0,2023-03-06 13:30:00,,,,,1.538169186787194,,,2023-03-06 01:30:00
2023-03-06 13:30:00,ETHUSD,exit,long,1.0,0.0,1570.45,0.0,0.7474470006794748,,,,,,,,,,,2023-03-06 13:30:00
2023-03-08 15:00:00,ETHUSD,entry,short,0.0,-1.0,1557.95,-1.0,-3.091632664489019,position_exit,24.0,2023-03-09 03:00:00,,,,,3.033948723056206,,,2023-03-08 15:00:00
2023-03-09 03:00:00,ETHUSD,exit,short,-1.0,0.0,1541.25,0.0,-0.57421758906796,,,,,,,,,,,2023-03-09 03:00:00
2023-03-12 18:00:00,ETHUSD,entry,long,0.0,1.0,1548.35,1.0,3.864148025702367,position_exit,24.0,2023-03-13 06:00:00,,,,,3.84194745577437,,,2023-03-12 18:00:00
2023-03-13 06:00:00,ETHUSD,exit,long,1.0,0.0,1602.25,0.0,4.0,,,,,,,,,,,2023-03-13 06:00:00
2023-03-13 22:00:00,ETHUSD,entry,long,0.0,1.0,1687.15,1.0,-0.5447247159009867,position_exit,24.0,2023-03-14 10:00:00,,,,,-0.5653771272365768,,,2023-03-13 22:00:00
2023-03-14 10:00:00,ETHUSD,exit,long,1.0,0.0,1678.25,0.0,1.8842580581949069,,,,,,,,,,,2023-03-14 10:00:00
2023-03-15 11:00:00,ETHUSD,entry,long,0.0,1.0,1664.35,1.0,-0.6243774737616036,position_exit,24.0,2023-03-15 23:00:00,,,,,-0.6462550032027834,,,2023-03-15 11:00:00
2023-03-15 23:00:00,ETHUSD,exit,long,1.0,0.0,1654.85,0.0,0.5939559173310605,,,,,,,,,,,2023-03-15 23:00:00
2023-03-20 01:00:00,ETHUSD,entry,long,0.0,1.0,1780.45,1.0,-0.05649976158332269,position_exit,24.0,2023-03-20 13:00:00,,,,,-0.08164851171113256,,,2023-03-20 01:00:00
2023-03-20 13:00:00,ETHUSD,exit,long,1.0,0.0,1779.65,0.0,-2.218136683655561,,,,,,,,,,,2023-03-20 13:00:00
2023-03-23 16:00:00,ETHUSD,entry,long,0.0,1.0,1830.25,1.0,-1.286320994576217,position_exit,24.0,2023-03-24 04:00:00,,,,,-1.3161221211626246,,,2023-03-23 16:00:00
2023-03-24 04:00:00,ETHUSD,exit,long,1.0,0.0,1814.45,0.0,-4.0,,,,,,,,,,,2023-03-24 04:00:00
2023-03-29 10:30:00,ETHUSD,entry,short,0.0,-1.0,1811.35,-1.0,-2.281595470180477,position_exit,24.0,2023-03-29 22:30:00,,,,,2.242329266333362,,,2023-03-29 10:30:00
2023-03-29 22:30:00,ETHUSD,exit,short,-1.0,0.0,1790.3000000000002,0.0,1.4852720213442472,,,,,,,,,,,2023-03-29 22:30:00
2023-03-31 15:00:00,ETHUSD,entry,long,0.0,1.0,1828.25,1.0,-0.1490858213479116,position_exit,24.0,2023-04-01 03:00:00,,,,,-0.18946599214488255,,,2023-03-31 15:00:00
2023-04-01 03:00:00,ETHUSD,exit,long,1.0,0.0,1826.9,0.0,-0.7217185534658368,,,,,,,,,,,2023-04-01 03:00:00
2023-04-04 23:00:00,ETHUSD,entry,short,0.0,-1.0,1864.4,-1.0,4.0,position_exit,24.0,2023-04-05 11:00:00,,,,,-5.656556143921835,,,2023-04-04 23:00:00
2023-04-05 11:00:00,ETHUSD,exit,short,-1.0,0.0,1915.85,0.0,-0.5954467837272424,,,,,,,,,,,2023-04-05 11:00:00
2023-04-06 07:30:00,ETHUSD,entry,long,0.0,1.0,1880.0,1.0,-0.9279509081177872,position_exit,24.0,2023-04-06 19:30:00,,,,,-0.9715646007991698,,,2023-04-06 07:30:00
2023-04-06 19:30:00,ETHUSD,exit,long,1.0,0.0,1872.0,0.0,-2.3628082489823585,,,,,,,,,,,2023-04-06 19:30:00
2023-04-11 06:00:00,ETHUSD,entry,short,0.0,-1.0,1921.95,-1.0,-1.8958635983289627,position_exit,24.0,2023-04-11 18:00:00,,,,,1.844901989338594,,,2023-04-11 06:00:00
2023-04-11 18:00:00,ETHUSD,exit,short,-1.0,0.0,1907.65,0.0,-4.0,,,,,,,,,,,2023-04-11 18:00:00
2023-04-13 22:30:00,ETHUSD,entry,long,0.0,1.0,2009.9,1.0,4.0,position_exit,24.0,2023-04-14 10:30:00,,,,,10.683406294570613,,,2023-04-13 22:30:00
2023-04-14 10:30:00,ETHUSD,exit,long,1.0,0.0,2115.25,0.0,-0.8053420462342893,,,,,,,,,,,2023-04-14 10:30:00
2023-04-15 13:30:00,ETHUSD,entry,long,0.0,1.0,2098.3,1.0,-0.7387882668543103,position_exit,24.0,2023-04-16 01:30:00,,,,,-0.7804043586754273,,,2023-04-15 13:30:00
2023-04-16 01:30:00,ETHUSD,exit,long,1.0,0.0,2090.8500000000004,0.0,-0.3850018677387667,,,,,,,,,,,2023-04-16 01:30:00
2023-04-22 06:00:00,ETHUSD,entry,short,0.0,-1.0,1855.2,-1.0,1.998310008467098,position_exit,24.0,2023-04-22 18:00:00,,,,,-2.0330384836681312,,,2023-04-22 06:00:00
2023-04-22 18:00:00,ETHUSD,exit,short,-1.0,0.0,1876.55,0.0,-0.8560664444329965,,,,,,,,,,,2023-04-22 18:00:00
2023-04-26 17:30:00,ETHUSD,entry,short,0.0,-1.0,1947.55,-1.0,-4.0,position_exit,24.0,2023-04-27 05:30:00,,,,,3.98448081826985,,,2023-04-26 17:30:00
2023-04-27 05:30:00,ETHUSD,exit,short,-1.0,0.0,1908.05,0.0,-0.19754927041489548,,,,,,,,,,,2023-04-27 05:30:00
2023-04-27 20:00:00,ETHUSD,entry,long,0.0,1.0,1916.7,1.0,-0.10016395944115047,position_exit,24.0,2023-04-28 08:00:00,,,,,-0.1266445471736812,,,2023-04-27 20:00:00
2023-04-28 08:00:00,ETHUSD,exit,long,1.0,0.0,1915.25,0.0,-1.8220846542770763,,,,,,,,,,,2023-04-28 08:00:00
2023-05-01 15:00:00,ETHUSD,entry,long,0.0,1.0,1829.75,1.0,-0.5769401505320463,position_exit,24.0,2023-05-02 03:00:00,,,,,-0.623342622639314,,,2023-05-01 15:00:00
2023-05-02 03:00:00,ETHUSD,exit,long,1.0,0.0,1825.2,0.0,4.0,,,,,,,,,,,2023-05-02 03:00:00
2023-05-02 19:00:00,ETHUSD,entry,long,0.0,1.0,1876.55,1.0,-0.9789533378933637,position_exit,24.0,2023-05-03 07:00:00,,,,,-1.022954652533472,,,2023-05-02 19:00:00
2023-05-03 07:00:00,ETHUSD,exit,long,1.0,0.0,1868.2,0.0,1.6346404843324454,,,,,,,,,,,2023-05-03 07:00:00
2023-05-03 19:00:00,ETHUSD,entry,short,0.0,-1.0,1879.8,-1.0,2.386034095278548,position_exit,24.0,2023-05-04 07:00:00,,,,,-2.4311121544977095,,,2023-05-03 19:00:00
2023-05-04 07:00:00,ETHUSD,exit,short,-1.0,0.0,1899.7,0.0,-3.070152411379839,,,,,,,,,,,2023-05-04 07:00:00
2023-05-05 23:00:00,ETHUSD,entry,short,0.0,-1.0,1997.2,-1.0,-4.0,position_exit,24.0,2023-05-06 11:00:00,,,,,7.332042010181666,,,2023-05-05 23:00:00
2023-05-06 11:00:00,ETHUSD,exit,short,-1.0,0.0,1931.95,0.0,-3.668301580996846,,,,,,,,,,,2023-05-06 11:00:00
2023-05-07 23:30:00,ETHUSD,entry,long,0.0,1.0,1873.4,1.0,-0.9364946743746857,position_exit,24.0,2023-05-08 11:30:00,,,,,-0.9772953516531289,,,2023-05-07 23:30:00
2023-05-08 11:30:00,ETHUSD,exit,long,1.0,0.0,1864.8,0.0,-1.638340248940053,,,,,,,,,,,2023-05-08 11:30:00
2023-05-12 12:30:00,ETHUSD,entry,long,0.0,1.0,1773.05,1.0,3.933315505628723,position_exit,24.0,2023-05-13 00:30:00,,,,,3.894678580103819,,,2023-05-12 12:30:00
2023-05-13 00:30:00,ETHUSD,exit,long,1.0,0.0,1809.15,0.0,-0.44714904389555327,,,,,,,,,,,2023-05-13 00:30:00
2023-05-13 19:30:00,ETHUSD,entry,long,0.0,1.0,1793.85,1.0,1.5538597381567305,position_exit,24.0,2023-05-14 07:30:00,,,,,1.5090823680154775,,,2023-05-13 19:30:00
2023-05-14 07:30:00,ETHUSD,exit,long,1.0,0.0,1806.3,0.0,-1.3332956589441547,,,,,,,,,,,2023-05-14 07:30:00
2023-05-23 04:00:00,ETHUSD,entry,long,0.0,1.0,1862.75,1.0,-1.5219409735243632,position_exit,24.0,2023-05-23 16:00:00,,,,,-1.5871132849827374,,,2023-05-23 04:00:00
2023-05-23 16:00:00,ETHUSD,exit,long,1.0,0.0,1854.05,0.0,-4.0,,,,,,,,,,,2023-05-23 16:00:00
2023-05-26 14:00:00,ETHUSD,entry,short,0.0,-1.0,1833.45,-1.0,-0.9005368380699441,position_exit,24.0,2023-05-27 02:00:00,,,,,0.8357882394126779,,,2023-05-26 14:00:00
2023-05-27 02:00:00,ETHUSD,exit,short,-1.0,0.0,1828.35,0.0,-0.7147142002635523,,,,,,,,,,,2023-05-27 02:00:00
2023-05-28 22:00:00,ETHUSD,entry,long,0.0,1.0,1905.55,1.0,-0.3751196101214558,position_exit,24.0,2023-05-29 10:00:00,,,,,-0.4401022622185935,,,2023-05-28 22:00:00
2023-05-29 10:00:00,ETHUSD,exit,long,1.0,0.0,1903.35,0.0,-2.5587002238178096,,,,,,,,,,,2023-05-29 10:00:00
2023-05-30 05:00:00,ETHUSD,entry,long,0.0,1.0,1896.85,1.0,0.4615513250859873,position_exit,24.0,2023-05-30 17:00:00,,,,,0.39901606572975423,,,2023-05-30 05:00:00
2023-05-30 17:00:00,ETHUSD,exit,long,1.0,0.0,1899.65,0.0,-4.0,,,,,,,,,,,2023-05-30 17:00:00
2023-06-06 09:30:00,ETHUSD,entry,long,0.0,1.0,1817.65,1.0,4.0,position_exit,24.0,2023-06-06 21:30:00,,,,,10.585539689072899,,,2023-06-06 09:30:00
2023-06-06 21:30:00,ETHUSD,exit,long,1.0,0.0,1880.15,0.0,-3.4546047796472994,,,,,,,,,,,2023-06-06 21:30:00
2023-06-07 10:00:00,ETHUSD,entry,short,0.0,-1.0,1857.15,-1.0,-3.982109297572662,position_exit,24.0,2023-06-07 22:00:00,,,,,3.9311067163178084,,,2023-06-07 10:00:00
2023-06-07 22:00:00,ETHUSD,exit,short,-1.0,0.0,1828.15,0.0,1.3538272332867556,,,,,,,,,,,2023-06-07 22:00:00
2023-06-11 04:30:00,ETHUSD,entry,long,0.0,1.0,1754.75,1.0,-0.22297483589427997,position_exit,24.0,2023-06-11 16:30:00,,,,,-0.2664487351483563,,,2023-06-11 04:30:00
2023-06-11 16:30:00,ETHUSD,exit,long,1.0,0.0,1752.95,0.0,-1.7456777909980594,,,,,,,,,,,2023-06-11 16:30:00
2023-06-12 17:00:00,ETHUSD,entry,long,0.0,1.0,1727.85,1.0,2.543347710615616,position_exit,24.0,2023-06-13 05:00:00,,,,,2.497571425805474,,,2023-06-12 17:00:00
2023-06-13 05:00:00,ETHUSD,exit,long,1.0,0.0,1747.0500000000002,0.0,-1.4154287433284247,,,,,,,,,,,2023-06-13 05:00:00
2023-06-16 16:30:00,ETHUSD,entry,short,0.0,-1.0,1684.35,-1.0,4.0,position_exit,24.0,2023-06-17 04:30:00,,,,,-5.954533065416103,,,2023-06-16 16:30:00
2023-06-17 04:30:00,ETHUSD,exit,short,-1.0,0.0,1725.8000000000002,0.0,0.5728193571300216,,,,,,,,,,,2023-06-17 04:30:00
2023-06-21 10:00:00,ETHUSD,entry,short,0.0,-1.0,1817.05,-1.0,4.0,position_exit,24.0,2023-06-21 22:00:00,,,,,-8.714500051059,,,2023-06-21 10:00:00
2023-06-21 22:00:00,ETHUSD,exit,short,-1.0,0.0,1880.25,0.0,2.9603095515799183,,,,,,,,,,,2023-06-21 22:00:00
2023-06-22 22:30:00,ETHUSD,entry,long,0.0,1.0,1870.95,1.0,0.8447407329844067,position_exit,24.0,2023-06-23 10:30:00,,,,,0.8061927409264694,,,2023-06-22 22:30:00
2023-06-23 10:30:00,ETHUSD,exit,long,1.0,0.0,1879.15,0.0,1.5134938639700446,,,,,,,,,,,2023-06-23 10:30:00
2023-06-27 07:00:00,ETHUSD,entry,long,0.0,1.0,1873.05,1.0,2.8715131612969587,position_exit,24.0,2023-06-27 19:00:00,,,,,2.824333444395535,,,2023-06-27 07:00:00
2023-06-27 19:00:00,ETHUSD,exit,long,1.0,0.0,1895.85,0.0,-3.8018647691043888,,,,,,,,,,,2023-06-27 19:00:00
2023-06-28 14:00:00,ETHUSD,entry,long,0.0,1.0,1858.55,1.0,-2.9263242269174086,position_exit,24.0,2023-06-29 02:00:00,,,,,-2.974032296144906,,,2023-06-28 14:00:00
2023-06-29 02:00:00,ETHUSD,exit,long,1.0,0.0,1835.75,0.0,2.9906908581561282,,,,,,,,,,,2023-06-29 02:00:00
2023-06-30 04:30:00,ETHUSD,entry,short,0.0,-1.0,1886.7,-1.0,1.418336971683832,position_exit,24.0,2023-06-30 16:30:00,,,,,-1.4656993852143858,,,2023-06-30 04:30:00
2023-06-30 16:30:00,ETHUSD,exit,short,-1.0,0.0,1898.0,0.0,1.5570404190583091,,,,,,,,,,,2023-06-30 16:30:00
2023-07-02 22:30:00,ETHUSD,entry,short,0.0,-1.0,1942.1,-1.0,2.5612887429008886,position_exit,24.0,2023-07-03 10:30:00,,,,,-2.611031531576828,,,2023-07-02 22:30:00
2023-07-03 10:30:00,ETHUSD,exit,short,-1.0,0.0,1962.1,0.0,-0.8244520198473387,,,,,,,,,,,2023-07-03 10:30:00
2023-07-07 08:00:00,ETHUSD,entry,long,0.0,1.0,1857.7,1.0,0.7662513544902646,position_exit,24.0,2023-07-07 20:00:00,,,,,0.7179982988551467,,,2023-07-07 08:00:00
2023-07-07 20:00:00,ETHUSD,exit,long,1.0,0.0,1863.6,0.0,0.12102668043847851,,,,,,,,,,,2023-07-07 20:00:00
2023-07-12 06:00:00,ETHUSD,entry,short,0.0,-1.0,1888.65,-1.0,-0.14185598839139682,position_exit,24.0,2023-07-12 18:00:00,,,,,0.0653084705411932,,,2023-07-12 06:00:00
2023-07-12 18:00:00,ETHUSD,exit,short,-1.0,0.0,1887.95,0.0,-3.1313040092240305,,,,,,,,,,,2023-07-12 18:00:00
2023-07-13 09:00:00,ETHUSD,entry,short,0.0,-1.0,1877.15,-1.0,4.0,position_exit,24.0,2023-07-13 21:00:00,,,,,-20.37299796386613,,,2023-07-13 09:00:00
2023-07-13 21:00:00,ETHUSD,exit,short,-1.0,0.0,1976.55,0.0,2.6997681681080445,,,,,,,,,,,2023-07-13 21:00:00
2023-07-23 19:00:00,ETHUSD,entry,long,0.0,1.0,1894.75,1.0,-4.0,position_exit,26.0,2023-07-24 08:00:00,,,,,-4.838418361119667,,,2023-07-23 19:00:00
2023-07-24 08:00:00,ETHUSD,exit,long,1.0,0.0,1874.55,0.0,-4.0,,,,,,,,,,,2023-07-24 08:00:00
2023-07-25 01:00:00,ETHUSD,entry,long,0.0,1.0,1846.1,1.0,1.76392653708688,position_exit,33.0,2023-07-25 17:30:00,,,,,2.9116782562385985,,,2023-07-25 01:00:00
2023-07-25 17:30:00,ETHUSD,exit,long,1.0,0.0,1860.5,0.0,-0.28158163297781197,,,,,,,,,,,2023-07-25 17:30:00
2023-07-26 05:30:00,ETHUSD,entry,long,0.0,1.0,1859.2,1.0,-0.39373347128413066,position_exit,24.0,2023-07-26 17:30:00,,,,,-0.4824642918671656,,,2023-07-26 05:30:00
2023-07-26 17:30:00,ETHUSD,exit,long,1.0,0.0,1857.55,0.0,4.0,,,,,,,,,,,2023-07-26 17:30:00
2023-08-02 15:00:00,ETHUSD,entry,short,0.0,-1.0,1838.8,-1.0,0.3212149907250308,position_exit,24.0,2023-08-03 03:00:00,,,,,-0.3974279100727319,,,2023-08-02 15:00:00
2023-08-03 03:00:00,ETHUSD,exit,short,-1.0,0.0,1840.35,0.0,-0.16997729998427788,,,,,,,,,,,2023-08-03 03:00:00
2023-08-03 15:00:00,ETHUSD,entry,long,0.0,1.0,1839.5,1.0,-1.2049203851871702,position_exit,24.0,2023-08-04 03:00:00,,,,,-1.2840793512068969,,,2023-08-03 15:00:00
2023-08-04 03:00:00,ETHUSD,exit,long,1.0,0.0,1833.9,0.0,2.3625563074151708,,,,,,,,,,,2023-08-04 03:00:00
2023-08-09 16:30:00,ETHUSD,entry,long,0.0,1.0,1847.7,1.0,0.7016962466371164,position_exit,24.0,2023-08-10 04:30:00,,,,,0.6206634869550924,,,2023-08-09 16:30:00
2023-08-10 04:30:00,ETHUSD,exit,long,1.0,0.0,1850.9,0.0,-0.25515597568038695,,,,,,,,,,,2023-08-10 04:30:00
2023-08-10 17:30:00,ETHUSD,entry,long,0.0,1.0,1846.55,1.0,0.28279847759414856,position_exit,24.0,2023-08-11 05:30:00,,,,,0.1919808204111382,,,2023-08-10 17:30:00
2023-08-11 05:30:00,ETHUSD,exit,long,1.0,0.0,1847.7,0.0,-1.9527570753978338,,,,,,,,,,,2023-08-11 05:30:00
2023-08-15 08:30:00,ETHUSD,entry,long,0.0,1.0,1840.7,1.0,-4.0,position_exit,24.0,2023-08-15 20:30:00,,,,,-5.733377638080615,,,2023-08-15 08:30:00
2023-08-15 20:30:00,ETHUSD,exit,long,1.0,0.0,1827.6,0.0,-1.380107739404041,,,,,,,,,,,2023-08-15 20:30:00
2023-08-16 09:30:00,ETHUSD,entry,short,0.0,-1.0,1822.2,-1.0,-4.0,position_exit,24.0,2023-08-16 21:30:00,,,,,4.134246788575519,,,2023-08-16 09:30:00
2023-08-16 21:30:00,ETHUSD,exit,short,-1.0,0.0,1809.8,0.0,-4.0,,,,,,,,,,,2023-08-16 21:30:00
2023-08-19 15:30:00,ETHUSD,entry,short,0.0,-1.0,1683.0,-1.0,-1.9712494421566098,position_exit,24.0,2023-08-20 03:30:00,,,,,1.9259577996835322,,,2023-08-19 15:30:00
2023-08-20 03:30:00,ETHUSD,exit,short,-1.0,0.0,1668.35,0.0,0.36713042701996135,,,,,,,,,,,2023-08-20 03:30:00
2023-08-23 07:30:00,ETHUSD,entry,long,0.0,1.0,1644.6,1.0,4.0,position_exit,24.0,2023-08-23 19:30:00,,,,,5.812303190646725,,,2023-08-23 07:30:00
2023-08-23 19:30:00,ETHUSD,exit,long,1.0,0.0,1686.65,0.0,-1.6328619153331523,,,,,,,,,,,2023-08-23 19:30:00
2023-08-30 09:00:00,ETHUSD,entry,long,0.0,1.0,1711.9,1.0,-1.377944507797974,position_exit,24.0,2023-08-30 21:00:00,,,,,-1.4341088697715394,,,2023-08-30 09:00:00
2023-08-30 21:00:00,ETHUSD,exit,long,1.0,0.0,1703.5,0.0,0.19699063226077673,,,,,,,,,,,2023-08-30 21:00:00
2023-08-31 11:30:00,ETHUSD,entry,long,0.0,1.0,1713.6,1.0,-4.0,position_exit,24.0,2023-08-31 23:30:00,,,,,-13.95177742082072,,,2023-08-31 11:30:00
2023-08-31 23:30:00,ETHUSD,exit,long,1.0,0.0,1645.5,0.0,0.10809946356014448,,,,,,,,,,,2023-08-31 23:30:00
2023-09-01 11:30:00,ETHUSD,entry,long,0.0,1.0,1646.2,1.0,-3.4651850431322004,position_exit,24.0,2023-09-01 23:30:00,,,,,-3.5289212176350415,,,2023-09-01 11:30:00
2023-09-01 23:30:00,ETHUSD,exit,long,1.0,0.0,1628.3,0.0,0.9255047815510176,,,,,,,,,,,2023-09-01 23:30:00
2023-09-07 12:30:00,ETHUSD,entry,long,0.0,1.0,1625.4,1.0,4.0,position_exit,24.0,2023-09-08 00:30:00,,,,,6.683149644338195,,,2023-09-07 12:30:00
2023-09-08 00:30:00,ETHUSD,exit,long,1.0,0.0,1654.6,0.0,-4.0,,,,,,,,,,,2023-09-08 00:30:00
2023-09-08 13:30:00,ETHUSD,entry,short,0.0,-1.0,1630.75,-1.0,1.0538971505454655,position_exit,24.0,2023-09-09 01:30:00,,,,,-1.1233372627979876,,,2023-09-08 13:30:00
2023-09-09 01:30:00,ETHUSD,exit,short,-1.0,0.0,1635.6999999999998,0.0,-1.3018406276717436,,,,,,,,,,,2023-09-09 01:30:00
2023-09-10 15:30:00,ETHUSD,entry,long,0.0,1.0,1619.3000000000002,1.0,-2.5346167976009966,position_exit,24.0,2023-09-11 03:30:00,,,,,-2.6455439592321097,,,2023-09-10 15:30:00
2023-09-11 03:30:00,ETHUSD,exit,long,1.0,0.0,1611.9,0.0,-4.0,,,,,,,,,,,2023-09-11 03:30:00
2023-09-13 05:00:00,ETHUSD,entry,long,0.0,1.0,1584.6,1.0,2.7828407124156653,position_exit,24.0,2023-09-13 17:00:00,,,,,2.7358040255582883,,,2023-09-13 05:00:00
2023-09-13 17:00:00,ETHUSD,exit,long,1.0,0.0,1603.35,0.0,1.490831437516935,,,,,,,,,,,2023-09-13 17:00:00
2023-09-19 11:30:00,ETHUSD,entry,short,0.0,-1.0,1647.9,-1.0,-0.8929815851936872,position_exit,24.0,2023-09-19 23:30:00,,,,,0.8275796138940096,,,2023-09-19 11:30:00
2023-09-19 23:30:00,ETHUSD,exit,short,-1.0,0.0,1643.4,0.0,-2.530625190801524,,,,,,,,,,,2023-09-19 23:30:00
2023-09-20 15:30:00,ETHUSD,entry,short,0.0,-1.0,1629.3,-1.0,-1.1408102085398466,position_exit,24.0,2023-09-21 03:30:00,,,,,1.0783321556734284,,,2023-09-20 15:30:00
2023-09-21 03:30:00,ETHUSD,exit,short,-1.0,0.0,1623.35,0.0,-4.0,,,,,,,,,,,2023-09-21 03:30:00
2023-09-22 00:30:00,ETHUSD,entry,long,0.0,1.0,1591.0,1.0,0.719332649313181,position_exit,24.0,2023-09-22 12:30:00,,,,,0.6621097370603731,,,2023-09-22 00:30:00
2023-09-22 12:30:00,ETHUSD,exit,long,1.0,0.0,1595.0,0.0,0.18473960925884264,,,,,,,,,,,2023-09-22 12:30:00
2023-09-27 10:00:00,ETHUSD,entry,long,0.0,1.0,1614.45,1.0,-4.0,position_exit,24.0,2023-09-27 22:00:00,,,,,-4.51513523783226,,,2023-09-27 10:00:00
2023-09-27 22:00:00,ETHUSD,exit,long,1.0,0.0,1595.9499999999998,0.0,4.0,,,,,,,,,,,2023-09-27 22:00:00
2023-09-29 06:30:00,ETHUSD,entry,short,0.0,-1.0,1659.05,-1.0,1.290220715513831,position_exit,24.0,2023-09-29 18:30:00,,,,,-1.3480731662727172,,,2023-09-29 06:30:00
2023-09-29 18:30:00,ETHUSD,exit,short,-1.0,0.0,1666.45,0.0,1.0013585495916704,,,,,,,,,,,2023-09-29 18:30:00
2023-10-04 09:30:00,ETHUSD,entry,long,0.0,1.0,1651.5,1.0,-1.2556182483181082,position_exit,24.0,2023-10-04 21:30:00,,,,,-1.3101880782417412,,,2023-10-04 09:30:00
2023-10-04 21:30:00,ETHUSD,exit,long,1.0,0.0,1643.9,0.0,-0.8584120991466612,,,,,,,,,,,2023-10-04 21:30:00
2023-10-05 15:00:00,ETHUSD,entry,long,0.0,1.0,1627.1999999999998,1.0,-0.8231942920503122,position_exit,24.0,2023-10-06 03:00:00,,,,,-0.8814334986598772,,,2023-10-05 15:00:00
2023-10-06 03:00:00,ETHUSD,exit,long,1.0,0.0,1622.6,0.0,3.548712065203629,,,,,,,,,,,2023-10-06 03:00:00
2023-10-09 10:30:00,ETHUSD,entry,long,0.0,1.0,1595.7,1.0,-4.0,position_exit,24.0,2023-10-09 22:30:00,,,,,-4.3590542339256055,,,2023-10-09 10:30:00
2023-10-09 22:30:00,ETHUSD,exit,long,1.0,0.0,1577.0,0.0,1.613218743902039,,,,,,,,,,,2023-10-09 22:30:00
2023-10-10 10:30:00,ETHUSD,entry,long,0.0,1.0,1585.9,1.0,-3.6817819632995055,position_exit,24.0,2023-10-10 22:30:00,,,,,-3.7477586640408544,,,2023-10-10 10:30:00
2023-10-10 22:30:00,ETHUSD,exit,long,1.0,0.0,1568.1999999999998,0.0,1.390626983711118,,,,,,,,,,,2023-10-10 22:30:00
2023-10-11 12:30:00,ETHUSD,entry,long,0.0,1.0,1572.5,1.0,-1.979386785563907,position_exit,24.0,2023-10-12 00:30:00,,,,,-2.034476798312607,,,2023-10-11 12:30:00
2023-10-12 00:30:00,ETHUSD,exit,long,1.0,0.0,1561.2,0.0,-2.1330057884794633,,,,,,,,,,,2023-10-12 00:30:00
2023-10-12 12:30:00,ETHUSD,entry,long,0.0,1.0,1549.0,1.0,-0.8863827151353428,position_exit,24.0,2023-10-13 00:30:00,,,,,-0.9418577383976914,,,2023-10-12 12:30:00
2023-10-13 00:30:00,ETHUSD,exit,long,1.0,0.0,1544.0500000000002,0.0,1.4961267883529552,,,,,,,,,,,2023-10-13 00:30:00
2023-10-16 10:30:00,ETHUSD,entry,long,0.0,1.0,1585.6999999999998,1.0,3.8235979551652086,position_exit,24.0,2023-10-16 22:30:00,,,,,3.7518455376799817,,,2023-10-16 10:30:00
2023-10-16 22:30:00,ETHUSD,exit,long,1.0,0.0,1602.6,0.0,-2.258176532323558,,,,,,,,,,,2023-10-16 22:30:00
2023-10-17 10:30:00,ETHUSD,entry,short,0.0,-1.0,1587.1,-1.0,-4.0,position_exit,24.0,2023-10-17 22:30:00,,,,,4.213964480683512,,,2023-10-17 10:30:00
2023-10-17 22:30:00,ETHUSD,exit,short,-1.0,0.0,1562.3000000000002,0.0,3.2584901020471198,,,,,,,,,,,2023-10-17 22:30:00
2023-10-19 15:00:00,ETHUSD,entry,short,0.0,-1.0,1558.5,-1.0,4.0,position_exit,24.0,2023-10-20 03:00:00,,,,,-6.279649837391777,,,2023-10-19 15:00:00
2023-10-20 03:00:00,ETHUSD,exit,short,-1.0,0.0,1592.0,0.0,2.8992024353958783,,,,,,,,,,,2023-10-20 03:00:00
2023-10-20 20:30:00,ETHUSD,entry,short,0.0,-1.0,1603.4,-1.0,0.5041824856225711,position_exit,24.0,2023-10-21 08:30:00,,,,,-0.553930559311592,,,2023-10-20 20:30:00
2023-10-21 08:30:00,ETHUSD,exit,short,-1.0,0.0,1606.65,0.0,4.0,,,,,,,,,,,2023-10-21 08:30:00
2023-10-22 23:00:00,ETHUSD,entry,short,0.0,-1.0,1661.25,-1.0,2.3194373024760044,position_exit,24.0,2023-10-23 11:00:00,,,,,-2.3724017728367706,,,2023-10-22 23:00:00
2023-10-23 11:00:00,ETHUSD,exit,short,-1.0,0.0,1675.8000000000002,0.0,4.0,,,,,,,,,,,2023-10-23 11:00:00
2023-10-25 05:00:00,ETHUSD,entry,long,0.0,1.0,1786.1,1.0,0.25996917074680426,position_exit,24.0,2023-10-25 17:00:00,,,,,0.23224792084403076,,,2023-10-25 05:00:00
2023-10-25 17:00:00,ETHUSD,exit,long,1.0,0.0,1789.45,0.0,1.266022234201153,,,,,,,,,,,2023-10-25 17:00:00
2023-10-26 06:30:00,ETHUSD,entry,short,0.0,-1.0,1813.8,-1.0,-2.8209044326050026,position_exit,24.0,2023-10-26 18:30:00,,,,,2.78740815463538,,,2023-10-26 06:30:00
2023-10-26 18:30:00,ETHUSD,exit,short,-1.0,0.0,1783.25,0.0,0.9618950279147319,,,,,,,,,,,2023-10-26 18:30:00
2023-11-02 12:30:00,ETHUSD,entry,short,0.0,-1.0,1836.65,-1.0,-4.0,position_exit,24.0,2023-11-03 00:30:00,,,,,5.390658170684837,,,2023-11-02 12:30:00
2023-11-03 00:30:00,ETHUSD,exit,short,-1.0,0.0,1787.5,0.0,1.0114349258321056,,,,,,,,,,,2023-11-03 00:30:00
2023-11-05 09:00:00,ETHUSD,entry,short,0.0,-1.0,1885.45,-1.0,-1.0501342363087938,position_exit,29.0,2023-11-05 23:30:00,,,,,-1.140138716063424,,,2023-11-05 09:00:00
2023-11-05 23:30:00,ETHUSD,exit,short,-1.0,0.0,1893.65,0.0,0.6566577304567592,,,,,,,,,,,2023-11-05 23:30:00
2023-11-06 12:00:00,ETHUSD,entry,short,0.0,-1.0,1903.3,-1.0,-1.0190182522227194,position_exit,24.0,2023-11-07 00:00:00,,,,,0.9731129873834914,,,2023-11-06 12:00:00
2023-11-07 00:00:00,ETHUSD,exit,short,-1.0,0.0,1894.85,0.0,-2.2135715663385565,,,,,,,,,,,2023-11-07 00:00:00
2023-11-11 01:00:00,ETHUSD,entry,long,0.0,1.0,2057.7,1.0,-0.09057976001687415,position_exit,24.0,2023-11-11 13:00:00,,,,,-0.12040151556676239,,,2023-11-11 01:00:00
2023-11-11 13:00:00,ETHUSD,exit,long,1.0,0.0,2056.45,0.0,-1.7712026845136624,,,,,,,,,,,2023-11-11 13:00:00
2023-11-15 11:00:00,ETHUSD,entry,long,0.0,1.0,2006.4,1.0,4.0,position_exit,24.0,2023-11-15 23:00:00,,,,,4.092717807948812,,,2023-11-15 11:00:00
2023-11-15 23:00:00,ETHUSD,exit,long,1.0,0.0,2051.55,0.0,1.8670841963934768,,,,,,,,,,,2023-11-15 23:00:00
2023-11-16 12:00:00,ETHUSD,entry,long,0.0,1.0,2049.0,1.0,-4.0,position_exit,24.0,2023-11-17 00:00:00,,,,,-7.047180173278564,,,2023-11-16 12:00:00
2023-11-17 00:00:00,ETHUSD,exit,long,1.0,0.0,1967.4,0.0,-0.8308571224470667,,,,,,,,,,,2023-11-17 00:00:00
2023-11-18 07:00:00,ETHUSD,entry,long,0.0,1.0,1933.1,1.0,3.144252494928368,position_exit,24.0,2023-11-18 19:00:00,,,,,3.109270310767397,,,2023-11-18 07:00:00
2023-11-18 19:00:00,ETHUSD,exit,long,1.0,0.0,1967.85,0.0,-0.4495262532638816,,,,,,,,,,,2023-11-18 19:00:00
2023-11-23 08:30:00,ETHUSD,entry,short,0.0,-1.0,2082.1,-1.0,-1.4197888395880203,position_exit,24.0,2023-11-23 20:30:00,,,,,1.3822505241225393,,,2023-11-23 08:30:00
2023-11-23 20:30:00,ETHUSD,exit,short,-1.0,0.0,2066.3500000000004,0.0,1.2535532208176363,,,,,,,,,,,2023-11-23 20:30:00
2023-11-27 20:00:00,ETHUSD,entry,long,0.0,1.0,1990.1,1.0,2.073564138092186,position_exit,24.0,2023-11-28 08:00:00,,,,,2.0318813098981754,,,2023-11-27 20:00:00
2023-11-28 08:00:00,ETHUSD,exit,long,1.0,0.0,2009.9,0.0,4.0,,,,,,,,,,,2023-11-28 08:00:00
2023-11-29 08:30:00,ETHUSD,entry,short,0.0,-1.0,2072.15,-1.0,-4.0,position_exit,24.0,2023-11-29 21:30:00,,,,,5.087087468615999,,,2023-11-29 08:30:00
2023-11-29 21:30:00,ETHUSD,exit,short,-1.0,0.0,2028.85,0.0,0.02874892096361394,,,,,,,,,,,2023-11-29 21:30:00
2023-12-01 15:00:00,ETHUSD,entry,short,0.0,-1.0,2073.85,-1.0,2.5243030161102773,position_exit,24.0,2023-12-02 03:00:00,,,,,-2.576263570055105,,,2023-12-01 15:00:00
2023-12-02 03:00:00,ETHUSD,exit,short,-1.0,0.0,2094.0,0.0,1.0046213363814203,,,,,,,,,,,2023-12-02 03:00:00
2023-12-03 00:30:00,ETHUSD,entry,short,0.0,-1.0,2166.95,-1.0,-1.6548380185627687,position_exit,24.0,2023-12-03 12:30:00,,,,,1.6028677106739626,,,2023-12-03 00:30:00
2023-12-03 12:30:00,ETHUSD,exit,short,-1.0,0.0,2153.15,0.0,4.0,,,,,,,,,,,2023-12-03 12:30:00
2023-12-04 00:30:00,ETHUSD,entry,short,0.0,-1.0,2210.6,-1.0,4.0,position_exit,24.0,2023-12-04 12:30:00,,,,,-5.289337273741433,,,2023-12-04 00:30:00
2023-12-04 12:30:00,ETHUSD,exit,short,-1.0,0.0,2253.75,0.0,-0.17264739550386915,,,,,,,,,,,2023-12-04 12:30:00
2023-12-05 15:30:00,ETHUSD,entry,short,0.0,-1.0,2228.5,-1.0,4.0,position_exit,24.0,2023-12-06 03:30:00,,,,,-4.830899486824239,,,2023-12-05 15:30:00
2023-12-06 03:30:00,ETHUSD,exit,short,-1.0,0.0,2282.4,0.0,-2.1334228992281905,,,,,,,,,,,2023-12-06 03:30:00
2023-12-08 10:00:00,ETHUSD,entry,short,0.0,-1.0,2357.9,-1.0,0.7365808637400322,position_exit,24.0,2023-12-08 22:00:00,,,,,-0.7749628310022468,,,2023-12-08 10:00:00
2023-12-08 22:00:00,ETHUSD,exit,short,-1.0,0.0,2366.95,0.0,-1.3518872298291145,,,,,,,,,,,2023-12-08 22:00:00
2023-12-13 15:00:00,ETHUSD,entry,short,0.0,-1.0,2212.3,-1.0,3.19274500168487,position_exit,24.0,2023-12-14 03:00:00,,,,,-3.2284633823029365,,,2023-12-13 15:00:00
2023-12-14 03:00:00,ETHUSD,exit,short,-1.0,0.0,2251.85,0.0,1.788208930913472,,,,,,,,,,,2023-12-14 03:00:00
2023-12-18 12:30:00,ETHUSD,entry,long,0.0,1.0,2126.2,1.0,4.0,position_exit,24.0,2023-12-19 00:30:00,,,,,8.253062759760773,,,2023-12-18 12:30:00
2023-12-19 00:30:00,ETHUSD,exit,long,1.0,0.0,2213.75,0.0,1.6445294440662506,,,,,,,,,,,2023-12-19 00:30:00
2023-12-23 00:00:00,ETHUSD,entry,short,0.0,-1.0,2322.3500000000004,-1.0,-1.8817974145400234,position_exit,24.0,2023-12-23 12:00:00,,,,,1.8496636481748978,,,2023-12-23 00:00:00
2023-12-23 12:00:00,ETHUSD,exit,short,-1.0,0.0,2295.15,0.0,0.6266117030663485,,,,,,,,,,,2023-12-23 12:00:00
2023-12-27 18:00:00,ETHUSD,entry,short,0.0,-1.0,2344.0,-1.0,2.8619226541456557,position_exit,24.0,2023-12-28 06:00:00,,,,,-2.900476370819815,,,2023-12-27 18:00:00
2023-12-28 06:00:00,ETHUSD,exit,short,-1.0,0.0,2378.8,0.0,-1.2741233482358563,,,,,,,,,,,2023-12-28 06:00:00
2023-12-29 09:30:00,ETHUSD,entry,short,0.0,-1.0,2369.0,-1.0,-4.0,position_exit,24.0,2023-12-29 21:30:00,,,,,5.462275689856774,,,2023-12-29 09:30:00
2023-12-29 21:30:00,ETHUSD,exit,short,-1.0,0.0,2285.6,0.0,-0.4354473116823719,,,,,,,,,,,2023-12-29 21:30:00
2024-01-04 10:00:00,ETHUSD,entry,long,0.0,1.0,2213.2,1.0,4.0,position_exit,24.0,2024-01-04 22:00:00,,,,,4.180370816943993,,,2024-01-04 10:00:00
2024-01-04 22:00:00,ETHUSD,exit,long,1.0,0.0,2277.1,0.0,-1.2036936171441643,,,,,,,,,,,2024-01-04 22:00:00
2024-01-06 06:30:00,ETHUSD,entry,long,0.0,1.0,2220.8500000000004,1.0,2.222798073636155,position_exit,24.0,2024-01-06 18:30:00,,,,,2.1874109689636527,,,2024-01-06 06:30:00
2024-01-06 18:30:00,ETHUSD,exit,long,1.0,0.0,2248.75,0.0,0.20160957910494398,,,,,,,,,,,2024-01-06 18:30:00
2024-01-09 04:30:00,ETHUSD,entry,short,0.0,-1.0,2316.35,-1.0,-3.9937425285055124,position_exit,24.0,2024-01-09 16:30:00,,,,,3.9576061788730006,,,2024-01-09 04:30:00
2024-01-09 16:30:00,ETHUSD,exit,short,-1.0,0.0,2265.15,0.0,4.0,,,,,,,,,,,2024-01-09 16:30:00
2024-01-12 00:00:00,ETHUSD,entry,long,0.0,1.0,2606.65,1.0,2.7656469865420856,position_exit,24.0,2024-01-12 12:00:00,,,,,2.744598596126076,,,2024-01-12 00:00:00
2024-01-12 12:00:00,ETHUSD,exit,long,1.0,0.0,2675.15,0.0,-4.0,,,,,,,,,,,2024-01-12 12:00:00
2024-01-19 08:30:00,ETHUSD,entry,long,0.0,1.0,2470.35,1.0,0.9978650230782655,position_exit,24.0,2024-01-19 20:30:00,,,,,0.9567804254155763,,,2024-01-19 08:30:00
2024-01-19 20:30:00,ETHUSD,exit,long,1.0,0.0,2482.3500000000004,0.0,-0.6778447170797962,,,,,,,,,,,2024-01-19 20:30:00
2024-01-22 17:00:00,ETHUSD,entry,long,0.0,1.0,2363.8500000000004,1.0,-1.7126439411694505,position_exit,24.0,2024-01-23 05:00:00,,,,,-1.7524319842193747,,,2024-01-22 17:00:00
2024-01-23 05:00:00,ETHUSD,exit,long,1.0,0.0,2343.5,0.0,-4.0,,,,,,,,,,,2024-01-23 05:00:00
2024-01-24 10:30:00,ETHUSD,entry,short,0.0,-1.0,2255.55,-1.0,-2.302858681389322,position_exit,24.0,2024-01-24 22:30:00,,,,,2.2724831673612225,,,2024-01-24 10:30:00
2024-01-24 22:30:00,ETHUSD,exit,short,-1.0,0.0,2221.3500000000004,0.0,1.1004127465932534,,,,,,,,,,,2024-01-24 22:30:00
2024-01-25 18:00:00,ETHUSD,entry,short,0.0,-1.0,2219.55,-1.0,0.21863606928133358,position_exit,24.0,2024-01-26 06:00:00,,,,,-0.25329847553654344,,,2024-01-25 18:00:00
2024-01-26 06:00:00,ETHUSD,exit,short,-1.0,0.0,2222.3500000000004,0.0,4.0,,,,,,,,,,,2024-01-26 06:00:00
2024-02-01 14:00:00,ETHUSD,entry,long,0.0,1.0,2279.65,1.0,1.7389498054534818,position_exit,24.0,2024-02-02 02:00:00,,,,,1.6972214167799118,,,2024-02-01 14:00:00
2024-02-02 02:00:00,ETHUSD,exit,long,1.0,0.0,2298.65,0.0,-0.9416769779762112,,,,,,,,,,,2024-02-02 02:00:00
2024-02-08 10:00:00,ETHUSD,entry,long,0.0,1.0,2423.45,1.0,0.4712371656016644,position_exit,24.0,2024-02-08 22:00:00,,,,,0.4174950616497765,,,2024-02-08 10:00:00
2024-02-08 22:00:00,ETHUSD,exit,long,1.0,0.0,2427.7,0.0,3.629293393529615,,,,,,,,,,,2024-02-08 22:00:00
2024-02-09 11:30:00,ETHUSD,entry,short,0.0,-1.0,2503.25,-1.0,-1.5222608465074468,position_exit,24.0,2024-02-09 23:30:00,,,,,1.4732499209252332,,,2024-02-09 11:30:00
2024-02-09 23:30:00,ETHUSD,exit,short,-1.0,0.0,2487.7,0.0,-0.36928287335239196,,,,,,,,,,,2024-02-09 23:30:00
2024-02-13 07:30:00,ETHUSD,entry,long,0.0,1.0,2649.25,1.0,-3.0875658139263105,position_exit,24.0,2024-02-13 19:30:00,,,,,-3.1308448283842805,,,2024-02-13 07:30:00
2024-02-13 19:30:00,ETHUSD,exit,long,1.0,0.0,2611.45,0.0,2.7068374690711376,,,,,,,,,,,2024-02-13 19:30:00
2024-02-14 09:00:00,ETHUSD,entry,long,0.0,1.0,2728.75,1.0,2.1730676962675193,position_exit,24.0,2024-02-14 21:00:00,,,,,2.135537579329611,,,2024-02-14 09:00:00
2024-02-14 21:00:00,ETHUSD,exit,long,1.0,0.0,2760.35,0.0,1.7159095526030281,,,,,,,,,,,2024-02-14 21:00:00
2024-02-15 09:00:00,ETHUSD,entry,short,0.0,-1.0,2786.15,-1.0,2.7433123945704962,position_exit,24.0,2024-02-15 21:00:00,,,,,-2.7794081670763817,,,2024-02-15 09:00:00
2024-02-15 21:00:00,ETHUSD,exit,short,-1.0,0.0,2828.5,0.0,-1.0821325458427065,,,,,,,,,,,2024-02-15 21:00:00
2024-02-19 16:30:00,ETHUSD,entry,short,0.0,-1.0,2897.45,-1.0,1.8706049931749884,position_exit,24.0,2024-02-20 04:30:00,,,,,-1.910902275238021,,,2024-02-19 16:30:00
2024-02-20 04:30:00,ETHUSD,exit,short,-1.0,0.0,2924.3500000000004,0.0,-1.7171015021849418,,,,,,,,,,,2024-02-20 04:30:00
2024-02-26 03:00:00,ETHUSD,entry,short,0.0,-1.0,3098.05,-1.0,1.5857387652392392,position_exit,24.0,2024-02-26 15:00:00,,,,,-1.628550948085975,,,2024-02-26 03:00:00
2024-02-26 15:00:00,ETHUSD,exit,short,-1.0,0.0,3121.0,0.0,4.0,,,,,,,,,,,2024-02-26 15:00:00
2024-02-27 09:00:00,ETHUSD,entry,short,0.0,-1.0,3242.0,-1.0,0.5229239080891148,position_exit,24.0,2024-02-27 21:00:00,,,,,-0.5575222613549163,,,2024-02-27 09:00:00
2024-02-27 21:00:00,ETHUSD,exit,short,-1.0,0.0,3251.8,0.0,3.075316690609515,,,,,,,,,,,2024-02-27 21:00:00
2024-03-04 23:00:00,ETHUSD,entry,long,0.0,1.0,3624.55,1.0,4.0,position_exit,25.0,2024-03-05 11:30:00,,,,,4.4408214845146,,,2024-03-04 23:00:00
2024-03-05 11:30:00,ETHUSD,exit,long,1.0,0.0,3732.15,0.0,-4.0,,,,,,,,,,,2024-03-05 11:30:00
2024-03-06 12:00:00,ETHUSD,entry,long,0.0,1.0,3858.25,1.0,-1.0877074353304887,position_exit,24.0,2024-03-07 00:00:00,,,,,-1.1039107064207279,,,2024-03-06 12:00:00
2024-03-07 00:00:00,ETHUSD,exit,long,1.0,0.0,3806.45,0.0,-0.3946870710211684,,,,,,,,,,,2024-03-07 00:00:00
2024-03-12 00:30:00,ETHUSD,entry,short,0.0,-1.0,4058.95,-1.0,-1.4958919159874302,position_exit,24.0,2024-03-12 12:30:00,,,,,1.4625306495456347,,,2024-03-12 00:30:00
2024-03-12 12:30:00,ETHUSD,exit,short,-1.0,0.0,4022.55,0.0,-1.7515547437947012,,,,,,,,,,,2024-03-12 12:30:00
2024-03-13 20:00:00,ETHUSD,entry,long,0.0,1.0,4002.6,1.0,-0.8502926430000123,position_exit,24.0,2024-03-14 08:00:00,,,,,-0.8798872632858175,,,2024-03-13 20:00:00
2024-03-14 08:00:00,ETHUSD,exit,long,1.0,0.0,3979.6,0.0,-4.0,,,,,,,,,,,2024-03-14 08:00:00
2024-03-16 18:00:00,ETHUSD,entry,long,0.0,1.0,3599.85,1.0,-2.4035977738618874,position_exit,24.0,2024-03-17 06:00:00,,,,,-2.425202246886172,,,2024-03-16 18:00:00
2024-03-17 06:00:00,ETHUSD,exit,long,1.0,0.0,3519.75,0.0,3.1634115497550632,,,,,,,,,,,2024-03-17 06:00:00
2024-03-21 00:30:00,ETHUSD,entry,long,0.0,1.0,3517.1,1.0,0.5398753346186804,position_exit,24.0,2024-03-21 12:30:00,,,,,0.5250119644473561,,,2024-03-21 00:30:00
2024-03-21 12:30:00,ETHUSD,exit,long,1.0,0.0,3542.65,0.0,-1.1600767080436132,,,,,,,,,,,2024-03-21 12:30:00
2024-03-27 17:30:00,ETHUSD,entry,long,0.0,1.0,3497.15,1.0,1.4075154750903451,position_exit,24.0,2024-03-28 05:30:00,,,,,1.3795875729983373,,,2024-03-27 17:30:00
2024-03-28 05:30:00,ETHUSD,exit,long,1.0,0.0,3532.4,0.0,0.9118326448101916,,,,,,,,,,,2024-03-28 05:30:00
2024-04-01 13:00:00,ETHUSD,entry,long,0.0,1.0,3563.35,1.0,-4.0,position_exit,24.0,2024-04-02 01:00:00,,,,,-4.2362480996337055,,,2024-04-01 13:00:00
2024-04-02 01:00:00,ETHUSD,exit,long,1.0,0.0,3495.15,0.0,-4.0,,,,,,,,,,,2024-04-02 01:00:00
2024-04-03 08:30:00,ETHUSD,entry,short,0.0,-1.0,3344.8,-1.0,-1.5691830482876834,position_exit,24.0,2024-04-03 20:30:00,,,,,1.5413020206121513,,,2024-04-03 08:30:00
2024-04-03 20:30:00,ETHUSD,exit,short,-1.0,0.0,3307.15,0.0,1.0188926878043807,,,,,,,,,,,2024-04-03 20:30:00
2024-04-04 13:00:00,ETHUSD,entry,short,0.0,-1.0,3365.35,-1.0,-2.9538500904732543,position_exit,24.0,2024-04-05 01:00:00,,,,,2.921548743919289,,,2024-04-04 13:00:00
2024-04-05 01:00:00,ETHUSD,exit,short,-1.0,0.0,3303.8,0.0,-1.9360716015133534,,,,,,,,,,,2024-04-05 01:00:00
2024-04-08 08:00:00,ETHUSD,entry,long,0.0,1.0,3560.85,1.0,4.0,position_exit,24.0,2024-04-08 20:00:00,,,,,7.071566887275356,,,2024-04-08 08:00:00
2024-04-08 20:00:00,ETHUSD,exit,long,1.0,0.0,3685.85,0.0,-3.779659696567716,,,,,,,,,,,2024-04-08 20:00:00
2024-04-09 13:00:00,ETHUSD,entry,long,0.0,1.0,3621.95,1.0,-4.0,position_exit,24.0,2024-04-10 01:00:00,,,,,-5.932739326941623,,,2024-04-09 13:00:00
2024-04-10 01:00:00,ETHUSD,exit,long,1.0,0.0,3492.15,0.0,-2.6090001194741714,,,,,,,,,,,2024-04-10 01:00:00
2024-04-13 11:00:00,ETHUSD,entry,short,0.0,-1.0,3277.15,-1.0,-4.0,position_exit,24.0,2024-04-13 23:00:00,,,,,9.907831370241485,,,2024-04-13 11:00:00
2024-04-13 23:00:00,ETHUSD,exit,short,-1.0,0.0,3028.25,0.0,0.0025182120039096553,,,,,,,,,,,2024-04-13 23:00:00
2024-04-14 22:00:00,ETHUSD,entry,short,0.0,-1.0,3155.85,-1.0,2.5578707852682907,position_exit,24.0,2024-04-15 10:00:00,,,,,-2.5740801357054788,,,2024-04-14 22:00:00
2024-04-15 10:00:00,ETHUSD,exit,short,-1.0,0.0,3255.45,0.0,-4.0,,,,,,,,,,,2024-04-15 10:00:00
2024-04-16 04:00:00,ETHUSD,entry,long,0.0,1.0,3035.95,1.0,-0.5303178865879413,position_exit,24.0,2024-04-16 16:00:00,,,,,-0.547723492942463,,,2024-04-16 04:00:00
2024-04-16 16:00:00,ETHUSD,exit,long,1.0,0.0,3017.45,0.0,2.276358892075251,,,,,,,,,,,2024-04-16 16:00:00
2024-04-26 10:00:00,ETHUSD,entry,short,0.0,-1.0,3140.0,-1.0,-0.6418921211841389,position_exit,24.0,2024-04-26 22:00:00,,,,,0.6066861603016055,,,2024-04-26 10:00:00
2024-04-26 22:00:00,ETHUSD,exit,short,-1.0,0.0,3128.55,0.0,-0.5386519156555738,,,,,,,,,,,2024-04-26 22:00:00
2024-04-27 12:00:00,ETHUSD,entry,long,0.0,1.0,3132.35,1.0,4.0,position_exit,24.0,2024-04-28 00:00:00,,,,,7.785915801124327,,,2024-04-27 12:00:00
2024-04-28 00:00:00,ETHUSD,exit,long,1.0,0.0,3259.75,0.0,1.6881529958023214,,,,,,,,,,,2024-04-28 00:00:00
2024-04-29 13:30:00,ETHUSD,entry,long,0.0,1.0,3131.95,1.0,2.109981955859035,position_exit,24.0,2024-04-30 01:30:00,,,,,2.077348089258228,,,2024-04-29 13:30:00
2024-04-30 01:30:00,ETHUSD,exit,long,1.0,0.0,3172.45,0.0,-4.0,,,,,,,,,,,2024-04-30 01:30:00
2024-05-02 08:00:00,ETHUSD,entry,short,0.0,-1.0,2942.05,-1.0,1.809788485715239,position_exit,24.0,2024-05-02 20:00:00,,,,,-1.8328132996153133,,,2024-05-02 08:00:00
2024-05-02 20:00:00,ETHUSD,exit,short,-1.0,0.0,2988.3,0.0,-0.3933507171034096,,,,,,,,,,,2024-05-02 20:00:00
2024-05-09 16:00:00,ETHUSD,entry,long,0.0,1.0,3017.55,1.0,0.9006630653464887,position_exit,24.0,2024-05-10 04:00:00,,,,,0.8660414623804452,,,2024-05-09 16:00:00
2024-05-10 04:00:00,ETHUSD,exit,long,1.0,0.0,3033.25,0.0,-4.0,,,,,,,,,,,2024-05-10 04:00:00
2024-05-16 14:30:00,ETHUSD,entry,long,0.0,1.0,2942.15,1.0,0.5734503345090847,position_exit,24.0,2024-05-17 02:30:00,,,,,0.5327954694084308,,,2024-05-16 14:30:00
2024-05-17 02:30:00,ETHUSD,exit,long,1.0,0.0,2950.45,0.0,4.0,,,,,,,,,,,2024-05-17 02:30:00
2024-05-18 03:00:00,ETHUSD,entry,short,0.0,-1.0,3113.1,-1.0,-0.2739885022304456,position_exit,24.0,2024-05-18 15:00:00,,,,,0.23134082191565347,,,2024-05-18 03:00:00
2024-05-18 15:00:00,ETHUSD,exit,short,-1.0,0.0,3109.1000000000004,0.0,1.558547141942231,,,,,,,,,,,2024-05-18 15:00:00
2024-05-22 07:00:00,ETHUSD,entry,short,0.0,-1.0,3744.75,-1.0,-0.19791076072562205,position_exit,24.0,2024-05-22 19:00:00,,,,,0.1727878345823377,,,2024-05-22 07:00:00
2024-05-22 19:00:00,ETHUSD,exit,short,-1.0,0.0,3738.85,0.0,1.5514102190167196,,,,,,,,,,,2024-05-22 19:00:00
2024-05-23 11:00:00,ETHUSD,entry,short,0.0,-1.0,3874.35,-1.0,-3.6428896463971525,position_exit,24.0,2024-05-23 23:00:00,,,,,3.615773739573828,,,2024-05-23 11:00:00
2024-05-23 23:00:00,ETHUSD,exit,short,-1.0,0.0,3770.25,0.0,-1.4720034624124303,,,,,,,,,,,2024-05-23 23:00:00
2024-05-28 08:00:00,ETHUSD,entry,short,0.0,-1.0,3862.8,-1.0,-1.2241707082479594,position_exit,24.0,2024-05-28 20:00:00,,,,,1.1897173267411452,,,2024-05-28 08:00:00
2024-05-28 20:00:00,ETHUSD,exit,short,-1.0,0.0,3835.35,0.0,-1.2579471067859593,,,,,,,,,,,2024-05-28 20:00:00
2024-05-30 12:00:00,ETHUSD,entry,long,0.0,1.0,3752.85,1.0,-0.21926116883345365,position_exit,24.0,2024-05-31 00:00:00,,,,,-0.2550374417664095,,,2024-05-30 12:00:00
2024-05-31 00:00:00,ETHUSD,exit,long,1.0,0.0,3748.25,0.0,3.3309022704459985,,,,,,,,,,,2024-05-31 00:00:00
2024-06-06 19:30:00,ETHUSD,entry,long,0.0,1.0,3790.8,1.0,1.8742328252049192,position_exit,24.0,2024-06-07 07:30:00,,,,,1.8176205399952576,,,2024-06-06 19:30:00
2024-06-07 07:30:00,ETHUSD,exit,long,1.0,0.0,3815.9,0.0,-4.0,,,,,,,,,,,2024-06-07 07:30:00
2024-06-08 10:00:00,ETHUSD,entry,long,0.0,1.0,3684.65,1.0,-0.9860565323951906,position_exit,24.0,2024-06-08 22:00:00,,,,,-1.0387126657588661,,,2024-06-08 10:00:00
2024-06-08 22:00:00,ETHUSD,exit,long,1.0,0.0,3670.85,0.0,1.5701307136961333,,,,,,,,,,,2024-06-08 22:00:00
2024-06-10 15:30:00,ETHUSD,entry,short,0.0,-1.0,3702.25,-1.0,-4.0,position_exit,24.0,2024-06-11 03:30:00,,,,,10.719366556120788,,,2024-06-10 15:30:00
2024-06-11 03:30:00,ETHUSD,exit,short,-1.0,0.0,3595.4,0.0,-4.0,,,,,,,,,,,2024-06-11 03:30:00
2024-06-14 01:30:00,ETHUSD,entry,long,0.0,1.0,3487.05,1.0,1.0749681102621318,position_exit,24.0,2024-06-14 13:30:00,,,,,1.0396052088574497,,,2024-06-14 01:30:00
2024-06-14 13:30:00,ETHUSD,exit,long,1.0,0.0,3508.25,0.0,-1.974075501698666,,,,,,,,,,,2024-06-14 13:30:00
2024-06-17 07:30:00,ETHUSD,entry,long,0.0,1.0,3552.05,1.0,0.08891297025036782,position_exit,24.0,2024-06-17 19:30:00,,,,,0.04212433084623797,,,2024-06-17 07:30:00
2024-06-17 19:30:00,ETHUSD,exit,long,1.0,0.0,3553.4,0.0,-4.0,,,,,,,,,,,2024-06-17 19:30:00
2024-06-19 10:30:00,ETHUSD,entry,short,0.0,-1.0,3560.1000000000004,-1.0,-0.1385990978295097,position_exit,24.0,2024-06-19 22:30:00,,,,,0.1062432520469986,,,2024-06-19 10:30:00
2024-06-19 22:30:00,ETHUSD,exit,short,-1.0,0.0,3557.05,0.0,2.372356505114646,,,,,,,,,,,2024-06-19 22:30:00
2024-06-24 06:00:00,ETHUSD,entry,short,0.0,-1.0,3376.65,-1.0,-4.0,position_exit,24.0,2024-06-24 18:00:00,,,,,5.023260304821118,,,2024-06-24 06:00:00
2024-06-24 18:00:00,ETHUSD,exit,short,-1.0,0.0,3306.7,0.0,3.0605786305468548,,,,,,,,,,,2024-06-24 18:00:00
2024-06-25 16:00:00,ETHUSD,entry,short,0.0,-1.0,3401.35,-1.0,-0.436375420426293,position_exit,24.0,2024-06-26 04:00:00,,,,,0.40103576480089165,,,2024-06-25 16:00:00
2024-06-26 04:00:00,ETHUSD,exit,short,-1.0,0.0,3392.95,0.0,-1.8038952279682943,,,,,,,,,,,2024-06-26 04:00:00
2024-07-01 08:30:00,ETHUSD,entry,short,0.0,-1.0,3480.95,-1.0,-1.3891877109229631,position_exit,24.0,2024-07-01 20:30:00,,,,,1.3294877978076187,,,2024-07-01 08:30:00
2024-07-01 20:30:00,ETHUSD,exit,short,-1.0,0.0,3464.75,0.0,-2.1637287949276915,,,,,,,,,,,2024-07-01 20:30:00
2024-07-06 07:00:00,ETHUSD,entry,short,0.0,-1.0,3009.65,-1.0,1.6994259281158293,position_exit,24.0,2024-07-06 19:00:00,,,,,-1.7232151246021343,,,2024-07-06 07:00:00
2024-07-06 19:00:00,ETHUSD,exit,short,-1.0,0.0,3052.65,0.0,-2.208004764299074,,,,,,,,,,,2024-07-06 19:00:00
2024-07-11 03:00:00,ETHUSD,entry,long,0.0,1.0,3071.25,1.0,3.743979745155155,position_exit,24.0,2024-07-11 15:00:00,,,,,3.712985950566685,,,2024-07-11 03:00:00
2024-07-11 15:00:00,ETHUSD,exit,long,1.0,0.0,3145.45,0.0,-2.824732865068308,,,,,,,,,,,2024-07-11 15:00:00
2024-07-15 03:00:00,ETHUSD,entry,long,0.0,1.0,3323.3,1.0,3.204873515815861,position_exit,24.0,2024-07-15 15:00:00,,,,,3.1632283304586872,,,2024-07-15 03:00:00
2024-07-15 15:00:00,ETHUSD,exit,long,1.0,0.0,3374.45,0.0,4.0,,,,,,,,,,,2024-07-15 15:00:00
2024-07-24 23:00:00,ETHUSD,entry,short,0.0,-1.0,3327.85,-1.0,-4.0,position_exit,24.0,2024-07-25 11:00:00,,,,,7.059239996725893,,,2024-07-24 23:00:00
2024-07-25 11:00:00,ETHUSD,exit,short,-1.0,0.0,3179.05,0.0,-0.3272624667760193,,,,,,,,,,,2024-07-25 11:00:00
2024-07-26 19:30:00,ETHUSD,entry,short,0.0,-1.0,3274.6000000000004,-1.0,-0.09956273087262343,position_exit,24.0,2024-07-27 07:30:00,,,,,0.06695991902109688,,,2024-07-26 19:30:00
2024-07-27 07:30:00,ETHUSD,exit,short,-1.0,0.0,3272.6000000000004,0.0,-0.6407956826102934,,,,,,,,,,,2024-07-27 07:30:00
2024-07-27 20:00:00,ETHUSD,entry,long,0.0,1.0,3230.05,1.0,-0.45701451058603704,position_exit,24.0,2024-07-28 08:00:00,,,,,-0.49216164677450003,,,2024-07-27 20:00:00
2024-07-28 08:00:00,ETHUSD,exit,long,1.0,0.0,3221.65,0.0,2.6268129076634277,,,,,,,,,,,2024-07-28 08:00:00
2024-08-03 12:00:00,ETHUSD,entry,short,0.0,-1.0,3011.75,-1.0,-4.0,position_exit,24.0,2024-08-04 00:00:00,,,,,5.222219074096598,,,2024-08-03 12:00:00
2024-08-04 00:00:00,ETHUSD,exit,short,-1.0,0.0,2903.15,0.0,0.5426080199749943,,,,,,,,,,,2024-08-04 00:00:00
2024-08-04 17:00:00,ETHUSD,entry,short,0.0,-1.0,2737.15,-1.0,-4.0,position_exit,24.0,2024-08-05 05:00:00,,,,,18.635235241120917,,,2024-08-04 17:00:00
2024-08-05 05:00:00,ETHUSD,exit,short,-1.0,0.0,2345.3,0.0,2.6617753818341634,,,,,,,,,,,2024-08-05 05:00:00
2024-08-06 08:00:00,ETHUSD,entry,short,0.0,-1.0,2485.5,-1.0,0.1412115630182289,position_exit,24.0,2024-08-06 20:00:00,,,,,-0.1526255903314583,,,2024-08-06 08:00:00
2024-08-06 20:00:00,ETHUSD,exit,short,-1.0,0.0,2491.65,0.0,0.6958734891701563,,,,,,,,,,,2024-08-06 20:00:00
2024-08-07 10:30:00,ETHUSD,entry,short,0.0,-1.0,2509.2,-1.0,-4.0,position_exit,24.0,2024-08-07 22:30:00,,,,,4.497428123311872,,,2024-08-07 10:30:00
2024-08-07 22:30:00,ETHUSD,exit,short,-1.0,0.0,2356.45,0.0,2.7209380314149816,,,,,,,,,,,2024-08-07 22:30:00
2024-08-15 21:00:00,ETHUSD,entry,long,0.0,1.0,2548.95,1.0,3.2406714455618246,position_exit,24.0,2024-08-16 09:00:00,,,,,3.216623965267282,,,2024-08-15 21:00:00
2024-08-16 09:00:00,ETHUSD,exit,long,1.0,0.0,2617.65,0.0,-0.9804734777739492,,,,,,,,,,,2024-08-16 09:00:00
2024-08-21 09:00:00,ETHUSD,entry,long,0.0,1.0,2574.95,1.0,4.0,position_exit,24.0,2024-08-21 21:00:00,,,,,4.827282716983812,,,2024-08-21 09:00:00
2024-08-21 21:00:00,ETHUSD,exit,long,1.0,0.0,2638.15,0.0,-0.6249733824303576,,,,,,,,,,,2024-08-21 21:00:00
2024-08-23 15:30:00,ETHUSD,entry,long,0.0,1.0,2671.05,1.0,4.0,position_exit,24.0,2024-08-24 03:30:00,,,,,5.8552777147557125,,,2024-08-23 15:30:00
2024-08-24 03:30:00,ETHUSD,exit,long,1.0,0.0,2748.8,0.0,0.8847657591624192,,,,,,,,,,,2024-08-24 03:30:00
2024-08-24 21:00:00,ETHUSD,entry,long,0.0,1.0,2772.75,1.0,-1.5759980762612773,position_exit,24.0,2024-08-25 09:00:00,,,,,-1.6133472101583897,,,2024-08-24 21:00:00
2024-08-25 09:00:00,ETHUSD,exit,long,1.0,0.0,2749.35,0.0,2.9630373544927027,,,,,,,,,,,2024-08-25 09:00:00
2024-08-29 11:00:00,ETHUSD,entry,short,0.0,-1.0,2554.85,-1.0,-1.4762012778523992,position_exit,24.0,2024-08-29 23:00:00,,,,,1.448367529994638,,,2024-08-29 11:00:00
2024-08-29 23:00:00,ETHUSD,exit,short,-1.0,0.0,2527.75,0.0,-0.7390366937507432,,,,,,,,,,,2024-08-29 23:00:00
2024-08-30 12:00:00,ETHUSD,entry,long,0.0,1.0,2520.25,1.0,0.5575940500915777,position_exit,24.0,2024-08-31 00:00:00,,,,,0.5239347350080232,,,2024-08-30 12:00:00
2024-08-31 00:00:00,ETHUSD,exit,long,1.0,0.0,2528.6000000000004,0.0,-0.2532599708257196,,,,,,,,,,,2024-08-31 00:00:00
2024-09-02 05:30:00,ETHUSD,entry,long,0.0,1.0,2454.15,1.0,4.0,position_exit,24.0,2024-09-02 17:30:00,,,,,4.641076108729512,,,2024-09-02 05:30:00
2024-09-02 17:30:00,ETHUSD,exit,long,1.0,0.0,2522.65,0.0,-0.034366875927104246,,,,,,,,,,,2024-09-02 17:30:00
2024-09-03 15:30:00,ETHUSD,entry,short,0.0,-1.0,2443.9,-1.0,-4.0,position_exit,24.0,2024-09-04 03:30:00,,,,,5.4873801835675575,,,2024-09-03 15:30:00
2024-09-04 03:30:00,ETHUSD,exit,short,-1.0,0.0,2372.75,0.0,4.0,,,,,,,,,,,2024-09-04 03:30:00
2024-09-05 04:00:00,ETHUSD,entry,short,0.0,-1.0,2414.25,-1.0,-2.6985028927006867,position_exit,24.0,2024-09-05 16:00:00,,,,,2.6667230848532877,,,2024-09-05 04:00:00
2024-09-05 16:00:00,ETHUSD,exit,short,-1.0,0.0,2373.25,0.0,1.1660553689461026,,,,,,,,,,,2024-09-05 16:00:00
2024-09-16 01:30:00,ETHUSD,entry,long,0.0,1.0,2277.25,1.0,2.1875226760858313,position_exit,25.0,2024-09-16 14:00:00,,,,,0.730132690701174,,,2024-09-16 01:30:00
2024-09-16 14:00:00,ETHUSD,exit,long,1.0,0.0,2286.25,0.0,-0.35108976585342583,,,,,,,,,,,2024-09-16 14:00:00
