trade_id,policy,counterfactual_r
0,baseline,-0.3021536549755922
0,breakeven_after_0_5r,-0.3021536549755922
0,breakeven_after_1_0r,-0.3021536549755922
0,exit_at_first_0_5r,-0.3021536549755922
0,exit_at_first_1_0r,-0.3021536549755922
0,trail_0_5r_after_1_0r,-0.3021536549755922
0,time_exit_after_4_bars_if_mfe_lt_0_3r,-0.3021536549755922
0,partial_50pct_at_1r,-0.3021536549755922
1,baseline,-2.5205992372830166
1,breakeven_after_0_5r,0.0
1,breakeven_after_1_0r,0.0
1,exit_at_first_0_5r,0.5
1,exit_at_first_1_0r,1.0
1,trail_0_5r_after_1_0r,0.9681921352293943
1,time_exit_after_4_bars_if_mfe_lt_0_3r,-2.5205992372830166
1,partial_50pct_at_1r,-0.7602996186415083
2,baseline,-1.7120279000418657
2,breakeven_after_0_5r,0.0
2,breakeven_after_1_0r,-1.7120279000418657
2,exit_at_first_0_5r,0.5
2,exit_at_first_1_0r,-1.7120279000418657
2,trail_0_5r_after_1_0r,-1.7120279000418657
2,time_exit_after_4_bars_if_mfe_lt_0_3r,-1.7120279000418657
2,partial_50pct_at_1r,-1.7120279000418657
3,baseline,0.5954139873923531
3,breakeven_after_0_5r,0.0
3,breakeven_after_1_0r,0.0
3,exit_at_first_0_5r,0.5
3,exit_at_first_1_0r,1.0
3,trail_0_5r_after_1_0r,0.5492471476053669
3,time_exit_after_4_bars_if_mfe_lt_0_3r,0.5954139873923531
3,partial_50pct_at_1r,0.7977069936961765
4,baseline,-2.7366606227671024
4,breakeven_after_0_5r,0.0
4,breakeven_after_1_0r,0.0
4,exit_at_first_0_5r,0.5
4,exit_at_first_1_0r,1.0
4,trail_0_5r_after_1_0r,0.5817296340935809
4,time_exit_after_4_bars_if_mfe_lt_0_3r,-2.7366606227671024
4,partial_50pct_at_1r,-0.8683303113835512
5,baseline,0.9883816260852919
5,breakeven_after_0_5r,0.0
5,breakeven_after_1_0r,0.0
5,exit_at_first_0_5r,0.5
5,exit_at_first_1_0r,1.0
5,trail_0_5r_after_1_0r,0.7798266803617269
5,time_exit_after_4_bars_if_mfe_lt_0_3r,0.9883816260852919
5,partial_50pct_at_1r,0.994190813042646
6,baseline,-0.74609055900781
6,breakeven_after_0_5r,0.0
6,breakeven_after_1_0r,-0.74609055900781
6,exit_at_first_0_5r,0.5
6,exit_at_first_1_0r,-0.74609055900781
6,trail_0_5r_after_1_0r,-0.74609055900781
6,time_exit_after_4_bars_if_mfe_lt_0_3r,-0.74609055900781
6,partial_50pct_at_1r,-0.74609055900781
7,baseline,4.254043492537437
7,breakeven_after_0_5r,0.0
7,breakeven_after_1_0r,0.0
7,exit_at_first_0_5r,0.5
7,exit_at_first_1_0r,1.0
7,trail_0_5r_after_1_0r,0.556822728933857
7,time_exit_after_4_bars_if_mfe_lt_0_3r,4.254043492537437
7,partial_50pct_at_1r,2.6270217462687184
8,baseline,0.8913175503576102
8,breakeven_after_0_5r,0.0
8,breakeven_after_1_0r,0.0
8,exit_at_first_0_5r,0.5
8,exit_at_first_1_0r,1.0
8,trail_0_5r_after_1_0r,1.3593923927778748
8,time_exit_after_4_bars_if_mfe_lt_0_3r,0.8913175503576102
8,partial_50pct_at_1r,0.945658775178805
9,baseline,1.271596229935848
9,breakeven_after_0_5r,0.0
9,breakeven_after_1_0r,0.0
9,exit_at_first_0_5r,0.5
9,exit_at_first_1_0r,1.0
9,trail_0_5r_after_1_0r,0.6150270415303394
9,time_exit_after_4_bars_if_mfe_lt_0_3r,1.271596229935848
9,partial_50pct_at_1r,1.135798114967924
10,baseline,1.439341309401985
10,breakeven_after_0_5r,0.0
10,breakeven_after_1_0r,0.0
10,exit_at_first_0_5r,0.5
10,exit_at_first_1_0r,1.0
10,trail_0_5r_after_1_0r,1.5063417590771824
10,time_exit_after_4_bars_if_mfe_lt_0_3r,1.439341309401985
10,partial_50pct_at_1r,1.2196706547009923
11,baseline,3.6717907479310226
11,breakeven_after_0_5r,0.0
11,breakeven_after_1_0r,0.0
11,exit_at_first_0_5r,0.5
11,exit_at_first_1_0r,1.0
11,trail_0_5r_after_1_0r,0.872890020863528
11,time_exit_after_4_bars_if_mfe_lt_0_3r,3.6717907479310226
11,partial_50pct_at_1r,2.3358953739655113
12,baseline,4.730865209002442
12,breakeven_after_0_5r,0.0
12,breakeven_after_1_0r,4.730865209002442
12,exit_at_first_0_5r,0.5
12,exit_at_first_1_0r,1.0
12,trail_0_5r_after_1_0r,0.8199279261763441
12,time_exit_after_4_bars_if_mfe_lt_0_3r,4.730865209002442
12,partial_50pct_at_1r,2.865432604501221
13,baseline,-9.450741378690179
13,breakeven_after_0_5r,0.0
13,breakeven_after_1_0r,0.0
13,exit_at_first_0_5r,0.5
13,exit_at_first_1_0r,1.0
13,trail_0_5r_after_1_0r,1.1544599302872298
13,time_exit_after_4_bars_if_mfe_lt_0_3r,-9.450741378690179
13,partial_50pct_at_1r,-4.225370689345089
14,baseline,-1.7182241817054147
14,breakeven_after_0_5r,0.0
14,breakeven_after_1_0r,-1.7182241817054147
14,exit_at_first_0_5r,0.5
14,exit_at_first_1_0r,-1.7182241817054147
14,trail_0_5r_after_1_0r,-1.7182241817054147
14,time_exit_after_4_bars_if_mfe_lt_0_3r,-1.7182241817054147
14,partial_50pct_at_1r,-1.7182241817054147
15,baseline,3.5211746268300415
15,breakeven_after_0_5r,0.0
15,breakeven_after_1_0r,0.0
15,exit_at_first_0_5r,0.5
15,exit_at_first_1_0r,1.0
15,trail_0_5r_after_1_0r,0.6855802948758287
15,time_exit_after_4_bars_if_mfe_lt_0_3r,3.5211746268300415
15,partial_50pct_at_1r,2.2605873134150207
16,baseline,0.17209349111071948
16,breakeven_after_0_5r,0.0
16,breakeven_after_1_0r,0.0
16,exit_at_first_0_5r,0.5
16,exit_at_first_1_0r,1.0
16,trail_0_5r_after_1_0r,1.3586700356909327
16,time_exit_after_4_bars_if_mfe_lt_0_3r,0.17209349111071948
16,partial_50pct_at_1r,0.5860467455553597
17,baseline,-0.6491183300867364
17,breakeven_after_0_5r,0.0
17,breakeven_after_1_0r,0.0
17,exit_at_first_0_5r,0.5
17,exit_at_first_1_0r,1.0
17,trail_0_5r_after_1_0r,0.6382696425844083
17,time_exit_after_4_bars_if_mfe_lt_0_3r,-0.6491183300867364
17,partial_50pct_at_1r,0.17544083495663182
18,baseline,0.7341449568601418
18,breakeven_after_0_5r,0.0
18,breakeven_after_1_0r,0.0
18,exit_at_first_0_5r,0.5
18,exit_at_first_1_0r,1.0
18,trail_0_5r_after_1_0r,0.5395447869813013
18,time_exit_after_4_bars_if_mfe_lt_0_3r,0.7341449568601418
18,partial_50pct_at_1r,0.867072478430071
19,baseline,-1.462855753652874
19,breakeven_after_0_5r,0.0
19,breakeven_after_1_0r,0.0
19,exit_at_first_0_5r,0.5
19,exit_at_first_1_0r,1.0
19,trail_0_5r_after_1_0r,1.964481628707322
19,time_exit_after_4_bars_if_mfe_lt_0_3r,-1.462855753652874
19,partial_50pct_at_1r,-0.23142787682643695
20,baseline,-5.157517032320647
20,breakeven_after_0_5r,0.0
20,breakeven_after_1_0r,0.0
20,exit_at_first_0_5r,0.5
20,exit_at_first_1_0r,1.0
20,trail_0_5r_after_1_0r,1.9432121415910042
20,time_exit_after_4_bars_if_mfe_lt_0_3r,-5.157517032320647
20,partial_50pct_at_1r,-2.0787585161603235
21,baseline,8.967952252627336
21,breakeven_after_0_5r,0.0
21,breakeven_after_1_0r,8.967952252627336
21,exit_at_first_0_5r,0.5
21,exit_at_first_1_0r,1.0
21,trail_0_5r_after_1_0r,1.1165869823168826
21,time_exit_after_4_bars_if_mfe_lt_0_3r,8.967952252627336
21,partial_50pct_at_1r,4.983976126313668
22,baseline,5.759571596509563
22,breakeven_after_0_5r,0.0
22,breakeven_after_1_0r,5.759571596509563
22,exit_at_first_0_5r,0.5
22,exit_at_first_1_0r,1.0
22,trail_0_5r_after_1_0r,0.7575535812337644
22,time_exit_after_4_bars_if_mfe_lt_0_3r,5.759571596509563
22,partial_50pct_at_1r,3.3797857982547814
23,baseline,2.9121867887790174
23,breakeven_after_0_5r,2.9121867887790174
23,breakeven_after_1_0r,2.9121867887790174
23,exit_at_first_0_5r,0.5
23,exit_at_first_1_0r,1.0
23,trail_0_5r_after_1_0r,0.7188788686141421
23,time_exit_after_4_bars_if_mfe_lt_0_3r,2.9121867887790174
23,partial_50pct_at_1r,1.9560933943895087
24,baseline,0.594549250110309
24,breakeven_after_0_5r,0.0
24,breakeven_after_1_0r,0.594549250110309
24,exit_at_first_0_5r,0.5
24,exit_at_first_1_0r,0.594549250110309
24,trail_0_5r_after_1_0r,0.594549250110309
24,time_exit_after_4_bars_if_mfe_lt_0_3r,-1.291844097098079
24,partial_50pct_at_1r,0.594549250110309
25,baseline,-0.2056784211888051
25,breakeven_after_0_5r,0.0
25,breakeven_after_1_0r,0.0
25,exit_at_first_0_5r,0.5
25,exit_at_first_1_0r,1.0
25,trail_0_5r_after_1_0r,0.85034671837411
25,time_exit_after_4_bars_if_mfe_lt_0_3r,-0.2056784211888051
25,partial_50pct_at_1r,0.39716078940559746
26,baseline,-0.9111901142038729
26,breakeven_after_0_5r,0.0
26,breakeven_after_1_0r,0.0
26,exit_at_first_0_5r,0.5
26,exit_at_first_1_0r,1.0
26,trail_0_5r_after_1_0r,0.5146581117013758
26,time_exit_after_4_bars_if_mfe_lt_0_3r,-0.9111901142038729
26,partial_50pct_at_1r,0.04440494289806357
27,baseline,0.10397082604831961
27,breakeven_after_0_5r,0.0
27,breakeven_after_1_0r,0.0
27,exit_at_first_0_5r,0.5
27,exit_at_first_1_0r,1.0
27,trail_0_5r_after_1_0r,1.187569171301448
27,time_exit_after_4_bars_if_mfe_lt_0_3r,0.10397082604831961
27,partial_50pct_at_1r,0.5519854130241598
28,baseline,2.13948694987355
28,breakeven_after_0_5r,0.0
28,breakeven_after_1_0r,0.0
28,exit_at_first_0_5r,0.5
28,exit_at_first_1_0r,1.0
28,trail_0_5r_after_1_0r,0.6970865691554888
28,time_exit_after_4_bars_if_mfe_lt_0_3r,2.13948694987355
28,partial_50pct_at_1r,1.569743474936775
29,baseline,-0.26453517896924894
29,breakeven_after_0_5r,0.0
29,breakeven_after_1_0r,0.0
29,exit_at_first_0_5r,0.5
29,exit_at_first_1_0r,1.0
29,trail_0_5r_after_1_0r,0.5503272254341258
29,time_exit_after_4_bars_if_mfe_lt_0_3r,-0.26453517896924894
29,partial_50pct_at_1r,0.36773241051537553
30,baseline,-0.6061284581321803
30,breakeven_after_0_5r,0.0
30,breakeven_after_1_0r,0.0
30,exit_at_first_0_5r,0.5
30,exit_at_first_1_0r,1.0
30,trail_0_5r_after_1_0r,0.5680375626230614
30,time_exit_after_4_bars_if_mfe_lt_0_3r,-0.6061284581321803
30,partial_50pct_at_1r,0.19693577093390985
31,baseline,6.110072914451215
31,breakeven_after_0_5r,0.0
31,breakeven_after_1_0r,0.0
31,exit_at_first_0_5r,0.5
31,exit_at_first_1_0r,1.0
31,trail_0_5r_after_1_0r,1.4378121886422592
31,time_exit_after_4_bars_if_mfe_lt_0_3r,6.110072914451215
31,partial_50pct_at_1r,3.5550364572256075
32,baseline,0.6354215480442262
32,breakeven_after_0_5r,0.0
32,breakeven_after_1_0r,0.0
32,exit_at_first_0_5r,0.5
32,exit_at_first_1_0r,1.0
32,trail_0_5r_after_1_0r,0.5646603311158631
32,time_exit_after_4_bars_if_mfe_lt_0_3r,0.6354215480442262
32,partial_50pct_at_1r,0.8177107740221131
33,baseline,-4.4702749668801935
33,breakeven_after_0_5r,0.0
33,breakeven_after_1_0r,0.0
33,exit_at_first_0_5r,0.5
33,exit_at_first_1_0r,1.0
33,trail_0_5r_after_1_0r,3.448280352833859
33,time_exit_after_4_bars_if_mfe_lt_0_3r,-4.4702749668801935
33,partial_50pct_at_1r,-1.7351374834400968
34,baseline,-4.049531561909051
34,breakeven_after_0_5r,0.0
34,breakeven_after_1_0r,0.0
34,exit_at_first_0_5r,0.5
34,exit_at_first_1_0r,1.0
34,trail_0_5r_after_1_0r,5.592448513434676
34,time_exit_after_4_bars_if_mfe_lt_0_3r,-4.049531561909051
34,partial_50pct_at_1r,-1.5247657809545254
35,baseline,3.2215767125477592
35,breakeven_after_0_5r,0.0
35,breakeven_after_1_0r,3.2215767125477592
35,exit_at_first_0_5r,0.5
35,exit_at_first_1_0r,1.0
35,trail_0_5r_after_1_0r,0.585544691650502
35,time_exit_after_4_bars_if_mfe_lt_0_3r,3.2215767125477592
35,partial_50pct_at_1r,2.1107883562738796
36,baseline,3.4813013619543023
36,breakeven_after_0_5r,0.0
36,breakeven_after_1_0r,0.0
36,exit_at_first_0_5r,0.5
36,exit_at_first_1_0r,1.0
36,trail_0_5r_after_1_0r,0.9157994140679464
36,time_exit_after_4_bars_if_mfe_lt_0_3r,3.4813013619543023
36,partial_50pct_at_1r,2.240650680977151
37,baseline,-0.4598669237518377
37,breakeven_after_0_5r,0.0
37,breakeven_after_1_0r,0.0
37,exit_at_first_0_5r,0.5
37,exit_at_first_1_0r,1.0
37,trail_0_5r_after_1_0r,1.0251560790852787
37,time_exit_after_4_bars_if_mfe_lt_0_3r,-0.4598669237518377
37,partial_50pct_at_1r,0.27006653812408116
38,baseline,1.8684161002645525
38,breakeven_after_0_5r,0.0
38,breakeven_after_1_0r,0.0
38,exit_at_first_0_5r,0.5
38,exit_at_first_1_0r,1.0
38,trail_0_5r_after_1_0r,0.7080081250397161
38,time_exit_after_4_bars_if_mfe_lt_0_3r,1.8684161002645525
38,partial_50pct_at_1r,1.4342080501322763
39,baseline,3.7243813565958153
39,breakeven_after_0_5r,0.0
39,breakeven_after_1_0r,0.0
39,exit_at_first_0_5r,0.5
39,exit_at_first_1_0r,1.0
39,trail_0_5r_after_1_0r,0.9651801127028423
39,time_exit_after_4_bars_if_mfe_lt_0_3r,3.7243813565958153
39,partial_50pct_at_1r,2.3621906782979076
40,baseline,1.797281390278614
40,breakeven_after_0_5r,0.0
40,breakeven_after_1_0r,0.0
40,exit_at_first_0_5r,0.5
40,exit_at_first_1_0r,1.0
40,trail_0_5r_after_1_0r,0.8894448084248701
40,time_exit_after_4_bars_if_mfe_lt_0_3r,1.797281390278614
40,partial_50pct_at_1r,1.3986406951393069
41,baseline,-1.184901827551314
41,breakeven_after_0_5r,-1.184901827551314
41,breakeven_after_1_0r,-1.184901827551314
41,exit_at_first_0_5r,-1.184901827551314
41,exit_at_first_1_0r,-1.184901827551314
41,trail_0_5r_after_1_0r,-1.184901827551314
41,time_exit_after_4_bars_if_mfe_lt_0_3r,-1.184901827551314
41,partial_50pct_at_1r,-1.184901827551314
42,baseline,-4.56971494638243
42,breakeven_after_0_5r,0.0
42,breakeven_after_1_0r,0.0
42,exit_at_first_0_5r,0.5
42,exit_at_first_1_0r,1.0
42,trail_0_5r_after_1_0r,1.606973001173682
42,time_exit_after_4_bars_if_mfe_lt_0_3r,-4.56971494638243
42,partial_50pct_at_1r,-1.7848574731912148
43,baseline,3.4855586977017268
43,breakeven_after_0_5r,0.0
43,breakeven_after_1_0r,3.4855586977017268
43,exit_at_first_0_5r,0.5
43,exit_at_first_1_0r,1.0
43,trail_0_5r_after_1_0r,1.4032177459212396
43,time_exit_after_4_bars_if_mfe_lt_0_3r,3.4855586977017268
43,partial_50pct_at_1r,2.2427793488508634
44,baseline,2.8315135572454833
44,breakeven_after_0_5r,0.0
44,breakeven_after_1_0r,0.0
44,exit_at_first_0_5r,0.5
44,exit_at_first_1_0r,1.0
44,trail_0_5r_after_1_0r,1.0425019468239953
44,time_exit_after_4_bars_if_mfe_lt_0_3r,2.8315135572454833
44,partial_50pct_at_1r,1.9157567786227416
45,baseline,-0.8267753854755233
45,breakeven_after_0_5r,0.0
45,breakeven_after_1_0r,0.0
45,exit_at_first_0_5r,0.5
45,exit_at_first_1_0r,1.0
45,trail_0_5r_after_1_0r,0.6259351180480133
45,time_exit_after_4_bars_if_mfe_lt_0_3r,-0.8267753854755233
45,partial_50pct_at_1r,0.08661230726223834
46,baseline,-5.441151931734694
46,breakeven_after_0_5r,0.0
46,breakeven_after_1_0r,0.0
46,exit_at_first_0_5r,0.5
46,exit_at_first_1_0r,1.0
46,trail_0_5r_after_1_0r,1.1097602975964973
46,time_exit_after_4_bars_if_mfe_lt_0_3r,-5.441151931734694
46,partial_50pct_at_1r,-2.220575965867347
47,baseline,1.5542703268506664
47,breakeven_after_0_5r,0.0
47,breakeven_after_1_0r,0.0
47,exit_at_first_0_5r,0.5
47,exit_at_first_1_0r,1.0
47,trail_0_5r_after_1_0r,1.972262335336357
47,time_exit_after_4_bars_if_mfe_lt_0_3r,1.5542703268506664
47,partial_50pct_at_1r,1.2771351634253332
48,baseline,2.451062423588945
48,breakeven_after_0_5r,0.0
48,breakeven_after_1_0r,0.0
48,exit_at_first_0_5r,0.5
48,exit_at_first_1_0r,1.0
48,trail_0_5r_after_1_0r,0.5221776300789438
48,time_exit_after_4_bars_if_mfe_lt_0_3r,-0.5697383511915266
48,partial_50pct_at_1r,1.7255312117944726
49,baseline,8.956302336852646
49,breakeven_after_0_5r,0.0
49,breakeven_after_1_0r,0.0
49,exit_at_first_0_5r,0.5
49,exit_at_first_1_0r,1.0
49,trail_0_5r_after_1_0r,0.8549800415629538
49,time_exit_after_4_bars_if_mfe_lt_0_3r,8.956302336852646
49,partial_50pct_at_1r,4.978151168426323
50,baseline,-1.155734428180841
50,breakeven_after_0_5r,0.0
50,breakeven_after_1_0r,0.0
50,exit_at_first_0_5r,0.5
50,exit_at_first_1_0r,1.0
50,trail_0_5r_after_1_0r,1.7571386636228654
50,time_exit_after_4_bars_if_mfe_lt_0_3r,-1.155734428180841
50,partial_50pct_at_1r,-0.07786721409042052
51,baseline,12.21641792611682
51,breakeven_after_0_5r,0.0
51,breakeven_after_1_0r,0.0
51,exit_at_first_0_5r,0.5
51,exit_at_first_1_0r,1.0
51,trail_0_5r_after_1_0r,1.0599961191260536
51,time_exit_after_4_bars_if_mfe_lt_0_3r,12.21641792611682
51,partial_50pct_at_1r,6.60820896305841
52,baseline,0.4378310075307324
52,breakeven_after_0_5r,0.0
52,breakeven_after_1_0r,0.0
52,exit_at_first_0_5r,0.5
52,exit_at_first_1_0r,1.0
52,trail_0_5r_after_1_0r,1.0791414245397388
52,time_exit_after_4_bars_if_mfe_lt_0_3r,0.4378310075307324
52,partial_50pct_at_1r,0.7189155037653662
53,baseline,-1.44997503722534
53,breakeven_after_0_5r,0.0
53,breakeven_after_1_0r,0.0
53,exit_at_first_0_5r,0.5
53,exit_at_first_1_0r,1.0
53,trail_0_5r_after_1_0r,1.1233441821117836
53,time_exit_after_4_bars_if_mfe_lt_0_3r,-1.44997503722534
53,partial_50pct_at_1r,-0.22498751861266997
54,baseline,-3.3784651477641483
54,breakeven_after_0_5r,0.0
54,breakeven_after_1_0r,0.0
54,exit_at_first_0_5r,0.5
54,exit_at_first_1_0r,1.0
54,trail_0_5r_after_1_0r,2.8772508359021587
54,time_exit_after_4_bars_if_mfe_lt_0_3r,-3.3784651477641483
54,partial_50pct_at_1r,-1.1892325738820742
55,baseline,4.620339396385224
55,breakeven_after_0_5r,0.0
55,breakeven_after_1_0r,0.0
55,exit_at_first_0_5r,0.5
55,exit_at_first_1_0r,1.0
55,trail_0_5r_after_1_0r,0.6916819562432075
55,time_exit_after_4_bars_if_mfe_lt_0_3r,4.620339396385224
55,partial_50pct_at_1r,2.810169698192612
56,baseline,0.6507522870947838
56,breakeven_after_0_5r,0.0
56,breakeven_after_1_0r,0.0
56,exit_at_first_0_5r,0.5
56,exit_at_first_1_0r,1.0
56,trail_0_5r_after_1_0r,0.9314999841339626
56,time_exit_after_4_bars_if_mfe_lt_0_3r,0.6507522870947838
56,partial_50pct_at_1r,0.8253761435473919
57,baseline,1.3276152473185618
57,breakeven_after_0_5r,0.0
57,breakeven_after_1_0r,0.0
57,exit_at_first_0_5r,0.5
57,exit_at_first_1_0r,1.0
57,trail_0_5r_after_1_0r,0.9269961838719667
57,time_exit_after_4_bars_if_mfe_lt_0_3r,1.3276152473185618
57,partial_50pct_at_1r,1.163807623659281
58,baseline,2.8255382671207325
58,breakeven_after_0_5r,0.0
58,breakeven_after_1_0r,0.0
58,exit_at_first_0_5r,0.5
58,exit_at_first_1_0r,1.0
58,trail_0_5r_after_1_0r,0.6085939903111119
58,time_exit_after_4_bars_if_mfe_lt_0_3r,2.8255382671207325
58,partial_50pct_at_1r,1.9127691335603663
59,baseline,-0.8173892156581813
59,breakeven_after_0_5r,0.0
59,breakeven_after_1_0r,0.0
59,exit_at_first_0_5r,0.5
59,exit_at_first_1_0r,1.0
59,trail_0_5r_after_1_0r,0.7077361707614447
59,time_exit_after_4_bars_if_mfe_lt_0_3r,-0.8173892156581813
59,partial_50pct_at_1r,0.09130539217090933
60,baseline,-1.0217385395261949
60,breakeven_after_0_5r,0.0
60,breakeven_after_1_0r,0.0
60,exit_at_first_0_5r,0.5
60,exit_at_first_1_0r,1.0
60,trail_0_5r_after_1_0r,2.5484503634036884
60,time_exit_after_4_bars_if_mfe_lt_0_3r,-1.0217385395261949
60,partial_50pct_at_1r,-0.010869269763097433
61,baseline,-0.33772024004948203
61,breakeven_after_0_5r,-0.33772024004948203
61,breakeven_after_1_0r,-0.33772024004948203
61,exit_at_first_0_5r,-0.33772024004948203
61,exit_at_first_1_0r,-0.33772024004948203
61,trail_0_5r_after_1_0r,-0.33772024004948203
61,time_exit_after_4_bars_if_mfe_lt_0_3r,-0.33772024004948203
61,partial_50pct_at_1r,-0.33772024004948203
62,baseline,-0.13229844537044444
62,breakeven_after_0_5r,0.0
62,breakeven_after_1_0r,0.0
62,exit_at_first_0_5r,0.5
62,exit_at_first_1_0r,1.0
62,trail_0_5r_after_1_0r,0.5682295175856209
62,time_exit_after_4_bars_if_mfe_lt_0_3r,-0.13229844537044444
62,partial_50pct_at_1r,0.4338507773147778
63,baseline,4.88023028110295
63,breakeven_after_0_5r,0.0
63,breakeven_after_1_0r,0.0
63,exit_at_first_0_5r,0.5
63,exit_at_first_1_0r,1.0
63,trail_0_5r_after_1_0r,1.3806717230852916
63,time_exit_after_4_bars_if_mfe_lt_0_3r,4.88023028110295
63,partial_50pct_at_1r,2.940115140551475
64,baseline,4.9515367556126515
64,breakeven_after_0_5r,0.0
64,breakeven_after_1_0r,0.0
64,exit_at_first_0_5r,0.5
64,exit_at_first_1_0r,1.0
64,trail_0_5r_after_1_0r,1.205018147846238
64,time_exit_after_4_bars_if_mfe_lt_0_3r,4.9515367556126515
64,partial_50pct_at_1r,2.9757683778063257
65,baseline,1.996990629754043
65,breakeven_after_0_5r,0.0
65,breakeven_after_1_0r,0.0
65,exit_at_first_0_5r,0.5
65,exit_at_first_1_0r,1.0
65,trail_0_5r_after_1_0r,0.7499017757133613
65,time_exit_after_4_bars_if_mfe_lt_0_3r,1.996990629754043
65,partial_50pct_at_1r,1.4984953148770215
66,baseline,-0.6535584710460343
66,breakeven_after_0_5r,0.0
66,breakeven_after_1_0r,0.0
66,exit_at_first_0_5r,0.5
66,exit_at_first_1_0r,1.0
66,trail_0_5r_after_1_0r,1.2434028628040152
66,time_exit_after_4_bars_if_mfe_lt_0_3r,-0.6535584710460343
66,partial_50pct_at_1r,0.17322076447698287
67,baseline,-13.752348829204657
67,breakeven_after_0_5r,0.0
67,breakeven_after_1_0r,0.0
67,exit_at_first_0_5r,0.5
67,exit_at_first_1_0r,1.0
67,trail_0_5r_after_1_0r,0.8147945117966233
67,time_exit_after_4_bars_if_mfe_lt_0_3r,-13.752348829204657
67,partial_50pct_at_1r,-6.376174414602328
68,baseline,0.16843812235367533
68,breakeven_after_0_5r,0.0
68,breakeven_after_1_0r,0.0
68,exit_at_first_0_5r,0.5
68,exit_at_first_1_0r,1.0
68,trail_0_5r_after_1_0r,1.184247887245648
68,time_exit_after_4_bars_if_mfe_lt_0_3r,0.16843812235367533
68,partial_50pct_at_1r,0.5842190611768376
69,baseline,1.5018404676382888
69,breakeven_after_0_5r,0.0
69,breakeven_after_1_0r,0.0
69,exit_at_first_0_5r,0.5
69,exit_at_first_1_0r,1.0
69,trail_0_5r_after_1_0r,1.1805967441604803
69,time_exit_after_4_bars_if_mfe_lt_0_3r,1.5018404676382888
69,partial_50pct_at_1r,1.2509202338191443
70,baseline,2.914152541252641
70,breakeven_after_0_5r,0.0
70,breakeven_after_1_0r,0.0
70,exit_at_first_0_5r,0.5
70,exit_at_first_1_0r,1.0
70,trail_0_5r_after_1_0r,0.7391963295609796
70,time_exit_after_4_bars_if_mfe_lt_0_3r,2.914152541252641
70,partial_50pct_at_1r,1.9570762706263205
71,baseline,0.3492092776403397
71,breakeven_after_0_5r,0.0
71,breakeven_after_1_0r,0.0
71,exit_at_first_0_5r,0.5
71,exit_at_first_1_0r,1.0
71,trail_0_5r_after_1_0r,1.0587157760901782
71,time_exit_after_4_bars_if_mfe_lt_0_3r,0.3492092776403397
71,partial_50pct_at_1r,0.6746046388201699
72,baseline,-4.8851771345958355
72,breakeven_after_0_5r,0.0
72,breakeven_after_1_0r,0.0
72,exit_at_first_0_5r,0.5
72,exit_at_first_1_0r,1.0
72,trail_0_5r_after_1_0r,0.7266116451306026
72,time_exit_after_4_bars_if_mfe_lt_0_3r,-4.8851771345958355
72,partial_50pct_at_1r,-1.9425885672979177
73,baseline,1.6635191772660554
73,breakeven_after_0_5r,0.0
73,breakeven_after_1_0r,0.0
73,exit_at_first_0_5r,0.5
73,exit_at_first_1_0r,1.0
73,trail_0_5r_after_1_0r,0.8246372337546228
73,time_exit_after_4_bars_if_mfe_lt_0_3r,1.6635191772660554
73,partial_50pct_at_1r,1.3317595886330276
74,baseline,-0.8855663986542658
74,breakeven_after_0_5r,-0.8855663986542658
74,breakeven_after_1_0r,-0.8855663986542658
74,exit_at_first_0_5r,-0.8855663986542658
74,exit_at_first_1_0r,-0.8855663986542658
74,trail_0_5r_after_1_0r,-0.8855663986542658
74,time_exit_after_4_bars_if_mfe_lt_0_3r,-0.4452165271207939
74,partial_50pct_at_1r,-0.8855663986542658
75,baseline,-0.8518469511956013
75,breakeven_after_0_5r,0.0
75,breakeven_after_1_0r,0.0
75,exit_at_first_0_5r,0.5
75,exit_at_first_1_0r,1.0
75,trail_0_5r_after_1_0r,0.8909926090436382
75,time_exit_after_4_bars_if_mfe_lt_0_3r,-0.8518469511956013
75,partial_50pct_at_1r,0.07407652440219936
76,baseline,4.342399251483753
76,breakeven_after_0_5r,0.0
76,breakeven_after_1_0r,0.0
76,exit_at_first_0_5r,0.5
76,exit_at_first_1_0r,1.0
76,trail_0_5r_after_1_0r,0.5483683773851227
76,time_exit_after_4_bars_if_mfe_lt_0_3r,4.342399251483753
76,partial_50pct_at_1r,2.6711996257418766
77,baseline,-1.2466884832819978
77,breakeven_after_0_5r,0.0
77,breakeven_after_1_0r,0.0
77,exit_at_first_0_5r,0.5
77,exit_at_first_1_0r,1.0
77,trail_0_5r_after_1_0r,0.985876629461466
77,time_exit_after_4_bars_if_mfe_lt_0_3r,-1.2466884832819978
77,partial_50pct_at_1r,-0.12334424164099889
78,baseline,3.0621521345787075
78,breakeven_after_0_5r,0.0
78,breakeven_after_1_0r,3.0621521345787075
78,exit_at_first_0_5r,0.5
78,exit_at_first_1_0r,1.0
78,trail_0_5r_after_1_0r,0.844052822666165
78,time_exit_after_4_bars_if_mfe_lt_0_3r,-0.5048726338948728
78,partial_50pct_at_1r,2.0310760672893537
79,baseline,-0.1257488466476358
79,breakeven_after_0_5r,0.0
79,breakeven_after_1_0r,-0.1257488466476358
79,exit_at_first_0_5r,0.5
79,exit_at_first_1_0r,-0.1257488466476358
79,trail_0_5r_after_1_0r,-0.1257488466476358
79,time_exit_after_4_bars_if_mfe_lt_0_3r,-0.1257488466476358
79,partial_50pct_at_1r,-0.1257488466476358
80,baseline,1.6820974047365531
80,breakeven_after_0_5r,0.0
80,breakeven_after_1_0r,0.0
80,exit_at_first_0_5r,0.5
80,exit_at_first_1_0r,1.0
80,trail_0_5r_after_1_0r,1.1855280296579613
80,time_exit_after_4_bars_if_mfe_lt_0_3r,1.6820974047365531
80,partial_50pct_at_1r,1.3410487023682767
81,baseline,-0.17923924525692836
81,breakeven_after_0_5r,0.0
81,breakeven_after_1_0r,0.0
81,exit_at_first_0_5r,0.5
81,exit_at_first_1_0r,1.0
81,trail_0_5r_after_1_0r,1.5601016172796127
81,time_exit_after_4_bars_if_mfe_lt_0_3r,-0.17923924525692836
81,partial_50pct_at_1r,0.4103803773715358
82,baseline,0.7255781777001666
82,breakeven_after_0_5r,0.0
82,breakeven_after_1_0r,0.0
82,exit_at_first_0_5r,0.5
82,exit_at_first_1_0r,1.0
82,trail_0_5r_after_1_0r,0.7175143985155765
82,time_exit_after_4_bars_if_mfe_lt_0_3r,0.7255781777001666
82,partial_50pct_at_1r,0.8627890888500833
83,baseline,0.5068722717531929
83,breakeven_after_0_5r,0.0
83,breakeven_after_1_0r,0.0
83,exit_at_first_0_5r,0.5
83,exit_at_first_1_0r,1.0
83,trail_0_5r_after_1_0r,0.6266251110883596
83,time_exit_after_4_bars_if_mfe_lt_0_3r,0.5068722717531929
83,partial_50pct_at_1r,0.7534361358765964
84,baseline,9.422805199179486
84,breakeven_after_0_5r,0.0
84,breakeven_after_1_0r,0.0
84,exit_at_first_0_5r,0.5
84,exit_at_first_1_0r,1.0
84,trail_0_5r_after_1_0r,5.39591919212866
84,time_exit_after_4_bars_if_mfe_lt_0_3r,9.422805199179486
84,partial_50pct_at_1r,5.211402599589743
85,baseline,-4.912945144495106
85,breakeven_after_0_5r,0.0
85,breakeven_after_1_0r,0.0
85,exit_at_first_0_5r,0.5
85,exit_at_first_1_0r,1.0
85,trail_0_5r_after_1_0r,0.7487533639293706
85,time_exit_after_4_bars_if_mfe_lt_0_3r,-4.912945144495106
85,partial_50pct_at_1r,-1.956472572247553
86,baseline,1.5291645565521226
86,breakeven_after_0_5r,0.0
86,breakeven_after_1_0r,1.5291645565521226
86,exit_at_first_0_5r,0.5
86,exit_at_first_1_0r,1.0
86,trail_0_5r_after_1_0r,0.5144081917099002
86,time_exit_after_4_bars_if_mfe_lt_0_3r,1.5291645565521226
86,partial_50pct_at_1r,1.2645822782760612
87,baseline,4.66044602482338
87,breakeven_after_0_5r,0.0
87,breakeven_after_1_0r,0.0
87,exit_at_first_0_5r,0.5
87,exit_at_first_1_0r,1.0
87,trail_0_5r_after_1_0r,3.006222591988014
87,time_exit_after_4_bars_if_mfe_lt_0_3r,4.66044602482338
87,partial_50pct_at_1r,2.83022301241169
88,baseline,-4.443043880356156
88,breakeven_after_0_5r,0.0
88,breakeven_after_1_0r,0.0
88,exit_at_first_0_5r,0.5
88,exit_at_first_1_0r,1.0
88,trail_0_5r_after_1_0r,3.8433163124966248
88,time_exit_after_4_bars_if_mfe_lt_0_3r,-4.443043880356156
88,partial_50pct_at_1r,-1.7215219401780781
89,baseline,3.498708673136007
89,breakeven_after_0_5r,0.0
89,breakeven_after_1_0r,0.0
89,exit_at_first_0_5r,0.5
89,exit_at_first_1_0r,1.0
89,trail_0_5r_after_1_0r,0.7384284903049492
89,time_exit_after_4_bars_if_mfe_lt_0_3r,3.498708673136007
89,partial_50pct_at_1r,2.2493543365680035
90,baseline,8.848628882266595
90,breakeven_after_0_5r,0.0
90,breakeven_after_1_0r,8.848628882266595
90,exit_at_first_0_5r,0.5
90,exit_at_first_1_0r,1.0
90,trail_0_5r_after_1_0r,1.437565663185816
90,time_exit_after_4_bars_if_mfe_lt_0_3r,8.848628882266595
90,partial_50pct_at_1r,4.924314441133298
91,baseline,2.8394341469249933
91,breakeven_after_0_5r,0.0
91,breakeven_after_1_0r,0.0
91,exit_at_first_0_5r,0.5
91,exit_at_first_1_0r,1.0
91,trail_0_5r_after_1_0r,0.5272472831161381
91,time_exit_after_4_bars_if_mfe_lt_0_3r,2.8394341469249933
91,partial_50pct_at_1r,1.9197170734624966
92,baseline,-0.2866925910517812
92,breakeven_after_0_5r,0.0
92,breakeven_after_1_0r,0.0
92,exit_at_first_0_5r,0.5
92,exit_at_first_1_0r,1.0
92,trail_0_5r_after_1_0r,1.2891947196197258
92,time_exit_after_4_bars_if_mfe_lt_0_3r,-0.2866925910517812
92,partial_50pct_at_1r,0.3566537044741094
93,baseline,1.3511143708112727
93,breakeven_after_0_5r,0.0
93,breakeven_after_1_0r,0.0
93,exit_at_first_0_5r,0.5
93,exit_at_first_1_0r,1.0
93,trail_0_5r_after_1_0r,1.1460551270397703
93,time_exit_after_4_bars_if_mfe_lt_0_3r,1.3511143708112727
93,partial_50pct_at_1r,1.1755571854056364
94,baseline,3.520331863755447
94,breakeven_after_0_5r,0.0
94,breakeven_after_1_0r,3.520331863755447
94,exit_at_first_0_5r,0.5
94,exit_at_first_1_0r,1.0
94,trail_0_5r_after_1_0r,3.9239420314589797
94,time_exit_after_4_bars_if_mfe_lt_0_3r,3.520331863755447
94,partial_50pct_at_1r,2.260165931877723
95,baseline,3.0193180175933656
95,breakeven_after_0_5r,0.0
95,breakeven_after_1_0r,0.0
95,exit_at_first_0_5r,0.5
95,exit_at_first_1_0r,1.0
95,trail_0_5r_after_1_0r,2.4725274170754385
95,time_exit_after_4_bars_if_mfe_lt_0_3r,3.0193180175933656
95,partial_50pct_at_1r,2.0096590087966826
96,baseline,2.617028640524976
96,breakeven_after_0_5r,0.0
96,breakeven_after_1_0r,0.0
96,exit_at_first_0_5r,0.5
96,exit_at_first_1_0r,1.0
96,trail_0_5r_after_1_0r,1.5738129755986834
96,time_exit_after_4_bars_if_mfe_lt_0_3r,2.617028640524976
96,partial_50pct_at_1r,1.808514320262488
97,baseline,1.5210360939859122
97,breakeven_after_0_5r,0.0
97,breakeven_after_1_0r,0.0
97,exit_at_first_0_5r,0.5
97,exit_at_first_1_0r,1.0
97,trail_0_5r_after_1_0r,1.5974076147254
97,time_exit_after_4_bars_if_mfe_lt_0_3r,1.5210360939859122
97,partial_50pct_at_1r,1.260518046992956
98,baseline,-3.6803033234778324
98,breakeven_after_0_5r,0.0
98,breakeven_after_1_0r,0.0
98,exit_at_first_0_5r,0.5
98,exit_at_first_1_0r,1.0
98,trail_0_5r_after_1_0r,0.5689641486286776
98,time_exit_after_4_bars_if_mfe_lt_0_3r,-3.6803033234778324
98,partial_50pct_at_1r,-1.3401516617389162
99,baseline,7.04962341572256
99,breakeven_after_0_5r,0.0
99,breakeven_after_1_0r,0.0
99,exit_at_first_0_5r,0.5
99,exit_at_first_1_0r,1.0
99,trail_0_5r_after_1_0r,1.1747012519309832
99,time_exit_after_4_bars_if_mfe_lt_0_3r,7.04962341572256
99,partial_50pct_at_1r,4.02481170786128
100,baseline,7.726915860140784
100,breakeven_after_0_5r,0.0
100,breakeven_after_1_0r,0.0
100,exit_at_first_0_5r,0.5
100,exit_at_first_1_0r,1.0
100,trail_0_5r_after_1_0r,0.6854996671004492
100,time_exit_after_4_bars_if_mfe_lt_0_3r,7.726915860140784
100,partial_50pct_at_1r,4.363457930070393
101,baseline,-1.0675430097754335
101,breakeven_after_0_5r,0.0
101,breakeven_after_1_0r,0.0
101,exit_at_first_0_5r,0.5
101,exit_at_first_1_0r,1.0
101,trail_0_5r_after_1_0r,0.5872946109935719
101,time_exit_after_4_bars_if_mfe_lt_0_3r,-1.0675430097754335
101,partial_50pct_at_1r,-0.03377150488771674
102,baseline,4.279008372562476
102,breakeven_after_0_5r,0.0
102,breakeven_after_1_0r,4.279008372562476
102,exit_at_first_0_5r,0.5
102,exit_at_first_1_0r,1.0
102,trail_0_5r_after_1_0r,4.135496270646642
102,time_exit_after_4_bars_if_mfe_lt_0_3r,4.279008372562476
102,partial_50pct_at_1r,2.639504186281238
103,baseline,-2.7052443181839267
103,breakeven_after_0_5r,0.0
103,breakeven_after_1_0r,0.0
103,exit_at_first_0_5r,0.5
103,exit_at_first_1_0r,1.0
103,trail_0_5r_after_1_0r,0.6913218043142562
103,time_exit_after_4_bars_if_mfe_lt_0_3r,-2.7052443181839267
103,partial_50pct_at_1r,-0.8526221590919634
104,baseline,-1.0534860554535583
104,breakeven_after_0_5r,0.0
104,breakeven_after_1_0r,0.0
104,exit_at_first_0_5r,0.5
104,exit_at_first_1_0r,1.0
104,trail_0_5r_after_1_0r,0.5615574009816755
104,time_exit_after_4_bars_if_mfe_lt_0_3r,-1.0534860554535583
104,partial_50pct_at_1r,-0.026743027726779167
105,baseline,-8.029601170990842
105,breakeven_after_0_5r,0.0
105,breakeven_after_1_0r,0.0
105,exit_at_first_0_5r,0.5
105,exit_at_first_1_0r,1.0
105,trail_0_5r_after_1_0r,1.6268335557829388
105,time_exit_after_4_bars_if_mfe_lt_0_3r,-8.029601170990842
105,partial_50pct_at_1r,-3.514800585495421
106,baseline,-0.18536977008348227
106,breakeven_after_0_5r,0.0
106,breakeven_after_1_0r,-0.18536977008348227
106,exit_at_first_0_5r,0.5
106,exit_at_first_1_0r,-0.18536977008348227
106,trail_0_5r_after_1_0r,-0.18536977008348227
106,time_exit_after_4_bars_if_mfe_lt_0_3r,-0.18536977008348227
106,partial_50pct_at_1r,-0.18536977008348227
107,baseline,-2.203787274286147
107,breakeven_after_0_5r,-2.203787274286147
107,breakeven_after_1_0r,-2.203787274286147
107,exit_at_first_0_5r,-2.203787274286147
107,exit_at_first_1_0r,-2.203787274286147
107,trail_0_5r_after_1_0r,-2.203787274286147
107,time_exit_after_4_bars_if_mfe_lt_0_3r,-2.203787274286147
107,partial_50pct_at_1r,-2.203787274286147
108,baseline,1.5300889641621334
108,breakeven_after_0_5r,0.0
108,breakeven_after_1_0r,0.0
108,exit_at_first_0_5r,0.5
108,exit_at_first_1_0r,1.0
108,trail_0_5r_after_1_0r,0.5350198684722653
108,time_exit_after_4_bars_if_mfe_lt_0_3r,1.5300889641621334
108,partial_50pct_at_1r,1.2650444820810667
109,baseline,0.2173311898709483
109,breakeven_after_0_5r,0.0
109,breakeven_after_1_0r,0.0
109,exit_at_first_0_5r,0.5
109,exit_at_first_1_0r,1.0
109,trail_0_5r_after_1_0r,1.0845623668658477
109,time_exit_after_4_bars_if_mfe_lt_0_3r,0.2173311898709483
109,partial_50pct_at_1r,0.6086655949354741
110,baseline,0.5822485229903931
110,breakeven_after_0_5r,0.0
110,breakeven_after_1_0r,0.0
110,exit_at_first_0_5r,0.5
110,exit_at_first_1_0r,1.0
110,trail_0_5r_after_1_0r,1.5010078432175202
110,time_exit_after_4_bars_if_mfe_lt_0_3r,0.5822485229903931
110,partial_50pct_at_1r,0.7911242614951965
111,baseline,1.1132893649085367
111,breakeven_after_0_5r,0.0
111,breakeven_after_1_0r,0.0
111,exit_at_first_0_5r,0.5
111,exit_at_first_1_0r,1.0
111,trail_0_5r_after_1_0r,0.7039378594745493
111,time_exit_after_4_bars_if_mfe_lt_0_3r,-0.46819805646232476
111,partial_50pct_at_1r,1.0566446824542683
112,baseline,9.060427153764062
112,breakeven_after_0_5r,0.0
112,breakeven_after_1_0r,0.0
112,exit_at_first_0_5r,0.5
112,exit_at_first_1_0r,1.0
112,trail_0_5r_after_1_0r,0.6495003753134643
112,time_exit_after_4_bars_if_mfe_lt_0_3r,9.060427153764062
112,partial_50pct_at_1r,5.030213576882031
113,baseline,1.0412425695269028
113,breakeven_after_0_5r,0.0
113,breakeven_after_1_0r,0.0
113,exit_at_first_0_5r,0.5
113,exit_at_first_1_0r,1.0
113,trail_0_5r_after_1_0r,0.6537126713870909
113,time_exit_after_4_bars_if_mfe_lt_0_3r,1.0412425695269028
113,partial_50pct_at_1r,1.0206212847634513
114,baseline,-6.079388137609957
114,breakeven_after_0_5r,0.0
114,breakeven_after_1_0r,0.0
114,exit_at_first_0_5r,0.5
114,exit_at_first_1_0r,1.0
114,trail_0_5r_after_1_0r,0.5293345446632374
114,time_exit_after_4_bars_if_mfe_lt_0_3r,-6.079388137609957
114,partial_50pct_at_1r,-2.5396940688049785
115,baseline,-4.2547827294120095
115,breakeven_after_0_5r,-4.2547827294120095
115,breakeven_after_1_0r,-4.2547827294120095
115,exit_at_first_0_5r,-4.2547827294120095
115,exit_at_first_1_0r,-4.2547827294120095
115,trail_0_5r_after_1_0r,-4.2547827294120095
115,time_exit_after_4_bars_if_mfe_lt_0_3r,-3.690075501238143
115,partial_50pct_at_1r,-4.2547827294120095
116,baseline,-1.1893861651944402
116,breakeven_after_0_5r,0.0
116,breakeven_after_1_0r,0.0
116,exit_at_first_0_5r,0.5
116,exit_at_first_1_0r,1.0
116,trail_0_5r_after_1_0r,1.1603300055517078
116,time_exit_after_4_bars_if_mfe_lt_0_3r,-1.1893861651944402
116,partial_50pct_at_1r,-0.09469308259722009
117,baseline,-13.207222026245926
117,breakeven_after_0_5r,0.0
117,breakeven_after_1_0r,0.0
117,exit_at_first_0_5r,0.5
117,exit_at_first_1_0r,1.0
117,trail_0_5r_after_1_0r,0.6884028163818434
117,time_exit_after_4_bars_if_mfe_lt_0_3r,-13.207222026245926
117,partial_50pct_at_1r,-6.103611013122963
118,baseline,5.270120769075721
118,breakeven_after_0_5r,0.0
118,breakeven_after_1_0r,0.0
118,exit_at_first_0_5r,0.5
118,exit_at_first_1_0r,1.0
118,trail_0_5r_after_1_0r,0.624647054929236
118,time_exit_after_4_bars_if_mfe_lt_0_3r,5.270120769075721
118,partial_50pct_at_1r,3.1350603845378604
119,baseline,1.8079424227468008
119,breakeven_after_0_5r,0.0
119,breakeven_after_1_0r,0.0
119,exit_at_first_0_5r,0.5
119,exit_at_first_1_0r,1.0
119,trail_0_5r_after_1_0r,0.7281616038476562
119,time_exit_after_4_bars_if_mfe_lt_0_3r,1.8079424227468008
119,partial_50pct_at_1r,1.4039712113734004
120,baseline,1.118405634483376
120,breakeven_after_0_5r,0.0
120,breakeven_after_1_0r,0.0
120,exit_at_first_0_5r,0.5
120,exit_at_first_1_0r,1.0
120,trail_0_5r_after_1_0r,1.070789850179738
120,time_exit_after_4_bars_if_mfe_lt_0_3r,1.118405634483376
120,partial_50pct_at_1r,1.059202817241688
121,baseline,-2.178330933278779
121,breakeven_after_0_5r,0.0
121,breakeven_after_1_0r,0.0
121,exit_at_first_0_5r,0.5
121,exit_at_first_1_0r,1.0
121,trail_0_5r_after_1_0r,0.909949712828793
121,time_exit_after_4_bars_if_mfe_lt_0_3r,-2.178330933278779
121,partial_50pct_at_1r,-0.5891654666393895
122,baseline,-1.8406421140523266
122,breakeven_after_0_5r,0.0
122,breakeven_after_1_0r,0.0
122,exit_at_first_0_5r,0.5
122,exit_at_first_1_0r,1.0
122,trail_0_5r_after_1_0r,1.2042588033168877
122,time_exit_after_4_bars_if_mfe_lt_0_3r,-1.8406421140523266
122,partial_50pct_at_1r,-0.4203210570261633
123,baseline,-0.26965322986383583
123,breakeven_after_0_5r,0.0
123,breakeven_after_1_0r,0.0
123,exit_at_first_0_5r,0.5
123,exit_at_first_1_0r,1.0
123,trail_0_5r_after_1_0r,1.9931158135494025
123,time_exit_after_4_bars_if_mfe_lt_0_3r,-0.26965322986383583
123,partial_50pct_at_1r,0.36517338506808206
124,baseline,4.078066944138402
124,breakeven_after_0_5r,0.0
124,breakeven_after_1_0r,0.0
124,exit_at_first_0_5r,0.5
124,exit_at_first_1_0r,1.0
124,trail_0_5r_after_1_0r,4.916077074743453
124,time_exit_after_4_bars_if_mfe_lt_0_3r,4.078066944138402
124,partial_50pct_at_1r,2.539033472069201
125,baseline,-9.029098440999915
125,breakeven_after_0_5r,0.0
125,breakeven_after_1_0r,0.0
125,exit_at_first_0_5r,0.5
125,exit_at_first_1_0r,1.0
125,trail_0_5r_after_1_0r,0.6999214359195345
125,time_exit_after_4_bars_if_mfe_lt_0_3r,-9.029098440999915
125,partial_50pct_at_1r,-4.0145492204999575
126,baseline,4.205150597975548
126,breakeven_after_0_5r,0.0
126,breakeven_after_1_0r,0.0
126,exit_at_first_0_5r,0.5
126,exit_at_first_1_0r,1.0
126,trail_0_5r_after_1_0r,2.0481188113707027
126,time_exit_after_4_bars_if_mfe_lt_0_3r,4.205150597975548
126,partial_50pct_at_1r,2.602575298987774
127,baseline,1.2556652306304399
127,breakeven_after_0_5r,0.0
127,breakeven_after_1_0r,0.0
127,exit_at_first_0_5r,0.5
127,exit_at_first_1_0r,1.0
127,trail_0_5r_after_1_0r,0.6092514360777253
127,time_exit_after_4_bars_if_mfe_lt_0_3r,1.2556652306304399
127,partial_50pct_at_1r,1.1278326153152198
128,baseline,0.37716477089799527
128,breakeven_after_0_5r,0.0
128,breakeven_after_1_0r,0.0
128,exit_at_first_0_5r,0.5
128,exit_at_first_1_0r,1.0
128,trail_0_5r_after_1_0r,0.555343977386769
128,time_exit_after_4_bars_if_mfe_lt_0_3r,0.37716477089799527
128,partial_50pct_at_1r,0.6885823854489976
129,baseline,4.980804424724359
129,breakeven_after_0_5r,0.0
129,breakeven_after_1_0r,0.0
129,exit_at_first_0_5r,0.5
129,exit_at_first_1_0r,1.0
129,trail_0_5r_after_1_0r,0.9029391945839462
129,time_exit_after_4_bars_if_mfe_lt_0_3r,4.980804424724359
129,partial_50pct_at_1r,2.9904022123621794
130,baseline,-1.9737010677368234
130,breakeven_after_0_5r,0.0
130,breakeven_after_1_0r,-1.9737010677368234
130,exit_at_first_0_5r,0.5
130,exit_at_first_1_0r,-1.9737010677368234
130,trail_0_5r_after_1_0r,-1.9737010677368234
130,time_exit_after_4_bars_if_mfe_lt_0_3r,-1.9737010677368234
130,partial_50pct_at_1r,-1.9737010677368234
131,baseline,0.5600675852962957
131,breakeven_after_0_5r,0.0
131,breakeven_after_1_0r,0.5600675852962957
131,exit_at_first_0_5r,0.5
131,exit_at_first_1_0r,1.0
131,trail_0_5r_after_1_0r,1.8424179313297508
131,time_exit_after_4_bars_if_mfe_lt_0_3r,0.5600675852962957
131,partial_50pct_at_1r,0.7800337926481479
132,baseline,2.0005741250551834
132,breakeven_after_0_5r,0.0
132,breakeven_after_1_0r,0.0
132,exit_at_first_0_5r,0.5
132,exit_at_first_1_0r,1.0
132,trail_0_5r_after_1_0r,1.5042372540672382
132,time_exit_after_4_bars_if_mfe_lt_0_3r,2.0005741250551834
132,partial_50pct_at_1r,1.5002870625275917
133,baseline,2.8203480813902635
133,breakeven_after_0_5r,0.0
133,breakeven_after_1_0r,0.0
133,exit_at_first_0_5r,0.5
133,exit_at_first_1_0r,1.0
133,trail_0_5r_after_1_0r,3.2103498774868906
133,time_exit_after_4_bars_if_mfe_lt_0_3r,2.8203480813902635
133,partial_50pct_at_1r,1.9101740406951317
134,baseline,14.164150780155397
134,breakeven_after_0_5r,0.0
134,breakeven_after_1_0r,0.0
134,exit_at_first_0_5r,0.5
134,exit_at_first_1_0r,1.0
134,trail_0_5r_after_1_0r,2.082588037858488
134,time_exit_after_4_bars_if_mfe_lt_0_3r,14.164150780155397
134,partial_50pct_at_1r,7.582075390077699
135,baseline,2.3154171674933655
135,breakeven_after_0_5r,0.0
135,breakeven_after_1_0r,0.0
135,exit_at_first_0_5r,0.5
135,exit_at_first_1_0r,1.0
135,trail_0_5r_after_1_0r,1.0180887426111314
135,time_exit_after_4_bars_if_mfe_lt_0_3r,2.3154171674933655
135,partial_50pct_at_1r,1.6577085837466827
136,baseline,-0.21192308652806746
136,breakeven_after_0_5r,0.0
136,breakeven_after_1_0r,0.0
136,exit_at_first_0_5r,0.5
136,exit_at_first_1_0r,1.0
136,trail_0_5r_after_1_0r,0.9413865780372164
136,time_exit_after_4_bars_if_mfe_lt_0_3r,-0.21192308652806746
136,partial_50pct_at_1r,0.39403845673596627
137,baseline,0.940918413317212
137,breakeven_after_0_5r,0.0
137,breakeven_after_1_0r,0.0
137,exit_at_first_0_5r,0.5
137,exit_at_first_1_0r,1.0
137,trail_0_5r_after_1_0r,2.691619576838868
137,time_exit_after_4_bars_if_mfe_lt_0_3r,0.940918413317212
137,partial_50pct_at_1r,0.970459206658606
138,baseline,-2.4270224243687615
138,breakeven_after_0_5r,0.0
138,breakeven_after_1_0r,0.0
138,exit_at_first_0_5r,0.5
138,exit_at_first_1_0r,1.0
138,trail_0_5r_after_1_0r,1.6901155276338446
138,time_exit_after_4_bars_if_mfe_lt_0_3r,-2.4270224243687615
138,partial_50pct_at_1r,-0.7135112121843807
139,baseline,0.2162736856331889
139,breakeven_after_0_5r,0.0
139,breakeven_after_1_0r,0.0
139,exit_at_first_0_5r,0.5
139,exit_at_first_1_0r,1.0
139,trail_0_5r_after_1_0r,0.9012757059625058
139,time_exit_after_4_bars_if_mfe_lt_0_3r,0.2162736856331889
139,partial_50pct_at_1r,0.6081368428165944
140,baseline,1.538169186787194
140,breakeven_after_0_5r,0.0
140,breakeven_after_1_0r,0.0
140,exit_at_first_0_5r,0.5
140,exit_at_first_1_0r,1.0
140,trail_0_5r_after_1_0r,0.5591369499521903
140,time_exit_after_4_bars_if_mfe_lt_0_3r,1.538169186787194
140,partial_50pct_at_1r,1.269084593393597
141,baseline,3.033948723056206
141,breakeven_after_0_5r,0.0
141,breakeven_after_1_0r,0.0
141,exit_at_first_0_5r,0.5
141,exit_at_first_1_0r,1.0
141,trail_0_5r_after_1_0r,2.3231974930214103
141,time_exit_after_4_bars_if_mfe_lt_0_3r,3.033948723056206
141,partial_50pct_at_1r,2.016974361528103
142,baseline,19.951965386652194
142,breakeven_after_0_5r,0.0
142,breakeven_after_1_0r,19.951965386652194
142,exit_at_first_0_5r,0.5
142,exit_at_first_1_0r,1.0
142,trail_0_5r_after_1_0r,0.5344159457264486
142,time_exit_after_4_bars_if_mfe_lt_0_3r,19.951965386652194
142,partial_50pct_at_1r,10.475982693326097
143,baseline,0.5450034552067505
143,breakeven_after_0_5r,0.0
143,breakeven_after_1_0r,0.0
143,exit_at_first_0_5r,0.5
143,exit_at_first_1_0r,1.0
143,trail_0_5r_after_1_0r,0.5281316622427012
143,time_exit_after_4_bars_if_mfe_lt_0_3r,0.5450034552067505
143,partial_50pct_at_1r,0.7725017276033752
144,baseline,5.402813136078974
144,breakeven_after_0_5r,0.0
144,breakeven_after_1_0r,5.402813136078974
144,exit_at_first_0_5r,0.5
144,exit_at_first_1_0r,1.0
144,trail_0_5r_after_1_0r,2.983134457224548
144,time_exit_after_4_bars_if_mfe_lt_0_3r,5.402813136078974
144,partial_50pct_at_1r,3.201406568039487
145,baseline,2.2489176148060603
145,breakeven_after_0_5r,0.0
145,breakeven_after_1_0r,0.0
145,exit_at_first_0_5r,0.5
145,exit_at_first_1_0r,1.0
145,trail_0_5r_after_1_0r,0.7263746847076629
145,time_exit_after_4_bars_if_mfe_lt_0_3r,2.2489176148060603
145,partial_50pct_at_1r,1.6244588074030302
146,baseline,-0.4988217547858501
146,breakeven_after_0_5r,0.0
146,breakeven_after_1_0r,-0.4988217547858501
146,exit_at_first_0_5r,0.5
146,exit_at_first_1_0r,-0.4988217547858501
146,trail_0_5r_after_1_0r,-0.4988217547858501
146,time_exit_after_4_bars_if_mfe_lt_0_3r,-0.4988217547858501
146,partial_50pct_at_1r,-0.4988217547858501
147,baseline,-1.3161221211626246
147,breakeven_after_0_5r,0.0
147,breakeven_after_1_0r,0.0
147,exit_at_first_0_5r,0.5
147,exit_at_first_1_0r,1.0
147,trail_0_5r_after_1_0r,0.6926963652241969
147,time_exit_after_4_bars_if_mfe_lt_0_3r,-1.3161221211626246
147,partial_50pct_at_1r,-0.1580610605813123
148,baseline,0.4925411772344328
148,breakeven_after_0_5r,0.0
148,breakeven_after_1_0r,0.0
148,exit_at_first_0_5r,0.5
148,exit_at_first_1_0r,1.0
148,trail_0_5r_after_1_0r,1.711806275516762
148,time_exit_after_4_bars_if_mfe_lt_0_3r,0.4925411772344328
148,partial_50pct_at_1r,0.7462705886172164
149,baseline,2.242329266333362
149,breakeven_after_0_5r,0.0
149,breakeven_after_1_0r,0.0
149,exit_at_first_0_5r,0.5
149,exit_at_first_1_0r,1.0
149,trail_0_5r_after_1_0r,0.5242792015774635
149,time_exit_after_4_bars_if_mfe_lt_0_3r,2.242329266333362
149,partial_50pct_at_1r,1.621164633166681
150,baseline,-0.18946599214488255
150,breakeven_after_0_5r,0.0
150,breakeven_after_1_0r,0.0
150,exit_at_first_0_5r,0.5
150,exit_at_first_1_0r,1.0
150,trail_0_5r_after_1_0r,0.9798148193055565
150,time_exit_after_4_bars_if_mfe_lt_0_3r,-0.18946599214488255
150,partial_50pct_at_1r,0.4052670039275587
151,baseline,-5.656556143921835
151,breakeven_after_0_5r,-5.656556143921835
151,breakeven_after_1_0r,-5.656556143921835
151,exit_at_first_0_5r,-5.656556143921835
151,exit_at_first_1_0r,-5.656556143921835
151,trail_0_5r_after_1_0r,-5.656556143921835
151,time_exit_after_4_bars_if_mfe_lt_0_3r,-5.656556143921835
151,partial_50pct_at_1r,-5.656556143921835
152,baseline,-1.4713444979448687
152,breakeven_after_0_5r,0.0
152,breakeven_after_1_0r,-1.4713444979448687
152,exit_at_first_0_5r,0.5
152,exit_at_first_1_0r,-1.4713444979448687
152,trail_0_5r_after_1_0r,-1.4713444979448687
152,time_exit_after_4_bars_if_mfe_lt_0_3r,-1.4713444979448687
152,partial_50pct_at_1r,-1.4713444979448687
153,baseline,1.844901989338594
153,breakeven_after_0_5r,0.0
153,breakeven_after_1_0r,0.0
153,exit_at_first_0_5r,0.5
153,exit_at_first_1_0r,1.0
153,trail_0_5r_after_1_0r,0.6070252479752998
153,time_exit_after_4_bars_if_mfe_lt_0_3r,1.844901989338594
153,partial_50pct_at_1r,1.4224509946692971
154,baseline,-1.2581504875455998
154,breakeven_after_0_5r,0.0
154,breakeven_after_1_0r,-1.2581504875455998
154,exit_at_first_0_5r,0.5
154,exit_at_first_1_0r,-1.2581504875455998
154,trail_0_5r_after_1_0r,-1.2581504875455998
154,time_exit_after_4_bars_if_mfe_lt_0_3r,-1.2581504875455998
154,partial_50pct_at_1r,-1.2581504875455998
155,baseline,-0.7804043586754273
155,breakeven_after_0_5r,0.0
155,breakeven_after_1_0r,0.0
155,exit_at_first_0_5r,0.5
155,exit_at_first_1_0r,1.0
155,trail_0_5r_after_1_0r,0.5313285872864073
155,time_exit_after_4_bars_if_mfe_lt_0_3r,-0.7804043586754273
155,partial_50pct_at_1r,0.10979782066228633
156,baseline,-4.250100635324088
156,breakeven_after_0_5r,0.0
156,breakeven_after_1_0r,0.0
156,exit_at_first_0_5r,0.5
156,exit_at_first_1_0r,1.0
156,trail_0_5r_after_1_0r,0.5515667501357358
156,time_exit_after_4_bars_if_mfe_lt_0_3r,-4.250100635324088
156,partial_50pct_at_1r,-1.625050317662044
157,baseline,-2.0330384836681312
157,breakeven_after_0_5r,0.0
157,breakeven_after_1_0r,0.0
157,exit_at_first_0_5r,0.5
157,exit_at_first_1_0r,1.0
157,trail_0_5r_after_1_0r,0.5950926041716846
157,time_exit_after_4_bars_if_mfe_lt_0_3r,-2.0330384836681312
157,partial_50pct_at_1r,-0.5165192418340656
158,baseline,-0.1266445471736812
158,breakeven_after_0_5r,0.0
158,breakeven_after_1_0r,-0.1266445471736812
158,exit_at_first_0_5r,0.5
158,exit_at_first_1_0r,-0.1266445471736812
158,trail_0_5r_after_1_0r,-0.1266445471736812
158,time_exit_after_4_bars_if_mfe_lt_0_3r,-0.1266445471736812
158,partial_50pct_at_1r,-0.1266445471736812
159,baseline,-0.623342622639314
159,breakeven_after_0_5r,0.0
159,breakeven_after_1_0r,0.0
159,exit_at_first_0_5r,0.5
159,exit_at_first_1_0r,1.0
159,trail_0_5r_after_1_0r,1.28154046483028
159,time_exit_after_4_bars_if_mfe_lt_0_3r,-0.623342622639314
159,partial_50pct_at_1r,0.18832868868034303
160,baseline,-1.022954652533472
160,breakeven_after_0_5r,0.0
160,breakeven_after_1_0r,-1.022954652533472
160,exit_at_first_0_5r,0.5
160,exit_at_first_1_0r,-1.022954652533472
160,trail_0_5r_after_1_0r,-1.022954652533472
160,time_exit_after_4_bars_if_mfe_lt_0_3r,-1.022954652533472
160,partial_50pct_at_1r,-1.022954652533472
161,baseline,-2.4311121544977095
161,breakeven_after_0_5r,0.0
161,breakeven_after_1_0r,0.0
161,exit_at_first_0_5r,0.5
161,exit_at_first_1_0r,1.0
161,trail_0_5r_after_1_0r,0.8848589849481014
161,time_exit_after_4_bars_if_mfe_lt_0_3r,-2.4311121544977095
161,partial_50pct_at_1r,-0.7155560772488547
162,baseline,7.332042010181666
162,breakeven_after_0_5r,0.0
162,breakeven_after_1_0r,0.0
162,exit_at_first_0_5r,0.5
162,exit_at_first_1_0r,1.0
162,trail_0_5r_after_1_0r,0.8228088010207748
162,time_exit_after_4_bars_if_mfe_lt_0_3r,7.332042010181666
162,partial_50pct_at_1r,4.166021005090833
163,baseline,-0.9772953516531289
163,breakeven_after_0_5r,0.0
163,breakeven_after_1_0r,0.0
163,exit_at_first_0_5r,0.5
163,exit_at_first_1_0r,1.0
163,trail_0_5r_after_1_0r,4.030020750463465
163,time_exit_after_4_bars_if_mfe_lt_0_3r,-0.9772953516531289
163,partial_50pct_at_1r,0.011352324173435568
164,baseline,-0.4262388293037838
164,breakeven_after_0_5r,0.0
164,breakeven_after_1_0r,0.0
164,exit_at_first_0_5r,0.5
164,exit_at_first_1_0r,1.0
164,trail_0_5r_after_1_0r,0.5629370464588006
164,time_exit_after_4_bars_if_mfe_lt_0_3r,-0.4262388293037838
164,partial_50pct_at_1r,0.2868805853481081
165,baseline,3.894678580103819
165,breakeven_after_0_5r,0.0
165,breakeven_after_1_0r,0.0
165,exit_at_first_0_5r,0.5
165,exit_at_first_1_0r,1.0
165,trail_0_5r_after_1_0r,0.6985171900808114
165,time_exit_after_4_bars_if_mfe_lt_0_3r,3.894678580103819
165,partial_50pct_at_1r,2.4473392900519095
166,baseline,1.5090823680154775
166,breakeven_after_0_5r,0.0
166,breakeven_after_1_0r,0.0
166,exit_at_first_0_5r,0.5
166,exit_at_first_1_0r,1.0
166,trail_0_5r_after_1_0r,0.9165709259501151
166,time_exit_after_4_bars_if_mfe_lt_0_3r,1.5090823680154775
166,partial_50pct_at_1r,1.2545411840077387
167,baseline,-1.5871132849827374
167,breakeven_after_0_5r,0.0
167,breakeven_after_1_0r,0.0
167,exit_at_first_0_5r,0.5
167,exit_at_first_1_0r,1.0
167,trail_0_5r_after_1_0r,0.5846016133163217
167,time_exit_after_4_bars_if_mfe_lt_0_3r,-1.5871132849827374
167,partial_50pct_at_1r,-0.2935566424913687
168,baseline,0.8357882394126779
168,breakeven_after_0_5r,0.0
168,breakeven_after_1_0r,0.0
168,exit_at_first_0_5r,0.5
168,exit_at_first_1_0r,1.0
168,trail_0_5r_after_1_0r,1.6983693399941222
168,time_exit_after_4_bars_if_mfe_lt_0_3r,0.8357882394126779
168,partial_50pct_at_1r,0.9178941197063389
169,baseline,-0.4401022622185935
169,breakeven_after_0_5r,0.0
169,breakeven_after_1_0r,0.0
169,exit_at_first_0_5r,0.5
169,exit_at_first_1_0r,1.0
169,trail_0_5r_after_1_0r,1.6484123125144765
169,time_exit_after_4_bars_if_mfe_lt_0_3r,-0.4401022622185935
169,partial_50pct_at_1r,0.27994886889070325
170,baseline,2.504497504463463
170,breakeven_after_0_5r,0.0
170,breakeven_after_1_0r,0.0
170,exit_at_first_0_5r,0.5
170,exit_at_first_1_0r,1.0
170,trail_0_5r_after_1_0r,1.0219727657839524
170,time_exit_after_4_bars_if_mfe_lt_0_3r,2.504497504463463
170,partial_50pct_at_1r,1.7522487522317316
171,baseline,10.585539689072899
171,breakeven_after_0_5r,0.0
171,breakeven_after_1_0r,10.585539689072899
171,exit_at_first_0_5r,0.5
171,exit_at_first_1_0r,1.0
171,trail_0_5r_after_1_0r,2.8049748395429095
171,time_exit_after_4_bars_if_mfe_lt_0_3r,10.585539689072899
171,partial_50pct_at_1r,5.7927698445364495
172,baseline,3.9311067163178084
172,breakeven_after_0_5r,0.0
172,breakeven_after_1_0r,0.0
172,exit_at_first_0_5r,0.5
172,exit_at_first_1_0r,1.0
172,trail_0_5r_after_1_0r,1.3880690635043897
172,time_exit_after_4_bars_if_mfe_lt_0_3r,3.9311067163178084
172,partial_50pct_at_1r,2.465553358158904
173,baseline,-0.2664487351483563
173,breakeven_after_0_5r,0.0
173,breakeven_after_1_0r,-0.2664487351483563
173,exit_at_first_0_5r,0.5
173,exit_at_first_1_0r,-0.2664487351483563
173,trail_0_5r_after_1_0r,-0.2664487351483563
173,time_exit_after_4_bars_if_mfe_lt_0_3r,-0.2664487351483563
173,partial_50pct_at_1r,-0.2664487351483563
174,baseline,2.497571425805474
174,breakeven_after_0_5r,0.0
174,breakeven_after_1_0r,0.0
174,exit_at_first_0_5r,0.5
174,exit_at_first_1_0r,1.0
174,trail_0_5r_after_1_0r,0.5729748154159962
174,time_exit_after_4_bars_if_mfe_lt_0_3r,2.497571425805474
174,partial_50pct_at_1r,1.748785712902737
175,baseline,-5.954533065416103
175,breakeven_after_0_5r,0.0
175,breakeven_after_1_0r,0.0
175,exit_at_first_0_5r,0.5
175,exit_at_first_1_0r,1.0
175,trail_0_5r_after_1_0r,0.7183553759663521
175,time_exit_after_4_bars_if_mfe_lt_0_3r,-5.954533065416103
175,partial_50pct_at_1r,-2.4772665327080516
176,baseline,-8.714500051059
176,breakeven_after_0_5r,0.0
176,breakeven_after_1_0r,0.0
176,exit_at_first_0_5r,0.5
176,exit_at_first_1_0r,1.0
176,trail_0_5r_after_1_0r,0.5899395643801897
176,time_exit_after_4_bars_if_mfe_lt_0_3r,-8.714500051059
176,partial_50pct_at_1r,-3.8572500255295
177,baseline,0.8061927409264694
177,breakeven_after_0_5r,0.0
177,breakeven_after_1_0r,0.0
177,exit_at_first_0_5r,0.5
177,exit_at_first_1_0r,1.0
177,trail_0_5r_after_1_0r,0.5301716255907885
177,time_exit_after_4_bars_if_mfe_lt_0_3r,0.8061927409264694
177,partial_50pct_at_1r,0.9030963704632347
178,baseline,2.824333444395535
178,breakeven_after_0_5r,0.0
178,breakeven_after_1_0r,0.0
178,exit_at_first_0_5r,0.5
178,exit_at_first_1_0r,1.0
178,trail_0_5r_after_1_0r,1.634743337016861
178,time_exit_after_4_bars_if_mfe_lt_0_3r,2.824333444395535
178,partial_50pct_at_1r,1.9121667221977674
179,baseline,-2.801473061232552
179,breakeven_after_0_5r,0.0
179,breakeven_after_1_0r,0.0
179,exit_at_first_0_5r,0.5
179,exit_at_first_1_0r,1.0
179,trail_0_5r_after_1_0r,0.9025662711809852
179,time_exit_after_4_bars_if_mfe_lt_0_3r,-2.801473061232552
179,partial_50pct_at_1r,-0.900736530616276
180,baseline,-1.4656993852143858
180,breakeven_after_0_5r,0.0
180,breakeven_after_1_0r,0.0
180,exit_at_first_0_5r,0.5
180,exit_at_first_1_0r,1.0
180,trail_0_5r_after_1_0r,0.8179237347504749
180,time_exit_after_4_bars_if_mfe_lt_0_3r,-1.4656993852143858
180,partial_50pct_at_1r,-0.2328496926071929
181,baseline,-2.611031531576828
181,breakeven_after_0_5r,0.0
181,breakeven_after_1_0r,0.0
181,exit_at_first_0_5r,0.5
181,exit_at_first_1_0r,1.0
181,trail_0_5r_after_1_0r,2.8232721439139574
181,time_exit_after_4_bars_if_mfe_lt_0_3r,-2.611031531576828
181,partial_50pct_at_1r,-0.805515765788414
182,baseline,0.7179982988551467
182,breakeven_after_0_5r,0.0
182,breakeven_after_1_0r,0.0
182,exit_at_first_0_5r,0.5
182,exit_at_first_1_0r,1.0
182,trail_0_5r_after_1_0r,0.519503920804885
182,time_exit_after_4_bars_if_mfe_lt_0_3r,0.7179982988551467
182,partial_50pct_at_1r,0.8589991494275733
183,baseline,0.0653084705411932
183,breakeven_after_0_5r,0.0
183,breakeven_after_1_0r,0.0
183,exit_at_first_0_5r,0.5
183,exit_at_first_1_0r,1.0
183,trail_0_5r_after_1_0r,0.8780296015144535
183,time_exit_after_4_bars_if_mfe_lt_0_3r,0.0653084705411932
183,partial_50pct_at_1r,0.5326542352705966
184,baseline,-20.37299796386613
184,breakeven_after_0_5r,0.0
184,breakeven_after_1_0r,-20.37299796386613
184,exit_at_first_0_5r,0.5
184,exit_at_first_1_0r,-20.37299796386613
184,trail_0_5r_after_1_0r,-20.37299796386613
184,time_exit_after_4_bars_if_mfe_lt_0_3r,-20.37299796386613
184,partial_50pct_at_1r,-20.37299796386613
185,baseline,8.60304619904191
185,breakeven_after_0_5r,0.0
185,breakeven_after_1_0r,8.60304619904191
185,exit_at_first_0_5r,0.5
185,exit_at_first_1_0r,1.0
185,trail_0_5r_after_1_0r,1.517920691969501
185,time_exit_after_4_bars_if_mfe_lt_0_3r,8.60304619904191
185,partial_50pct_at_1r,4.801523099520955
186,baseline,2.9338749886152464
186,breakeven_after_0_5r,0.0
186,breakeven_after_1_0r,0.0
186,exit_at_first_0_5r,0.5
186,exit_at_first_1_0r,1.0
186,trail_0_5r_after_1_0r,1.7478822557632103
186,time_exit_after_4_bars_if_mfe_lt_0_3r,2.9338749886152464
186,partial_50pct_at_1r,1.9669374943076232
187,baseline,-4.697349403924453
187,breakeven_after_0_5r,0.0
187,breakeven_after_1_0r,0.0
187,exit_at_first_0_5r,0.5
187,exit_at_first_1_0r,1.0
187,trail_0_5r_after_1_0r,1.8629050330192904
187,time_exit_after_4_bars_if_mfe_lt_0_3r,-4.697349403924453
187,partial_50pct_at_1r,-1.8486747019622265
188,baseline,2.9116782562385985
188,breakeven_after_0_5r,0.0
188,breakeven_after_1_0r,2.9116782562385985
188,exit_at_first_0_5r,0.5
188,exit_at_first_1_0r,1.0
188,trail_0_5r_after_1_0r,1.5544556137835674
188,time_exit_after_4_bars_if_mfe_lt_0_3r,2.9116782562385985
188,partial_50pct_at_1r,1.9558391281192993
189,baseline,-0.4824642918671656
189,breakeven_after_0_5r,0.0
189,breakeven_after_1_0r,0.0
189,exit_at_first_0_5r,0.5
189,exit_at_first_1_0r,1.0
189,trail_0_5r_after_1_0r,0.5618872407355737
189,time_exit_after_4_bars_if_mfe_lt_0_3r,-1.455620712019568
189,partial_50pct_at_1r,0.2587678540664172
190,baseline,2.3117236768465403
190,breakeven_after_0_5r,0.0
190,breakeven_after_1_0r,0.0
190,exit_at_first_0_5r,0.5
190,exit_at_first_1_0r,1.0
190,trail_0_5r_after_1_0r,1.0374961409553898
190,time_exit_after_4_bars_if_mfe_lt_0_3r,2.3117236768465403
190,partial_50pct_at_1r,1.6558618384232702
191,baseline,2.101496148332577
191,breakeven_after_0_5r,0.0
191,breakeven_after_1_0r,2.101496148332577
191,exit_at_first_0_5r,0.5
191,exit_at_first_1_0r,1.0
191,trail_0_5r_after_1_0r,1.9532873293275972
191,time_exit_after_4_bars_if_mfe_lt_0_3r,-1.114201328736293
191,partial_50pct_at_1r,1.5507480741662885
192,baseline,-0.31041225572370285
192,breakeven_after_0_5r,0.0
192,breakeven_after_1_0r,0.0
192,exit_at_first_0_5r,0.5
192,exit_at_first_1_0r,1.0
192,trail_0_5r_after_1_0r,2.0999768313824316
192,time_exit_after_4_bars_if_mfe_lt_0_3r,-0.31041225572370285
192,partial_50pct_at_1r,0.3447938721381486
193,baseline,2.686169173429044
193,breakeven_after_0_5r,0.0
193,breakeven_after_1_0r,2.686169173429044
193,exit_at_first_0_5r,0.5
193,exit_at_first_1_0r,1.0
193,trail_0_5r_after_1_0r,2.917874993965524
193,time_exit_after_4_bars_if_mfe_lt_0_3r,2.686169173429044
193,partial_50pct_at_1r,1.843084586714522
194,baseline,-0.19026105223212605
194,breakeven_after_0_5r,0.0
194,breakeven_after_1_0r,0.0
194,exit_at_first_0_5r,0.5
194,exit_at_first_1_0r,1.0
194,trail_0_5r_after_1_0r,0.7131765164157755
194,time_exit_after_4_bars_if_mfe_lt_0_3r,-0.19026105223212605
194,partial_50pct_at_1r,0.40486947388393696
195,baseline,-1.9166267701673552
195,breakeven_after_0_5r,0.0
195,breakeven_after_1_0r,-1.9166267701673552
195,exit_at_first_0_5r,0.5
195,exit_at_first_1_0r,-1.9166267701673552
195,trail_0_5r_after_1_0r,-1.9166267701673552
195,time_exit_after_4_bars_if_mfe_lt_0_3r,-1.9166267701673552
195,partial_50pct_at_1r,-1.9166267701673552
196,baseline,-5.733377638080615
196,breakeven_after_0_5r,0.0
196,breakeven_after_1_0r,0.0
196,exit_at_first_0_5r,0.5
196,exit_at_first_1_0r,1.0
196,trail_0_5r_after_1_0r,0.6493880834931747
196,time_exit_after_4_bars_if_mfe_lt_0_3r,-5.733377638080615
196,partial_50pct_at_1r,-2.3666888190403075
197,baseline,5.226008385663564
197,breakeven_after_0_5r,0.0
197,breakeven_after_1_0r,0.0
197,exit_at_first_0_5r,0.5
197,exit_at_first_1_0r,1.0
197,trail_0_5r_after_1_0r,0.5847175889907177
197,time_exit_after_4_bars_if_mfe_lt_0_3r,5.226008385663564
197,partial_50pct_at_1r,3.113004192831782
198,baseline,-0.22587449465417028
198,breakeven_after_0_5r,0.0
198,breakeven_after_1_0r,-0.22587449465417028
198,exit_at_first_0_5r,0.5
198,exit_at_first_1_0r,-0.22587449465417028
198,trail_0_5r_after_1_0r,-0.22587449465417028
198,time_exit_after_4_bars_if_mfe_lt_0_3r,-0.22587449465417028
198,partial_50pct_at_1r,-0.22587449465417028
199,baseline,5.812303190646725
199,breakeven_after_0_5r,0.0
199,breakeven_after_1_0r,0.0
199,exit_at_first_0_5r,0.5
199,exit_at_first_1_0r,1.0
199,trail_0_5r_after_1_0r,0.795614103781958
199,time_exit_after_4_bars_if_mfe_lt_0_3r,5.812303190646725
199,partial_50pct_at_1r,3.4061515953233625
200,baseline,-2.143559601304943
200,breakeven_after_0_5r,0.0
200,breakeven_after_1_0r,0.0
200,exit_at_first_0_5r,0.5
200,exit_at_first_1_0r,1.0
200,trail_0_5r_after_1_0r,0.5216221146011946
200,time_exit_after_4_bars_if_mfe_lt_0_3r,-2.143559601304943
200,partial_50pct_at_1r,-0.5717798006524715
201,baseline,-1.4341088697715394
201,breakeven_after_0_5r,0.0
201,breakeven_after_1_0r,0.0
201,exit_at_first_0_5r,0.5
201,exit_at_first_1_0r,1.0
201,trail_0_5r_after_1_0r,0.6400850391897668
201,time_exit_after_4_bars_if_mfe_lt_0_3r,-1.4341088697715394
201,partial_50pct_at_1r,-0.2170544348857697
202,baseline,-13.95177742082072
202,breakeven_after_0_5r,0.0
202,breakeven_after_1_0r,0.0
202,exit_at_first_0_5r,0.5
202,exit_at_first_1_0r,1.0
202,trail_0_5r_after_1_0r,1.589421907303108
202,time_exit_after_4_bars_if_mfe_lt_0_3r,-13.95177742082072
202,partial_50pct_at_1r,-6.47588871041036
203,baseline,-3.5289212176350415
203,breakeven_after_0_5r,0.0
203,breakeven_after_1_0r,0.0
203,exit_at_first_0_5r,0.5
203,exit_at_first_1_0r,1.0
203,trail_0_5r_after_1_0r,0.5840802369575371
203,time_exit_after_4_bars_if_mfe_lt_0_3r,-3.5289212176350415
203,partial_50pct_at_1r,-1.2644606088175208
204,baseline,6.683149644338195
204,breakeven_after_0_5r,0.0
204,breakeven_after_1_0r,0.0
204,exit_at_first_0_5r,0.5
204,exit_at_first_1_0r,1.0
204,trail_0_5r_after_1_0r,1.1085893927376953
204,time_exit_after_4_bars_if_mfe_lt_0_3r,6.683149644338195
204,partial_50pct_at_1r,3.8415748221690973
205,baseline,-1.1233372627979876
205,breakeven_after_0_5r,0.0
205,breakeven_after_1_0r,0.0
205,exit_at_first_0_5r,0.5
205,exit_at_first_1_0r,1.0
205,trail_0_5r_after_1_0r,0.8519690719117852
205,time_exit_after_4_bars_if_mfe_lt_0_3r,-1.1233372627979876
205,partial_50pct_at_1r,-0.06166863139899381
206,baseline,-2.6455439592321097
206,breakeven_after_0_5r,0.0
206,breakeven_after_1_0r,0.0
206,exit_at_first_0_5r,0.5
206,exit_at_first_1_0r,1.0
206,trail_0_5r_after_1_0r,1.4865915440654458
206,time_exit_after_4_bars_if_mfe_lt_0_3r,-2.6455439592321097
206,partial_50pct_at_1r,-0.8227719796160549
207,baseline,2.7358040255582883
207,breakeven_after_0_5r,0.0
207,breakeven_after_1_0r,0.0
207,exit_at_first_0_5r,0.5
207,exit_at_first_1_0r,1.0
207,trail_0_5r_after_1_0r,2.1566852667863214
207,time_exit_after_4_bars_if_mfe_lt_0_3r,2.7358040255582883
207,partial_50pct_at_1r,1.8679020127791441
208,baseline,0.8275796138940096
208,breakeven_after_0_5r,0.0
208,breakeven_after_1_0r,0.0
208,exit_at_first_0_5r,0.5
208,exit_at_first_1_0r,1.0
208,trail_0_5r_after_1_0r,0.5318898317792662
208,time_exit_after_4_bars_if_mfe_lt_0_3r,0.8275796138940096
208,partial_50pct_at_1r,0.9137898069470047
209,baseline,1.0783321556734284
209,breakeven_after_0_5r,0.0
209,breakeven_after_1_0r,0.0
209,exit_at_first_0_5r,0.5
209,exit_at_first_1_0r,1.0
209,trail_0_5r_after_1_0r,4.005720991711643
209,time_exit_after_4_bars_if_mfe_lt_0_3r,1.0783321556734284
209,partial_50pct_at_1r,1.0391660778367142
210,baseline,0.6621097370603731
210,breakeven_after_0_5r,0.0
210,breakeven_after_1_0r,0.0
210,exit_at_first_0_5r,0.5
210,exit_at_first_1_0r,1.0
210,trail_0_5r_after_1_0r,0.5520239996205993
210,time_exit_after_4_bars_if_mfe_lt_0_3r,0.6621097370603731
210,partial_50pct_at_1r,0.8310548685301866
211,baseline,-4.51513523783226
211,breakeven_after_0_5r,0.0
211,breakeven_after_1_0r,0.0
211,exit_at_first_0_5r,0.5
211,exit_at_first_1_0r,1.0
211,trail_0_5r_after_1_0r,0.6753860679936603
211,time_exit_after_4_bars_if_mfe_lt_0_3r,-4.51513523783226
211,partial_50pct_at_1r,-1.7575676189161298
212,baseline,-1.3480731662727172
212,breakeven_after_0_5r,-1.3480731662727172
212,breakeven_after_1_0r,-1.3480731662727172
212,exit_at_first_0_5r,-1.3480731662727172
212,exit_at_first_1_0r,-1.3480731662727172
212,trail_0_5r_after_1_0r,-1.3480731662727172
212,time_exit_after_4_bars_if_mfe_lt_0_3r,-1.3480731662727172
212,partial_50pct_at_1r,-1.3480731662727172
213,baseline,-1.3101880782417412
213,breakeven_after_0_5r,-1.3101880782417412
213,breakeven_after_1_0r,-1.3101880782417412
213,exit_at_first_0_5r,-1.3101880782417412
213,exit_at_first_1_0r,-1.3101880782417412
213,trail_0_5r_after_1_0r,-1.3101880782417412
213,time_exit_after_4_bars_if_mfe_lt_0_3r,-0.8260646370514081
213,partial_50pct_at_1r,-1.3101880782417412
214,baseline,-0.8814334986598772
214,breakeven_after_0_5r,0.0
214,breakeven_after_1_0r,0.0
214,exit_at_first_0_5r,0.5
214,exit_at_first_1_0r,1.0
214,trail_0_5r_after_1_0r,2.3095979098234003
214,time_exit_after_4_bars_if_mfe_lt_0_3r,-0.8814334986598772
214,partial_50pct_at_1r,0.059283250670061405
215,baseline,-4.3590542339256055
215,breakeven_after_0_5r,0.0
215,breakeven_after_1_0r,-4.3590542339256055
215,exit_at_first_0_5r,0.5
215,exit_at_first_1_0r,-4.3590542339256055
215,trail_0_5r_after_1_0r,-4.3590542339256055
215,time_exit_after_4_bars_if_mfe_lt_0_3r,-4.3590542339256055
215,partial_50pct_at_1r,-4.3590542339256055
216,baseline,-3.7477586640408544
216,breakeven_after_0_5r,0.0
216,breakeven_after_1_0r,-3.7477586640408544
216,exit_at_first_0_5r,0.5
216,exit_at_first_1_0r,-3.7477586640408544
216,trail_0_5r_after_1_0r,-3.7477586640408544
216,time_exit_after_4_bars_if_mfe_lt_0_3r,-3.7477586640408544
216,partial_50pct_at_1r,-3.7477586640408544
217,baseline,-2.034476798312607
217,breakeven_after_0_5r,0.0
217,breakeven_after_1_0r,-2.034476798312607
217,exit_at_first_0_5r,0.5
217,exit_at_first_1_0r,-2.034476798312607
217,trail_0_5r_after_1_0r,-2.034476798312607
217,time_exit_after_4_bars_if_mfe_lt_0_3r,-2.034476798312607
217,partial_50pct_at_1r,-2.034476798312607
218,baseline,-0.9418577383976914
218,breakeven_after_0_5r,0.0
218,breakeven_after_1_0r,-0.9418577383976914
218,exit_at_first_0_5r,0.5
218,exit_at_first_1_0r,-0.9418577383976914
218,trail_0_5r_after_1_0r,-0.9418577383976914
218,time_exit_after_4_bars_if_mfe_lt_0_3r,-0.9418577383976914
218,partial_50pct_at_1r,-0.9418577383976914
219,baseline,3.7518455376799817
219,breakeven_after_0_5r,0.0
219,breakeven_after_1_0r,0.0
219,exit_at_first_0_5r,0.5
219,exit_at_first_1_0r,1.0
219,trail_0_5r_after_1_0r,8.165313709043144
219,time_exit_after_4_bars_if_mfe_lt_0_3r,3.7518455376799817
219,partial_50pct_at_1r,2.375922768839991
220,baseline,4.213964480683512
220,breakeven_after_0_5r,0.0
220,breakeven_after_1_0r,4.213964480683512
220,exit_at_first_0_5r,0.5
220,exit_at_first_1_0r,1.0
220,trail_0_5r_after_1_0r,1.6170874602434315
220,time_exit_after_4_bars_if_mfe_lt_0_3r,4.213964480683512
220,partial_50pct_at_1r,2.606982240341756
221,baseline,-2.9468156122019424
221,breakeven_after_0_5r,0.0
221,breakeven_after_1_0r,0.0
221,exit_at_first_0_5r,0.5
221,exit_at_first_1_0r,1.0
221,trail_0_5r_after_1_0r,0.9097273864637936
221,time_exit_after_4_bars_if_mfe_lt_0_3r,-2.9468156122019424
221,partial_50pct_at_1r,-0.9734078061009712
222,baseline,-0.553930559311592
222,breakeven_after_0_5r,0.0
222,breakeven_after_1_0r,0.0
222,exit_at_first_0_5r,0.5
222,exit_at_first_1_0r,1.0
222,trail_0_5r_after_1_0r,0.8961976524931743
222,time_exit_after_4_bars_if_mfe_lt_0_3r,-0.8609885523707838
222,partial_50pct_at_1r,0.22303472034420402
223,baseline,0.28835588140928053
223,breakeven_after_0_5r,0.0
223,breakeven_after_1_0r,0.0
223,exit_at_first_0_5r,0.5
223,exit_at_first_1_0r,1.0
223,trail_0_5r_after_1_0r,1.0063429391320158
223,time_exit_after_4_bars_if_mfe_lt_0_3r,0.28835588140928053
223,partial_50pct_at_1r,0.6441779407046403
224,baseline,0.23224792084403076
224,breakeven_after_0_5r,0.0
224,breakeven_after_1_0r,0.0
224,exit_at_first_0_5r,0.5
224,exit_at_first_1_0r,1.0
224,trail_0_5r_after_1_0r,0.6019588730161087
224,time_exit_after_4_bars_if_mfe_lt_0_3r,0.23224792084403076
224,partial_50pct_at_1r,0.6161239604220153
225,baseline,2.78740815463538
225,breakeven_after_0_5r,0.0
225,breakeven_after_1_0r,0.0
225,exit_at_first_0_5r,0.5
225,exit_at_first_1_0r,1.0
225,trail_0_5r_after_1_0r,1.1620713514530074
225,time_exit_after_4_bars_if_mfe_lt_0_3r,2.78740815463538
225,partial_50pct_at_1r,1.89370407731769
226,baseline,5.390658170684837
226,breakeven_after_0_5r,0.0
226,breakeven_after_1_0r,5.390658170684837
226,exit_at_first_0_5r,0.5
226,exit_at_first_1_0r,1.0
226,trail_0_5r_after_1_0r,1.389610689999364
226,time_exit_after_4_bars_if_mfe_lt_0_3r,5.390658170684837
226,partial_50pct_at_1r,3.1953290853424186
227,baseline,-2.9527953073479267
227,breakeven_after_0_5r,0.0
227,breakeven_after_1_0r,-2.9527953073479267
227,exit_at_first_0_5r,0.5
227,exit_at_first_1_0r,-2.9527953073479267
227,trail_0_5r_after_1_0r,-2.9527953073479267
227,time_exit_after_4_bars_if_mfe_lt_0_3r,-2.9527953073479267
227,partial_50pct_at_1r,-2.9527953073479267
228,baseline,-1.140138716063424
228,breakeven_after_0_5r,0.0
228,breakeven_after_1_0r,0.0
228,exit_at_first_0_5r,0.5
228,exit_at_first_1_0r,1.0
228,trail_0_5r_after_1_0r,2.012346464080324
228,time_exit_after_4_bars_if_mfe_lt_0_3r,-1.140138716063424
228,partial_50pct_at_1r,-0.07006935803171199
229,baseline,0.9731129873834914
229,breakeven_after_0_5r,0.0
229,breakeven_after_1_0r,0.0
229,exit_at_first_0_5r,0.5
229,exit_at_first_1_0r,1.0
229,trail_0_5r_after_1_0r,0.7782950856284234
229,time_exit_after_4_bars_if_mfe_lt_0_3r,0.9731129873834914
229,partial_50pct_at_1r,0.9865564936917457
230,baseline,-2.901172974139274
230,breakeven_after_0_5r,0.0
230,breakeven_after_1_0r,-2.901172974139274
230,exit_at_first_0_5r,0.5
230,exit_at_first_1_0r,-2.901172974139274
230,trail_0_5r_after_1_0r,-2.901172974139274
230,time_exit_after_4_bars_if_mfe_lt_0_3r,-2.901172974139274
230,partial_50pct_at_1r,-2.901172974139274
231,baseline,-1.5702978040362596
231,breakeven_after_0_5r,0.0
231,breakeven_after_1_0r,0.0
231,exit_at_first_0_5r,0.5
231,exit_at_first_1_0r,1.0
231,trail_0_5r_after_1_0r,0.5349405728963195
231,time_exit_after_4_bars_if_mfe_lt_0_3r,-1.5702978040362596
231,partial_50pct_at_1r,-0.2851489020181298
232,baseline,5.037066132238396
232,breakeven_after_0_5r,0.0
232,breakeven_after_1_0r,0.0
232,exit_at_first_0_5r,0.5
232,exit_at_first_1_0r,1.0
232,trail_0_5r_after_1_0r,0.5166096051569753
232,time_exit_after_4_bars_if_mfe_lt_0_3r,5.037066132238396
232,partial_50pct_at_1r,3.018533066119198
233,baseline,-0.6076674815731876
233,breakeven_after_0_5r,0.0
233,breakeven_after_1_0r,0.0
233,exit_at_first_0_5r,0.5
233,exit_at_first_1_0r,1.0
233,trail_0_5r_after_1_0r,0.5521839737860843
233,time_exit_after_4_bars_if_mfe_lt_0_3r,-0.6076674815731876
233,partial_50pct_at_1r,0.1961662592134062
234,baseline,1.3822505241225393
234,breakeven_after_0_5r,0.0
234,breakeven_after_1_0r,0.0
234,exit_at_first_0_5r,0.5
234,exit_at_first_1_0r,1.0
234,trail_0_5r_after_1_0r,0.874716178013792
234,time_exit_after_4_bars_if_mfe_lt_0_3r,1.3822505241225393
234,partial_50pct_at_1r,1.1911252620612696
235,baseline,2.0318813098981754
235,breakeven_after_0_5r,0.0
235,breakeven_after_1_0r,2.0318813098981754
235,exit_at_first_0_5r,0.5
235,exit_at_first_1_0r,1.0
235,trail_0_5r_after_1_0r,1.6887621457640742
235,time_exit_after_4_bars_if_mfe_lt_0_3r,2.0318813098981754
235,partial_50pct_at_1r,1.5159406549490877
236,baseline,5.087087468615999
236,breakeven_after_0_5r,0.0
236,breakeven_after_1_0r,0.0
236,exit_at_first_0_5r,0.5
236,exit_at_first_1_0r,1.0
236,trail_0_5r_after_1_0r,1.2021973865484077
236,time_exit_after_4_bars_if_mfe_lt_0_3r,5.087087468615999
236,partial_50pct_at_1r,3.0435437343079994
237,baseline,-2.576263570055105
237,breakeven_after_0_5r,-2.576263570055105
237,breakeven_after_1_0r,-2.576263570055105
237,exit_at_first_0_5r,-2.576263570055105
237,exit_at_first_1_0r,-2.576263570055105
237,trail_0_5r_after_1_0r,-2.576263570055105
237,time_exit_after_4_bars_if_mfe_lt_0_3r,-2.576263570055105
237,partial_50pct_at_1r,-2.576263570055105
238,baseline,1.3865676844379078
238,breakeven_after_0_5r,1.3865676844379078
238,breakeven_after_1_0r,1.3865676844379078
238,exit_at_first_0_5r,0.5
238,exit_at_first_1_0r,1.0
238,trail_0_5r_after_1_0r,0.7565025879129659
238,time_exit_after_4_bars_if_mfe_lt_0_3r,1.3865676844379078
238,partial_50pct_at_1r,1.1932838422189538
239,baseline,-0.09826203503089634
239,breakeven_after_0_5r,0.0
239,breakeven_after_1_0r,0.0
239,exit_at_first_0_5r,0.5
239,exit_at_first_1_0r,1.0
239,trail_0_5r_after_1_0r,1.3516495691848398
239,time_exit_after_4_bars_if_mfe_lt_0_3r,-0.09826203503089634
239,partial_50pct_at_1r,0.4508689824845518
240,baseline,-4.830899486824239
240,breakeven_after_0_5r,0.0
240,breakeven_after_1_0r,0.0
240,exit_at_first_0_5r,0.5
240,exit_at_first_1_0r,1.0
240,trail_0_5r_after_1_0r,0.7222653851883991
240,time_exit_after_4_bars_if_mfe_lt_0_3r,-4.830899486824239
240,partial_50pct_at_1r,-1.9154497434121196
241,baseline,0.5491602615469612
241,breakeven_after_0_5r,0.0
241,breakeven_after_1_0r,0.0
241,exit_at_first_0_5r,0.5
241,exit_at_first_1_0r,1.0
241,trail_0_5r_after_1_0r,0.9322813054628072
241,time_exit_after_4_bars_if_mfe_lt_0_3r,0.5491602615469612
241,partial_50pct_at_1r,0.7745801307734805
242,baseline,-3.549134132065901
242,breakeven_after_0_5r,-3.549134132065901
242,breakeven_after_1_0r,-3.549134132065901
242,exit_at_first_0_5r,-3.549134132065901
242,exit_at_first_1_0r,-3.549134132065901
242,trail_0_5r_after_1_0r,-3.549134132065901
242,time_exit_after_4_bars_if_mfe_lt_0_3r,-0.9386079387872045
242,partial_50pct_at_1r,-3.549134132065901
243,baseline,8.253062759760773
243,breakeven_after_0_5r,0.0
243,breakeven_after_1_0r,0.0
243,exit_at_first_0_5r,0.5
243,exit_at_first_1_0r,1.0
243,trail_0_5r_after_1_0r,0.7788138212004281
243,time_exit_after_4_bars_if_mfe_lt_0_3r,8.253062759760773
243,partial_50pct_at_1r,4.626531379880387
244,baseline,1.8496636481748978
244,breakeven_after_0_5r,0.0
244,breakeven_after_1_0r,1.8496636481748978
244,exit_at_first_0_5r,0.5
244,exit_at_first_1_0r,1.0
244,trail_0_5r_after_1_0r,0.6173172148831652
244,time_exit_after_4_bars_if_mfe_lt_0_3r,1.8496636481748978
244,partial_50pct_at_1r,1.424831824087449
245,baseline,-3.2081614481867584
245,breakeven_after_0_5r,0.0
245,breakeven_after_1_0r,0.0
245,exit_at_first_0_5r,0.5
245,exit_at_first_1_0r,1.0
245,trail_0_5r_after_1_0r,0.776533304652977
245,time_exit_after_4_bars_if_mfe_lt_0_3r,-3.2081614481867584
245,partial_50pct_at_1r,-1.1040807240933792
246,baseline,5.462275689856774
246,breakeven_after_0_5r,0.0
246,breakeven_after_1_0r,0.0
246,exit_at_first_0_5r,0.5
246,exit_at_first_1_0r,1.0
246,trail_0_5r_after_1_0r,0.5473189832492098
246,time_exit_after_4_bars_if_mfe_lt_0_3r,5.462275689856774
246,partial_50pct_at_1r,3.231137844928387
247,baseline,4.180370816943993
247,breakeven_after_0_5r,0.0
247,breakeven_after_1_0r,4.180370816943993
247,exit_at_first_0_5r,0.5
247,exit_at_first_1_0r,1.0
247,trail_0_5r_after_1_0r,1.4565423658223027
247,time_exit_after_4_bars_if_mfe_lt_0_3r,4.180370816943993
247,partial_50pct_at_1r,2.5901854084719966
248,baseline,2.1874109689636527
248,breakeven_after_0_5r,0.0
248,breakeven_after_1_0r,2.1874109689636527
248,exit_at_first_0_5r,0.5
248,exit_at_first_1_0r,1.0
248,trail_0_5r_after_1_0r,0.6472506186509832
248,time_exit_after_4_bars_if_mfe_lt_0_3r,2.1874109689636527
248,partial_50pct_at_1r,1.5937054844818264
249,baseline,3.169975414975631
249,breakeven_after_0_5r,0.0
249,breakeven_after_1_0r,0.0
249,exit_at_first_0_5r,0.5
249,exit_at_first_1_0r,1.0
249,trail_0_5r_after_1_0r,0.7555984957729842
249,time_exit_after_4_bars_if_mfe_lt_0_3r,3.169975414975631
249,partial_50pct_at_1r,2.084987707487816
250,baseline,2.744598596126076
250,breakeven_after_0_5r,0.0
250,breakeven_after_1_0r,2.744598596126076
250,exit_at_first_0_5r,0.5
250,exit_at_first_1_0r,1.0
250,trail_0_5r_after_1_0r,1.791247685930819
250,time_exit_after_4_bars_if_mfe_lt_0_3r,2.744598596126076
250,partial_50pct_at_1r,1.872299298063038
251,baseline,-0.24851056855382755
251,breakeven_after_0_5r,0.0
251,breakeven_after_1_0r,0.0
251,exit_at_first_0_5r,0.5
251,exit_at_first_1_0r,1.0
251,trail_0_5r_after_1_0r,2.0114542019049155
251,time_exit_after_4_bars_if_mfe_lt_0_3r,-0.24851056855382755
251,partial_50pct_at_1r,0.3757447157230862
252,baseline,2.2724831673612225
252,breakeven_after_0_5r,0.0
252,breakeven_after_1_0r,2.2724831673612225
252,exit_at_first_0_5r,0.5
252,exit_at_first_1_0r,1.0
252,trail_0_5r_after_1_0r,0.6514293406946996
252,time_exit_after_4_bars_if_mfe_lt_0_3r,2.2724831673612225
252,partial_50pct_at_1r,1.6362415836806112
253,baseline,0.9003186235849213
253,breakeven_after_0_5r,0.0
253,breakeven_after_1_0r,0.9003186235849213
253,exit_at_first_0_5r,0.5
253,exit_at_first_1_0r,1.0
253,trail_0_5r_after_1_0r,1.010217034050774
253,time_exit_after_4_bars_if_mfe_lt_0_3r,0.9003186235849213
253,partial_50pct_at_1r,0.9501593117924607
254,baseline,2.9828150921055796
254,breakeven_after_0_5r,0.0
254,breakeven_after_1_0r,0.0
254,exit_at_first_0_5r,0.5
254,exit_at_first_1_0r,1.0
254,trail_0_5r_after_1_0r,2.1816373132116147
254,time_exit_after_4_bars_if_mfe_lt_0_3r,2.9828150921055796
254,partial_50pct_at_1r,1.9914075460527898
255,baseline,5.760816084738562
255,breakeven_after_0_5r,0.0
255,breakeven_after_1_0r,0.0
255,exit_at_first_0_5r,0.5
255,exit_at_first_1_0r,1.0
255,trail_0_5r_after_1_0r,1.8464451238688713
255,time_exit_after_4_bars_if_mfe_lt_0_3r,5.760816084738562
255,partial_50pct_at_1r,3.380408042369281
256,baseline,-3.1308448283842805
256,breakeven_after_0_5r,0.0
256,breakeven_after_1_0r,0.0
256,exit_at_first_0_5r,0.5
256,exit_at_first_1_0r,1.0
256,trail_0_5r_after_1_0r,0.7905698375671171
256,time_exit_after_4_bars_if_mfe_lt_0_3r,-3.1308448283842805
256,partial_50pct_at_1r,-1.0654224141921402
257,baseline,2.135537579329611
257,breakeven_after_0_5r,0.0
257,breakeven_after_1_0r,0.0
257,exit_at_first_0_5r,0.5
257,exit_at_first_1_0r,1.0
257,trail_0_5r_after_1_0r,0.8237833276313269
257,time_exit_after_4_bars_if_mfe_lt_0_3r,2.135537579329611
257,partial_50pct_at_1r,1.5677687896648056
258,baseline,-2.7794081670763817
258,breakeven_after_0_5r,0.0
258,breakeven_after_1_0r,-2.7794081670763817
258,exit_at_first_0_5r,0.5
258,exit_at_first_1_0r,-2.7794081670763817
258,trail_0_5r_after_1_0r,-2.7794081670763817
258,time_exit_after_4_bars_if_mfe_lt_0_3r,-2.7794081670763817
258,partial_50pct_at_1r,-2.7794081670763817
259,baseline,-1.910902275238021
259,breakeven_after_0_5r,0.0
259,breakeven_after_1_0r,-1.910902275238021
259,exit_at_first_0_5r,0.5
259,exit_at_first_1_0r,-1.910902275238021
259,trail_0_5r_after_1_0r,-1.910902275238021
259,time_exit_after_4_bars_if_mfe_lt_0_3r,-1.910902275238021
259,partial_50pct_at_1r,-1.910902275238021
260,baseline,-3.0190091179216267
260,breakeven_after_0_5r,0.0
260,breakeven_after_1_0r,0.0
260,exit_at_first_0_5r,0.5
260,exit_at_first_1_0r,1.0
260,trail_0_5r_after_1_0r,0.9859188466204474
260,time_exit_after_4_bars_if_mfe_lt_0_3r,-3.0190091179216267
260,partial_50pct_at_1r,-1.0095045589608134
261,baseline,-1.1436179004139748
261,breakeven_after_0_5r,0.0
261,breakeven_after_1_0r,0.0
261,exit_at_first_0_5r,0.5
261,exit_at_first_1_0r,1.0
261,trail_0_5r_after_1_0r,0.5287065560420932
261,time_exit_after_4_bars_if_mfe_lt_0_3r,-1.1436179004139748
261,partial_50pct_at_1r,-0.07180895020698741
262,baseline,-1.0554023377433543
262,breakeven_after_0_5r,0.0
262,breakeven_after_1_0r,0.0
262,exit_at_first_0_5r,0.5
262,exit_at_first_1_0r,1.0
262,trail_0_5r_after_1_0r,0.9086872716607508
262,time_exit_after_4_bars_if_mfe_lt_0_3r,-1.0554023377433543
262,partial_50pct_at_1r,-0.027701168871677173
263,baseline,4.4408214845146
263,breakeven_after_0_5r,0.0
263,breakeven_after_1_0r,0.0
263,exit_at_first_0_5r,0.5
263,exit_at_first_1_0r,1.0
263,trail_0_5r_after_1_0r,0.9979319738280479
263,time_exit_after_4_bars_if_mfe_lt_0_3r,4.4408214845146
263,partial_50pct_at_1r,2.7204107422573
264,baseline,1.4625306495456347
264,breakeven_after_0_5r,0.0
264,breakeven_after_1_0r,0.0
264,exit_at_first_0_5r,0.5
264,exit_at_first_1_0r,1.0
264,trail_0_5r_after_1_0r,1.0226042716300123
264,time_exit_after_4_bars_if_mfe_lt_0_3r,1.4625306495456347
264,partial_50pct_at_1r,1.2312653247728174
265,baseline,-0.8798872632858175
265,breakeven_after_0_5r,0.0
265,breakeven_after_1_0r,-0.8798872632858175
265,exit_at_first_0_5r,0.5
265,exit_at_first_1_0r,-0.8798872632858175
265,trail_0_5r_after_1_0r,-0.8798872632858175
265,time_exit_after_4_bars_if_mfe_lt_0_3r,-0.8798872632858175
265,partial_50pct_at_1r,-0.8798872632858175
266,baseline,-2.425202246886172
266,breakeven_after_0_5r,0.0
266,breakeven_after_1_0r,0.0
266,exit_at_first_0_5r,0.5
266,exit_at_first_1_0r,1.0
266,trail_0_5r_after_1_0r,0.6282806029613714
266,time_exit_after_4_bars_if_mfe_lt_0_3r,-2.425202246886172
266,partial_50pct_at_1r,-0.712601123443086
267,baseline,0.5250119644473561
267,breakeven_after_0_5r,0.0
267,breakeven_after_1_0r,0.5250119644473561
267,exit_at_first_0_5r,0.5
267,exit_at_first_1_0r,1.0
267,trail_0_5r_after_1_0r,0.9653759082507061
267,time_exit_after_4_bars_if_mfe_lt_0_3r,0.5250119644473561
267,partial_50pct_at_1r,0.762505982223678
268,baseline,1.0167650937470099
268,breakeven_after_0_5r,0.0
268,breakeven_after_1_0r,0.0
268,exit_at_first_0_5r,0.5
268,exit_at_first_1_0r,1.0
268,trail_0_5r_after_1_0r,0.5404809704231559
268,time_exit_after_4_bars_if_mfe_lt_0_3r,1.0167650937470099
268,partial_50pct_at_1r,1.0083825468735048
269,baseline,-0.7180038644826854
269,breakeven_after_0_5r,0.0
269,breakeven_after_1_0r,0.0
269,exit_at_first_0_5r,0.5
269,exit_at_first_1_0r,1.0
269,trail_0_5r_after_1_0r,0.6562823225942875
269,time_exit_after_4_bars_if_mfe_lt_0_3r,-0.7180038644826854
269,partial_50pct_at_1r,0.1409980677586573
270,baseline,-4.2362480996337055
270,breakeven_after_0_5r,-4.2362480996337055
270,breakeven_after_1_0r,-4.2362480996337055
270,exit_at_first_0_5r,-4.2362480996337055
270,exit_at_first_1_0r,-4.2362480996337055
270,trail_0_5r_after_1_0r,-4.2362480996337055
270,time_exit_after_4_bars_if_mfe_lt_0_3r,-4.2362480996337055
270,partial_50pct_at_1r,-4.2362480996337055
271,baseline,1.5413020206121513
271,breakeven_after_0_5r,0.0
271,breakeven_after_1_0r,0.0
271,exit_at_first_0_5r,0.5
271,exit_at_first_1_0r,1.0
271,trail_0_5r_after_1_0r,0.93789681715601
271,time_exit_after_4_bars_if_mfe_lt_0_3r,1.5413020206121513
271,partial_50pct_at_1r,1.2706510103060755
272,baseline,2.921548743919289
272,breakeven_after_0_5r,0.0
272,breakeven_after_1_0r,0.0
272,exit_at_first_0_5r,0.5
272,exit_at_first_1_0r,1.0
272,trail_0_5r_after_1_0r,3.5768410265751607
272,time_exit_after_4_bars_if_mfe_lt_0_3r,2.921548743919289
272,partial_50pct_at_1r,1.9607743719596444
273,baseline,7.071566887275356
273,breakeven_after_0_5r,0.0
273,breakeven_after_1_0r,0.0
273,exit_at_first_0_5r,0.5
273,exit_at_first_1_0r,1.0
273,trail_0_5r_after_1_0r,0.6606925995925579
273,time_exit_after_4_bars_if_mfe_lt_0_3r,7.071566887275356
273,partial_50pct_at_1r,4.035783443637678
274,baseline,-5.06479998107497
274,breakeven_after_0_5r,0.0
274,breakeven_after_1_0r,-5.06479998107497
274,exit_at_first_0_5r,0.5
274,exit_at_first_1_0r,-5.06479998107497
274,trail_0_5r_after_1_0r,-5.06479998107497
274,time_exit_after_4_bars_if_mfe_lt_0_3r,-5.06479998107497
274,partial_50pct_at_1r,-5.06479998107497
275,baseline,9.907831370241485
275,breakeven_after_0_5r,0.0
275,breakeven_after_1_0r,0.0
275,exit_at_first_0_5r,0.5
275,exit_at_first_1_0r,1.0
275,trail_0_5r_after_1_0r,1.2321622844297506
275,time_exit_after_4_bars_if_mfe_lt_0_3r,9.907831370241485
275,partial_50pct_at_1r,5.453915685120743
276,baseline,-2.5740801357054788
276,breakeven_after_0_5r,0.0
276,breakeven_after_1_0r,0.0
276,exit_at_first_0_5r,0.5
276,exit_at_first_1_0r,1.0
276,trail_0_5r_after_1_0r,1.7946360910012773
276,time_exit_after_4_bars_if_mfe_lt_0_3r,-2.5740801357054788
276,partial_50pct_at_1r,-0.7870400678527394
277,baseline,-0.547723492942463
277,breakeven_after_0_5r,0.0
277,breakeven_after_1_0r,0.0
277,exit_at_first_0_5r,0.5
277,exit_at_first_1_0r,1.0
277,trail_0_5r_after_1_0r,0.7956955931772007
277,time_exit_after_4_bars_if_mfe_lt_0_3r,-0.547723492942463
277,partial_50pct_at_1r,0.22613825352876848
278,baseline,2.9962997062232866
278,breakeven_after_0_5r,0.0
278,breakeven_after_1_0r,0.0
278,exit_at_first_0_5r,0.5
278,exit_at_first_1_0r,1.0
278,trail_0_5r_after_1_0r,1.141449174654642
278,time_exit_after_4_bars_if_mfe_lt_0_3r,2.9962997062232866
278,partial_50pct_at_1r,1.9981498531116433
279,baseline,2.077348089258228
279,breakeven_after_0_5r,0.0
279,breakeven_after_1_0r,0.0
279,exit_at_first_0_5r,0.5
279,exit_at_first_1_0r,1.0
279,trail_0_5r_after_1_0r,0.7451498455563161
279,time_exit_after_4_bars_if_mfe_lt_0_3r,2.077348089258228
279,partial_50pct_at_1r,1.538674044629114
280,baseline,-1.8328132996153133
280,breakeven_after_0_5r,0.0
280,breakeven_after_1_0r,0.0
280,exit_at_first_0_5r,0.5
280,exit_at_first_1_0r,1.0
280,trail_0_5r_after_1_0r,0.5036989115371966
280,time_exit_after_4_bars_if_mfe_lt_0_3r,-1.8328132996153133
280,partial_50pct_at_1r,-0.4164066498076566
281,baseline,0.7807063461490864
281,breakeven_after_0_5r,0.0
281,breakeven_after_1_0r,0.7807063461490864
281,exit_at_first_0_5r,0.5
281,exit_at_first_1_0r,1.0
281,trail_0_5r_after_1_0r,2.059537426796876
281,time_exit_after_4_bars_if_mfe_lt_0_3r,0.7807063461490864
281,partial_50pct_at_1r,0.8903531730745432
282,baseline,4.941677930475446
282,breakeven_after_0_5r,0.0
282,breakeven_after_1_0r,4.941677930475446
282,exit_at_first_0_5r,0.5
282,exit_at_first_1_0r,1.0
282,trail_0_5r_after_1_0r,0.7751064504912928
282,time_exit_after_4_bars_if_mfe_lt_0_3r,4.941677930475446
282,partial_50pct_at_1r,2.970838965237723
283,baseline,3.8302344071229197
283,breakeven_after_0_5r,0.0
283,breakeven_after_1_0r,0.0
283,exit_at_first_0_5r,0.5
283,exit_at_first_1_0r,1.0
283,trail_0_5r_after_1_0r,1.5063603810803334
283,time_exit_after_4_bars_if_mfe_lt_0_3r,3.8302344071229197
283,partial_50pct_at_1r,2.4151172035614596
284,baseline,0.1727878345823377
284,breakeven_after_0_5r,0.0
284,breakeven_after_1_0r,0.0
284,exit_at_first_0_5r,0.5
284,exit_at_first_1_0r,1.0
284,trail_0_5r_after_1_0r,1.3365447711404128
284,time_exit_after_4_bars_if_mfe_lt_0_3r,0.1727878345823377
284,partial_50pct_at_1r,0.5863939172911689
285,baseline,1.2346387730674864
285,breakeven_after_0_5r,0.0
285,breakeven_after_1_0r,0.0
285,exit_at_first_0_5r,0.5
285,exit_at_first_1_0r,1.0
285,trail_0_5r_after_1_0r,0.8304751096752963
285,time_exit_after_4_bars_if_mfe_lt_0_3r,1.2346387730674864
285,partial_50pct_at_1r,1.1173193865337432
286,baseline,-0.2061139126470509
286,breakeven_after_0_5r,0.0
286,breakeven_after_1_0r,-0.2061139126470509
286,exit_at_first_0_5r,0.5
286,exit_at_first_1_0r,-0.2061139126470509
286,trail_0_5r_after_1_0r,-0.2061139126470509
286,time_exit_after_4_bars_if_mfe_lt_0_3r,-2.1492787897709276
286,partial_50pct_at_1r,-0.2061139126470509
287,baseline,-0.4009206385034919
287,breakeven_after_0_5r,0.0
287,breakeven_after_1_0r,0.0
287,exit_at_first_0_5r,0.5
287,exit_at_first_1_0r,1.0
287,trail_0_5r_after_1_0r,0.5164771267422015
287,time_exit_after_4_bars_if_mfe_lt_0_3r,-0.4009206385034919
287,partial_50pct_at_1r,0.29953968074825404
288,baseline,-0.2550374417664095
288,breakeven_after_0_5r,0.0
288,breakeven_after_1_0r,0.0
288,exit_at_first_0_5r,0.5
288,exit_at_first_1_0r,1.0
288,trail_0_5r_after_1_0r,0.8227168337238806
288,time_exit_after_4_bars_if_mfe_lt_0_3r,-0.2550374417664095
288,partial_50pct_at_1r,0.37248127911679524
289,baseline,1.8176205399952576
289,breakeven_after_0_5r,0.0
289,breakeven_after_1_0r,0.0
289,exit_at_first_0_5r,0.5
289,exit_at_first_1_0r,1.0
289,trail_0_5r_after_1_0r,1.6542476895281215
289,time_exit_after_4_bars_if_mfe_lt_0_3r,1.8176205399952576
289,partial_50pct_at_1r,1.4088102699976288
290,baseline,-1.0387126657588661
290,breakeven_after_0_5r,0.0
290,breakeven_after_1_0r,-1.0387126657588661
290,exit_at_first_0_5r,0.5
290,exit_at_first_1_0r,-1.0387126657588661
290,trail_0_5r_after_1_0r,-1.0387126657588661
290,time_exit_after_4_bars_if_mfe_lt_0_3r,-1.0387126657588661
290,partial_50pct_at_1r,-1.0387126657588661
291,baseline,10.719366556120788
291,breakeven_after_0_5r,0.0
291,breakeven_after_1_0r,0.0
291,exit_at_first_0_5r,0.5
291,exit_at_first_1_0r,1.0
291,trail_0_5r_after_1_0r,0.9749167414183046
291,time_exit_after_4_bars_if_mfe_lt_0_3r,10.719366556120788
291,partial_50pct_at_1r,5.859683278060394
292,baseline,0.04212433084623797
292,breakeven_after_0_5r,0.0
292,breakeven_after_1_0r,0.0
292,exit_at_first_0_5r,0.5
292,exit_at_first_1_0r,1.0
292,trail_0_5r_after_1_0r,0.6920924159492989
292,time_exit_after_4_bars_if_mfe_lt_0_3r,0.04212433084623797
292,partial_50pct_at_1r,0.521062165423119
293,baseline,0.1062432520469986
293,breakeven_after_0_5r,0.0
293,breakeven_after_1_0r,0.0
293,exit_at_first_0_5r,0.5
293,exit_at_first_1_0r,1.0
293,trail_0_5r_after_1_0r,0.7928342076223509
293,time_exit_after_4_bars_if_mfe_lt_0_3r,0.1062432520469986
293,partial_50pct_at_1r,0.5531216260234993
294,baseline,5.023260304821118
294,breakeven_after_0_5r,0.0
294,breakeven_after_1_0r,0.0
294,exit_at_first_0_5r,0.5
294,exit_at_first_1_0r,1.0
294,trail_0_5r_after_1_0r,0.6601955646578697
294,time_exit_after_4_bars_if_mfe_lt_0_3r,5.023260304821118
294,partial_50pct_at_1r,3.011630152410559
295,baseline,0.40103576480089165
295,breakeven_after_0_5r,0.0
295,breakeven_after_1_0r,0.0
295,exit_at_first_0_5r,0.5
295,exit_at_first_1_0r,1.0
295,trail_0_5r_after_1_0r,0.5493789872155947
295,time_exit_after_4_bars_if_mfe_lt_0_3r,0.40103576480089165
295,partial_50pct_at_1r,0.7005178824004459
296,baseline,5.323243882707976
296,breakeven_after_0_5r,0.0
296,breakeven_after_1_0r,5.323243882707976
296,exit_at_first_0_5r,0.5
296,exit_at_first_1_0r,1.0
296,trail_0_5r_after_1_0r,0.8312242841213959
296,time_exit_after_4_bars_if_mfe_lt_0_3r,5.323243882707976
296,partial_50pct_at_1r,3.161621941353988
297,baseline,1.3294877978076187
297,breakeven_after_0_5r,0.0
297,breakeven_after_1_0r,0.0
297,exit_at_first_0_5r,0.5
297,exit_at_first_1_0r,1.0
297,trail_0_5r_after_1_0r,0.5118774684499954
297,time_exit_after_4_bars_if_mfe_lt_0_3r,1.3294877978076187
297,partial_50pct_at_1r,1.1647438989038092
298,baseline,-4.794596888131746
298,breakeven_after_0_5r,0.0
298,breakeven_after_1_0r,0.0
298,exit_at_first_0_5r,0.5
298,exit_at_first_1_0r,1.0
298,trail_0_5r_after_1_0r,0.9631306250284821
298,time_exit_after_4_bars_if_mfe_lt_0_3r,-4.794596888131746
298,partial_50pct_at_1r,-1.8972984440658731
299,baseline,-1.7232151246021343
299,breakeven_after_0_5r,0.0
299,breakeven_after_1_0r,-1.7232151246021343
299,exit_at_first_0_5r,0.5
299,exit_at_first_1_0r,-1.7232151246021343
299,trail_0_5r_after_1_0r,-1.7232151246021343
299,time_exit_after_4_bars_if_mfe_lt_0_3r,-1.7232151246021343
299,partial_50pct_at_1r,-1.7232151246021343
300,baseline,0.24157701165883969
300,breakeven_after_0_5r,0.0
300,breakeven_after_1_0r,0.0
300,exit_at_first_0_5r,0.5
300,exit_at_first_1_0r,1.0
300,trail_0_5r_after_1_0r,0.6407392068927564
300,time_exit_after_4_bars_if_mfe_lt_0_3r,0.24157701165883969
300,partial_50pct_at_1r,0.6207885058294198
301,baseline,3.1632283304586872
301,breakeven_after_0_5r,0.0
301,breakeven_after_1_0r,0.0
301,exit_at_first_0_5r,0.5
301,exit_at_first_1_0r,1.0
301,trail_0_5r_after_1_0r,0.7343305622986003
301,time_exit_after_4_bars_if_mfe_lt_0_3r,3.1632283304586872
301,partial_50pct_at_1r,2.0816141652293436
302,baseline,-5.596281904793582
302,breakeven_after_0_5r,0.0
302,breakeven_after_1_0r,-5.596281904793582
302,exit_at_first_0_5r,0.5
302,exit_at_first_1_0r,-5.596281904793582
302,trail_0_5r_after_1_0r,-5.596281904793582
302,time_exit_after_4_bars_if_mfe_lt_0_3r,-5.596281904793582
302,partial_50pct_at_1r,-5.596281904793582
303,baseline,9.417264036959477
303,breakeven_after_0_5r,0.0
303,breakeven_after_1_0r,0.0
303,exit_at_first_0_5r,0.5
303,exit_at_first_1_0r,1.0
303,trail_0_5r_after_1_0r,2.461410191533525
303,time_exit_after_4_bars_if_mfe_lt_0_3r,9.417264036959477
303,partial_50pct_at_1r,5.208632018479738
304,baseline,0.06695991902109688
304,breakeven_after_0_5r,0.0
304,breakeven_after_1_0r,0.0
304,exit_at_first_0_5r,0.5
304,exit_at_first_1_0r,1.0
304,trail_0_5r_after_1_0r,0.6325260636764984
304,time_exit_after_4_bars_if_mfe_lt_0_3r,0.06695991902109688
304,partial_50pct_at_1r,0.5334799595105484
305,baseline,-0.49216164677450003
305,breakeven_after_0_5r,0.0
305,breakeven_after_1_0r,0.0
305,exit_at_first_0_5r,0.5
305,exit_at_first_1_0r,1.0
305,trail_0_5r_after_1_0r,1.2763718774561474
305,time_exit_after_4_bars_if_mfe_lt_0_3r,-0.49216164677450003
305,partial_50pct_at_1r,0.25391917661275
306,baseline,5.222219074096598
306,breakeven_after_0_5r,0.0
306,breakeven_after_1_0r,5.222219074096598
306,exit_at_first_0_5r,0.5
306,exit_at_first_1_0r,1.0
306,trail_0_5r_after_1_0r,1.2262710896510038
306,time_exit_after_4_bars_if_mfe_lt_0_3r,5.222219074096598
306,partial_50pct_at_1r,3.111109537048299
307,baseline,18.635235241120917
307,breakeven_after_0_5r,0.0
307,breakeven_after_1_0r,0.0
307,exit_at_first_0_5r,0.5
307,exit_at_first_1_0r,1.0
307,trail_0_5r_after_1_0r,4.586199980111855
307,time_exit_after_4_bars_if_mfe_lt_0_3r,18.635235241120917
307,partial_50pct_at_1r,9.817617620560458
308,baseline,-0.1526255903314583
308,breakeven_after_0_5r,0.0
308,breakeven_after_1_0r,0.0
308,exit_at_first_0_5r,0.5
308,exit_at_first_1_0r,1.0
308,trail_0_5r_after_1_0r,0.8328993875135116
308,time_exit_after_4_bars_if_mfe_lt_0_3r,-0.1526255903314583
308,partial_50pct_at_1r,0.42368720483427086
309,baseline,4.497428123311872
309,breakeven_after_0_5r,0.0
309,breakeven_after_1_0r,4.497428123311872
309,exit_at_first_0_5r,0.5
309,exit_at_first_1_0r,1.0
309,trail_0_5r_after_1_0r,1.0523330323337745
309,time_exit_after_4_bars_if_mfe_lt_0_3r,4.497428123311872
309,partial_50pct_at_1r,2.748714061655936
310,baseline,-0.6591902390942402
310,breakeven_after_0_5r,0.0
310,breakeven_after_1_0r,0.0
310,exit_at_first_0_5r,0.5
310,exit_at_first_1_0r,1.0
310,trail_0_5r_after_1_0r,2.5276411969643173
310,time_exit_after_4_bars_if_mfe_lt_0_3r,-0.6591902390942402
310,partial_50pct_at_1r,0.17040488045287988
311,baseline,3.216623965267282
311,breakeven_after_0_5r,0.0
311,breakeven_after_1_0r,0.0
311,exit_at_first_0_5r,0.5
311,exit_at_first_1_0r,1.0
311,trail_0_5r_after_1_0r,0.64626369908518
311,time_exit_after_4_bars_if_mfe_lt_0_3r,3.216623965267282
311,partial_50pct_at_1r,2.1083119826336407
312,baseline,4.827282716983812
312,breakeven_after_0_5r,0.0
312,breakeven_after_1_0r,0.0
312,exit_at_first_0_5r,0.5
312,exit_at_first_1_0r,1.0
312,trail_0_5r_after_1_0r,0.6243250606160087
312,time_exit_after_4_bars_if_mfe_lt_0_3r,4.827282716983812
312,partial_50pct_at_1r,2.913641358491906
313,baseline,5.8552777147557125
313,breakeven_after_0_5r,0.0
313,breakeven_after_1_0r,0.0
313,exit_at_first_0_5r,0.5
313,exit_at_first_1_0r,1.0
313,trail_0_5r_after_1_0r,0.8270259879258501
313,time_exit_after_4_bars_if_mfe_lt_0_3r,5.8552777147557125
313,partial_50pct_at_1r,3.4276388573778562
314,baseline,-1.6133472101583897
314,breakeven_after_0_5r,0.0
314,breakeven_after_1_0r,0.0
314,exit_at_first_0_5r,0.5
314,exit_at_first_1_0r,1.0
314,trail_0_5r_after_1_0r,0.910989730669866
314,time_exit_after_4_bars_if_mfe_lt_0_3r,-1.6133472101583897
314,partial_50pct_at_1r,-0.30667360507919483
315,baseline,1.448367529994638
315,breakeven_after_0_5r,0.0
315,breakeven_after_1_0r,1.448367529994638
315,exit_at_first_0_5r,0.5
315,exit_at_first_1_0r,1.0
315,trail_0_5r_after_1_0r,1.8967843625647225
315,time_exit_after_4_bars_if_mfe_lt_0_3r,1.448367529994638
315,partial_50pct_at_1r,1.2241837649973188
316,baseline,0.5239347350080232
316,breakeven_after_0_5r,0.0
316,breakeven_after_1_0r,0.0
316,exit_at_first_0_5r,0.5
316,exit_at_first_1_0r,1.0
316,trail_0_5r_after_1_0r,1.5100096895520263
316,time_exit_after_4_bars_if_mfe_lt_0_3r,0.5239347350080232
316,partial_50pct_at_1r,0.7619673675040116
317,baseline,4.641076108729512
317,breakeven_after_0_5r,0.0
317,breakeven_after_1_0r,4.641076108729512
317,exit_at_first_0_5r,0.5
317,exit_at_first_1_0r,1.0
317,trail_0_5r_after_1_0r,0.9910858782093563
317,time_exit_after_4_bars_if_mfe_lt_0_3r,4.641076108729512
317,partial_50pct_at_1r,2.820538054364756
318,baseline,6.332006835576849
318,breakeven_after_0_5r,0.0
318,breakeven_after_1_0r,0.0
318,exit_at_first_0_5r,0.5
318,exit_at_first_1_0r,1.0
318,trail_0_5r_after_1_0r,1.8585930733612992
318,time_exit_after_4_bars_if_mfe_lt_0_3r,6.332006835576849
318,partial_50pct_at_1r,3.6660034177884246
319,baseline,3.7451214863958477
319,breakeven_after_0_5r,0.0
319,breakeven_after_1_0r,0.0
319,exit_at_first_0_5r,0.5
319,exit_at_first_1_0r,1.0
319,trail_0_5r_after_1_0r,0.5678430895816393
319,time_exit_after_4_bars_if_mfe_lt_0_3r,3.7451214863958477
319,partial_50pct_at_1r,2.3725607431979236
320,baseline,-0.8000543507356564
320,breakeven_after_0_5r,0.0
320,breakeven_after_1_0r,-0.8000543507356564
320,exit_at_first_0_5r,0.5
320,exit_at_first_1_0r,-0.8000543507356564
320,trail_0_5r_after_1_0r,-0.8000543507356564
320,time_exit_after_4_bars_if_mfe_lt_0_3r,-0.8000543507356564
320,partial_50pct_at_1r,-0.8000543507356564
321,baseline,0.730132690701174
321,breakeven_after_0_5r,0.0
321,breakeven_after_1_0r,0.0
321,exit_at_first_0_5r,0.5
321,exit_at_first_1_0r,1.0
321,trail_0_5r_after_1_0r,1.0722819234367718
321,time_exit_after_4_bars_if_mfe_lt_0_3r,0.730132690701174
321,partial_50pct_at_1r,0.865066345350587
