timestamp,asset,event_type,side,position_before,position_after,price,signal,target,target_hit_type,target_hit_step,target_exit_timestamp,take_profit,stop_loss,upper_barrier,lower_barrier,trade_r,target_entry_price,target_exit_price,target_lookup_timestamp
2022-03-18 00:30:00,ETHUSD,entry,long,0.0,1.0,2776.5,1.0,1.6139273530507974,,,,,,,,,,,2022-03-18 00:30:00
2022-03-18 12:30:00,ETHUSD,exit,long,1.0,0.0,2807.05,0.0,4.0,,,,,,,,,,,2022-03-18 12:30:00
2022-03-24 05:30:00,ETHUSD,entry,short,0.0,-1.0,3049.5,-1.0,2.4901934517727278,,,,,,,,,,,2022-03-24 05:30:00
2022-03-24 17:30:00,ETHUSD,exit,short,-1.0,0.0,3099.45,0.0,1.3147825234719814,,,,,,,,,,,2022-03-24 17:30:00
2022-03-25 18:00:00,ETHUSD,entry,short,0.0,-1.0,3125.0,-1.0,-0.24281646211489002,,,,,,,,,,,2022-03-25 18:00:00
2022-03-26 07:00:00,ETHUSD,exit,short,-1.0,0.0,3120.15,0.0,0.9349998704888897,,,,,,,,,,,2022-03-26 07:00:00
2022-03-28 13:30:00,ETHUSD,entry,long,0.0,1.0,3380.3,1.0,0.6361814601860467,,,,,,,,,,,2022-03-28 13:30:00
2022-03-29 01:30:00,ETHUSD,exit,long,1.0,0.0,3390.8500000000004,-1.0,2.7030864083070765,,,,,,,,,,,2022-03-29 01:30:00
2022-03-29 01:30:00,ETHUSD,entry,short,0.0,-1.0,3390.8500000000004,-1.0,2.7030864083070765,,,,,,,,,,,2022-03-29 01:30:00
2022-03-29 13:30:00,ETHUSD,exit,short,-1.0,0.0,3445.45,0.0,-4.0,,,,,,,,,,,2022-03-29 13:30:00
2022-03-30 11:00:00,ETHUSD,entry,short,0.0,-1.0,3413.3,-1.0,-1.0205616069920147,,,,,,,,,,,2022-03-30 11:00:00
2022-03-30 23:00:00,ETHUSD,exit,short,-1.0,0.0,3391.65,0.0,0.6426629739421885,,,,,,,,,,,2022-03-30 23:00:00
2022-04-03 06:00:00,ETHUSD,entry,short,0.0,-1.0,3502.35,-1.0,-0.2440309636283254,,,,,,,,,,,2022-04-03 06:00:00
2022-04-03 18:00:00,ETHUSD,exit,short,-1.0,0.0,3496.9,0.0,0.41043002313621546,,,,,,,,,,,2022-04-03 18:00:00
2022-04-04 15:30:00,ETHUSD,entry,long,0.0,1.0,3425.2,1.0,4.0,,,,,,,,,,,2022-04-04 15:30:00
2022-04-05 03:30:00,ETHUSD,exit,long,1.0,0.0,3524.6,0.0,-3.471630460561827,,,,,,,,,,,2022-04-05 03:30:00
2022-04-07 11:00:00,ETHUSD,entry,short,0.0,-1.0,3229.0,-1.0,0.41245349799609493,,,,,,,,,,,2022-04-07 11:00:00
2022-04-07 23:30:00,ETHUSD,exit,short,-1.0,0.0,3228.0,0.0,1.234853937169155,,,,,,,,,,,2022-04-07 23:30:00
2022-04-08 14:00:00,ETHUSD,entry,short,0.0,-1.0,3284.3,-1.0,-4.0,,,,,,,,,,,2022-04-08 14:00:00
2022-04-09 02:30:00,ETHUSD,exit,short,-1.0,0.0,3189.4,0.0,1.6333932596602982,,,,,,,,,,,2022-04-09 02:30:00
2022-04-11 18:00:00,ETHUSD,entry,short,0.0,-1.0,3025.9,-1.0,-0.49167724568698606,,,,,,,,,,,2022-04-11 18:00:00
2022-04-12 06:00:00,ETHUSD,exit,short,-1.0,0.0,3015.8,0.0,-0.2200197562760682,,,,,,,,,,,2022-04-12 06:00:00
2022-04-12 19:00:00,ETHUSD,entry,long,0.0,1.0,2976.4,1.0,3.6986741022605383,,,,,,,,,,,2022-04-12 19:00:00
2022-04-13 07:00:00,ETHUSD,exit,long,1.0,0.0,3058.3,0.0,2.3935420759069435,,,,,,,,,,,2022-04-13 07:00:00
2022-04-14 01:30:00,ETHUSD,entry,short,0.0,-1.0,3140.2,-1.0,-4.0,,,,,,,,,,,2022-04-14 01:30:00
2022-04-14 13:30:00,ETHUSD,exit,short,-1.0,0.0,3047.1,0.0,-1.2937261165515521,,,,,,,,,,,2022-04-14 13:30:00
2022-04-18 10:30:00,ETHUSD,entry,long,0.0,1.0,2909.0,1.0,4.0,,,,,,,,,,,2022-04-18 10:30:00
2022-04-18 22:30:00,ETHUSD,exit,long,1.0,0.0,3065.9,0.0,-0.6552587713436372,,,,,,,,,,,2022-04-18 22:30:00
2022-04-19 15:00:00,ETHUSD,entry,long,0.0,1.0,3119.7,1.0,-2.2375648322118162,,,,,,,,,,,2022-04-19 15:00:00
2022-04-20 03:00:00,ETHUSD,exit,long,1.0,0.0,3082.0,0.0,-1.291496041719168,,,,,,,,,,,2022-04-20 03:00:00
2022-04-21 04:30:00,ETHUSD,entry,long,0.0,1.0,3084.8500000000004,1.0,-0.3176642939451442,,,,,,,,,,,2022-04-21 04:30:00
2022-04-21 16:30:00,ETHUSD,exit,long,1.0,0.0,3079.7,0.0,-3.6456946414979625,,,,,,,,,,,2022-04-21 16:30:00
2022-04-25 00:00:00,ETHUSD,entry,long,0.0,1.0,2880.3,1.0,-0.8206931701473098,,,,,,,,,,,2022-04-25 00:00:00
2022-04-25 12:00:00,ETHUSD,exit,long,1.0,0.0,2868.3,0.0,4.0,,,,,,,,,,,2022-04-25 12:00:00
2022-04-28 01:00:00,ETHUSD,entry,short,0.0,-1.0,2894.95,-1.0,0.6219411449172637,,,,,,,,,,,2022-04-28 01:00:00
2022-04-28 13:00:00,ETHUSD,exit,short,-1.0,0.0,2908.2,0.0,1.6350255068853836,,,,,,,,,,,2022-04-28 13:00:00
2022-04-29 20:00:00,ETHUSD,entry,long,0.0,1.0,2809.3,1.0,0.6919574394645478,,,,,,,,,,,2022-04-29 20:00:00
2022-04-30 08:00:00,ETHUSD,exit,long,1.0,0.0,2824.15,0.0,-1.7136077636103184,,,,,,,,,,,2022-04-30 08:00:00
2022-05-05 14:30:00,ETHUSD,entry,long,0.0,1.0,2830.2,1.0,-4.0,,,,,,,,,,,2022-05-05 14:30:00
2022-05-06 02:30:00,ETHUSD,exit,long,1.0,0.0,2745.8,0.0,-2.4644757954313965,,,,,,,,,,,2022-05-06 02:30:00
2022-05-07 15:00:00,ETHUSD,entry,short,0.0,-1.0,2694.95,-1.0,-4.0,,,,,,,,,,,2022-05-07 15:00:00
2022-05-08 03:00:00,ETHUSD,exit,short,-1.0,0.0,2538.25,0.0,-0.03340421319618015,,,,,,,,,,,2022-05-08 03:00:00
2022-05-12 21:30:00,ETHUSD,entry,long,0.0,1.0,1908.9,1.0,2.918940686811821,,,,,,,,,,,2022-05-12 21:30:00
2022-05-13 09:30:00,ETHUSD,exit,long,1.0,0.0,2073.9,0.0,-0.010571353711897852,,,,,,,,,,,2022-05-13 09:30:00
2022-05-13 23:30:00,ETHUSD,entry,short,0.0,-1.0,2005.65,-1.0,-0.6047199551675693,,,,,,,,,,,2022-05-13 23:30:00
2022-05-14 11:30:00,ETHUSD,exit,short,-1.0,0.0,1981.8,0.0,2.2573979877292847,,,,,,,,,,,2022-05-14 11:30:00
2022-05-18 20:00:00,ETHUSD,entry,long,0.0,1.0,1953.3,1.0,-0.18554382389871438,,,,,,,,,,,2022-05-18 20:00:00
2022-05-19 08:00:00,ETHUSD,exit,long,1.0,0.0,1949.7,0.0,2.6884533445733942,,,,,,,,,,,2022-05-19 08:00:00
2022-05-20 15:00:00,ETHUSD,entry,long,0.0,1.0,1965.5,1.0,-0.8898605899413228,,,,,,,,,,,2022-05-20 15:00:00
2022-05-21 03:00:00,ETHUSD,exit,long,1.0,0.0,1949.1,0.0,0.9959656757049735,,,,,,,,,,,2022-05-21 03:00:00
2022-05-23 22:00:00,ETHUSD,entry,long,0.0,1.0,1968.2,1.0,0.13114034460017449,,,,,,,,,,,2022-05-23 22:00:00
2022-05-24 10:00:00,ETHUSD,exit,long,1.0,0.0,1970.1,0.0,0.8038041605330564,,,,,,,,,,,2022-05-24 10:00:00
2022-05-25 14:00:00,ETHUSD,entry,short,0.0,-1.0,1977.8,-1.0,-2.1675058589443497,,,,,,,,,,,2022-05-25 14:00:00
2022-05-26 02:00:00,ETHUSD,exit,short,-1.0,0.0,1947.2,0.0,-4.0,,,,,,,,,,,2022-05-26 02:00:00
2022-05-29 08:00:00,ETHUSD,entry,long,0.0,1.0,1789.85,1.0,0.20271622149018007,,,,,,,,,,,2022-05-29 08:00:00
2022-05-29 20:00:00,ETHUSD,exit,long,1.0,0.0,1792.75,0.0,4.0,,,,,,,,,,,2022-05-29 20:00:00
2022-05-31 06:00:00,ETHUSD,entry,long,0.0,1.0,1968.8,1.0,-0.5801685525360415,,,,,,,,,,,2022-05-31 06:00:00
2022-05-31 18:00:00,ETHUSD,exit,long,1.0,0.0,1960.0,0.0,-1.331145852376398,,,,,,,,,,,2022-05-31 18:00:00
2022-06-01 14:30:00,ETHUSD,entry,short,0.0,-1.0,1908.3,-1.0,-4.0,,,,,,,,,,,2022-06-01 14:30:00
2022-06-02 02:30:00,ETHUSD,exit,short,-1.0,0.0,1829.6,0.0,-1.5675146292390694,,,,,,,,,,,2022-06-02 02:30:00
2022-06-07 00:00:00,ETHUSD,entry,long,0.0,1.0,1808.0,1.0,-4.0,,,,,,,,,,,2022-06-07 00:00:00
2022-06-07 13:00:00,ETHUSD,exit,long,1.0,0.0,1753.6999999999998,0.0,4.0,,,,,,,,,,,2022-06-07 13:00:00
2022-06-11 08:30:00,ETHUSD,entry,long,0.0,1.0,1577.5,1.0,-4.0,,,,,,,,,,,2022-06-11 08:30:00
2022-06-11 20:30:00,ETHUSD,exit,long,1.0,0.0,1521.65,0.0,-3.1254995369728418,,,,,,,,,,,2022-06-11 20:30:00
2022-06-15 01:30:00,ETHUSD,entry,short,0.0,-1.0,1219.25,-1.0,-2.8163874198860146,,,,,,,,,,,2022-06-15 01:30:00
2022-06-15 13:30:00,ETHUSD,exit,short,-1.0,0.0,1137.95,1.0,2.4772484156118284,,,,,,,,,,,2022-06-15 13:30:00
2022-06-15 13:30:00,ETHUSD,entry,long,0.0,1.0,1137.95,1.0,2.4772484156118284,,,,,,,,,,,2022-06-15 13:30:00
2022-06-16 01:30:00,ETHUSD,exit,long,1.0,0.0,1214.05,0.0,-3.496271995843174,,,,,,,,,,,2022-06-16 01:30:00
2022-06-18 20:00:00,ETHUSD,entry,long,0.0,1.0,900.1500000000001,1.0,3.4917261623025184,,,,,,,,,,,2022-06-18 20:00:00
2022-06-19 08:00:00,ETHUSD,exit,long,1.0,0.0,960.45,0.0,4.0,,,,,,,,,,,2022-06-19 08:00:00
2022-06-19 23:00:00,ETHUSD,entry,long,0.0,1.0,1120.75,1.0,1.4109359563952957,,,,,,,,,,,2022-06-19 23:00:00
2022-06-20 11:00:00,ETHUSD,exit,long,1.0,0.0,1150.75,0.0,-2.1587769809950226,,,,,,,,,,,2022-06-20 11:00:00
2022-06-25 15:30:00,ETHUSD,entry,long,0.0,1.0,1183.05,1.0,3.742251267238425,,,,,,,,,,,2022-06-25 15:30:00
2022-06-26 03:30:00,ETHUSD,exit,long,1.0,0.0,1232.6,0.0,-0.8006650618881602,,,,,,,,,,,2022-06-26 03:30:00
2022-06-26 23:30:00,ETHUSD,entry,long,0.0,1.0,1197.15,1.0,1.8169662879401995,,,,,,,,,,,2022-06-26 23:30:00
2022-06-27 11:30:00,ETHUSD,exit,long,1.0,0.0,1219.25,0.0,-2.590170044030847,,,,,,,,,,,2022-06-27 11:30:00
2022-06-30 05:00:00,ETHUSD,entry,long,0.0,1.0,1090.45,1.0,-4.0,,,,,,,,,,,2022-06-30 05:00:00
2022-06-30 17:00:00,ETHUSD,exit,long,1.0,0.0,1029.95,0.0,2.1815287353020283,,,,,,,,,,,2022-06-30 17:00:00
2022-07-01 23:30:00,ETHUSD,entry,long,0.0,1.0,1057.8,1.0,-1.1009723932472568,,,,,,,,,,,2022-07-01 23:30:00
2022-07-02 11:30:00,ETHUSD,exit,long,1.0,0.0,1042.4499999999998,0.0,1.980362000939346,,,,,,,,,,,2022-07-02 11:30:00
2022-07-05 02:00:00,ETHUSD,entry,long,0.0,1.0,1145.15,1.0,-4.0,,,,,,,,,,,2022-07-05 02:00:00
2022-07-05 14:00:00,ETHUSD,exit,long,1.0,0.0,1100.05,0.0,1.9372663959875938,,,,,,,,,,,2022-07-05 14:00:00
2022-07-06 13:00:00,ETHUSD,entry,long,0.0,1.0,1141.55,1.0,3.5042077811167958,,,,,,,,,,,2022-07-06 13:00:00
2022-07-07 01:00:00,ETHUSD,exit,long,1.0,0.0,1184.45,0.0,-0.11729921844106085,,,,,,,,,,,2022-07-07 01:00:00
2022-07-07 14:30:00,ETHUSD,entry,long,0.0,1.0,1222.15,1.0,2.8540904285545294,,,,,,,,,,,2022-07-07 14:30:00
2022-07-08 02:30:00,ETHUSD,exit,long,1.0,0.0,1253.05,0.0,-2.3603744112021507,,,,,,,,,,,2022-07-08 02:30:00
2022-07-08 17:00:00,ETHUSD,entry,long,0.0,1.0,1225.45,1.0,-0.9614431833965256,,,,,,,,,,,2022-07-08 17:00:00
2022-07-09 05:00:00,ETHUSD,exit,long,1.0,0.0,1213.75,0.0,0.6567788251876094,,,,,,,,,,,2022-07-09 05:00:00
2022-07-11 22:00:00,ETHUSD,entry,long,0.0,1.0,1107.05,1.0,-4.0,,,,,,,,,,,2022-07-11 22:00:00
2022-07-12 10:00:00,ETHUSD,exit,long,1.0,0.0,1059.95,0.0,-1.5798359313613175,,,,,,,,,,,2022-07-12 10:00:00
2022-07-12 22:00:00,ETHUSD,entry,long,0.0,1.0,1046.85,1.0,2.4744518586064044,,,,,,,,,,,2022-07-12 22:00:00
2022-07-13 10:00:00,ETHUSD,exit,long,1.0,0.0,1069.0,0.0,2.6967636306105534,,,,,,,,,,,2022-07-13 10:00:00
2022-07-15 00:00:00,ETHUSD,entry,long,0.0,1.0,1183.85,1.0,2.8436665913982315,,,,,,,,,,,2022-07-15 00:00:00
2022-07-15 12:00:00,ETHUSD,exit,long,1.0,0.0,1218.25,0.0,0.7699892082384326,,,,,,,,,,,2022-07-15 12:00:00
2022-07-16 10:30:00,ETHUSD,entry,long,0.0,1.0,1197.9,1.0,4.0,,,,,,,,,,,2022-07-16 10:30:00
2022-07-16 22:30:00,ETHUSD,exit,long,1.0,0.0,1357.55,0.0,-0.01801271879569614,,,,,,,,,,,2022-07-16 22:30:00
2022-07-17 11:30:00,ETHUSD,entry,short,0.0,-1.0,1363.05,-1.0,-1.5950866547212703,,,,,,,,,,,2022-07-17 11:30:00
2022-07-17 23:30:00,ETHUSD,exit,short,-1.0,0.0,1338.15,0.0,4.0,,,,,,,,,,,2022-07-17 23:30:00
2022-07-19 22:00:00,ETHUSD,entry,short,0.0,-1.0,1562.85,-1.0,1.4360352380219563,,,,,,,,,,,2022-07-19 22:00:00
2022-07-20 10:00:00,ETHUSD,exit,short,-1.0,0.0,1595.05,0.0,-2.4034118199309775,,,,,,,,,,,2022-07-20 10:00:00
2022-07-24 22:30:00,ETHUSD,entry,long,0.0,1.0,1605.35,1.0,-3.3599611558548927,,,,,,,,,,,2022-07-24 22:30:00
2022-07-25 10:30:00,ETHUSD,exit,long,1.0,0.0,1547.05,0.0,-3.9020994774313174,,,,,,,,,,,2022-07-25 10:30:00
2022-07-26 20:00:00,ETHUSD,entry,long,0.0,1.0,1372.15,1.0,4.0,,,,,,,,,,,2022-07-26 20:00:00
2022-07-27 08:00:00,ETHUSD,exit,long,1.0,0.0,1470.55,0.0,4.0,,,,,,,,,,,2022-07-27 08:00:00
2022-07-27 21:30:00,ETHUSD,entry,long,0.0,1.0,1607.15,1.0,0.6682144138462618,,,,,,,,,,,2022-07-27 21:30:00
2022-07-28 09:30:00,ETHUSD,exit,long,1.0,0.0,1619.45,0.0,4.0,,,,,,,,,,,2022-07-28 09:30:00
2022-07-29 05:00:00,ETHUSD,entry,short,0.0,-1.0,1725.95,-1.0,-2.3339475524147715,,,,,,,,,,,2022-07-29 05:00:00
2022-07-29 17:00:00,ETHUSD,exit,short,-1.0,0.0,1678.55,0.0,1.3579288354300916,,,,,,,,,,,2022-07-29 17:00:00
2022-07-30 09:30:00,ETHUSD,entry,long,0.0,1.0,1701.25,1.0,-0.42047494070699026,,,,,,,,,,,2022-07-30 09:30:00
2022-07-30 21:30:00,ETHUSD,exit,long,1.0,0.0,1692.95,0.0,0.6165140350892258,,,,,,,,,,,2022-07-30 21:30:00
2022-08-02 09:30:00,ETHUSD,entry,long,0.0,1.0,1570.65,1.0,4.0,,,,,,,,,,,2022-08-02 09:30:00
2022-08-02 21:30:00,ETHUSD,exit,long,1.0,0.0,1657.05,0.0,-0.1294241892443777,,,,,,,,,,,2022-08-02 21:30:00
2022-08-04 00:30:00,ETHUSD,entry,short,0.0,-1.0,1641.05,-1.0,-1.59270149069523,,,,,,,,,,,2022-08-04 00:30:00
2022-08-04 12:30:00,ETHUSD,exit,short,-1.0,0.0,1617.55,0.0,-0.7157712373634978,,,,,,,,,,,2022-08-04 12:30:00
2022-08-11 20:00:00,ETHUSD,entry,long,0.0,1.0,1896.35,1.0,-0.10979025597407428,,,,,,,,,,,2022-08-11 20:00:00
2022-08-12 08:00:00,ETHUSD,exit,long,1.0,0.0,1894.5,0.0,1.7807226702439045,,,,,,,,,,,2022-08-12 08:00:00
2022-08-12 20:30:00,ETHUSD,entry,long,0.0,1.0,1933.1,1.0,3.8623424831511364,,,,,,,,,,,2022-08-12 20:30:00
2022-08-13 09:30:00,ETHUSD,exit,long,1.0,0.0,2003.55,0.0,-1.08792786796657,,,,,,,,,,,2022-08-13 09:30:00
2022-08-17 00:00:00,ETHUSD,entry,short,0.0,-1.0,1881.25,-1.0,-1.1458913924334655,,,,,,,,,,,2022-08-17 00:00:00
2022-08-17 12:00:00,ETHUSD,exit,short,-1.0,0.0,1864.35,0.0,-2.507122014512795,,,,,,,,,,,2022-08-17 12:00:00
2022-08-18 00:00:00,ETHUSD,entry,long,0.0,1.0,1827.45,1.0,2.220528296935235,,,,,,,,,,,2022-08-18 00:00:00
2022-08-18 12:00:00,ETHUSD,exit,long,1.0,0.0,1861.75,0.0,-2.811622432733145,,,,,,,,,,,2022-08-18 12:00:00
2022-08-21 06:30:00,ETHUSD,entry,long,0.0,1.0,1571.45,1.0,3.4495803089826986,,,,,,,,,,,2022-08-21 06:30:00
2022-08-21 18:30:00,ETHUSD,exit,long,1.0,0.0,1624.35,0.0,-2.785804348681316,,,,,,,,,,,2022-08-21 18:30:00
2022-08-22 08:00:00,ETHUSD,entry,long,0.0,1.0,1538.55,1.0,2.967593457013088,,,,,,,,,,,2022-08-22 08:00:00
2022-08-22 20:00:00,ETHUSD,exit,long,1.0,0.0,1584.35,0.0,1.3130345345807024,,,,,,,,,,,2022-08-22 20:00:00
2022-08-26 13:00:00,ETHUSD,entry,long,0.0,1.0,1688.95,1.0,-4.0,,,,,,,,,,,2022-08-26 13:00:00
2022-08-27 01:00:00,ETHUSD,exit,long,1.0,0.0,1510.95,0.0,-0.7439689997982151,,,,,,,,,,,2022-08-27 01:00:00
2022-08-27 13:00:00,ETHUSD,entry,short,0.0,-1.0,1499.05,-1.0,-0.189477887315155,,,,,,,,,,,2022-08-27 13:00:00
2022-08-28 01:00:00,ETHUSD,exit,short,-1.0,0.0,1496.35,0.0,-1.7309269260064815,,,,,,,,,,,2022-08-28 01:00:00
2022-08-28 14:30:00,ETHUSD,entry,short,0.0,-1.0,1475.35,-1.0,-2.3554439243446534,,,,,,,,,,,2022-08-28 14:30:00
2022-08-29 02:30:00,ETHUSD,exit,short,-1.0,0.0,1446.75,0.0,4.0,,,,,,,,,,,2022-08-29 02:30:00
2022-08-29 16:30:00,ETHUSD,entry,long,0.0,1.0,1538.15,1.0,3.3855974627944994,,,,,,,,,,,2022-08-29 16:30:00
2022-08-30 04:30:00,ETHUSD,exit,long,1.0,0.0,1582.35,0.0,-4.0,,,,,,,,,,,2022-08-30 04:30:00
2022-09-06 01:00:00,ETHUSD,entry,long,0.0,1.0,1659.0500000000002,1.0,0.38123388950814385,,,,,,,,,,,2022-09-06 01:00:00
2022-09-06 13:00:00,ETHUSD,exit,long,1.0,0.0,1663.0,0.0,-4.0,,,,,,,,,,,2022-09-06 13:00:00
2022-09-07 16:00:00,ETHUSD,entry,short,0.0,-1.0,1543.9,-1.0,4.0,,,,,,,,,,,2022-09-07 16:00:00
2022-09-08 04:00:00,ETHUSD,exit,short,-1.0,0.0,1637.35,1.0,-1.1272381410230714,,,,,,,,,,,2022-09-08 04:00:00
2022-09-08 04:00:00,ETHUSD,entry,long,0.0,1.0,1637.35,1.0,-1.1272381410230714,,,,,,,,,,,2022-09-08 04:00:00
2022-09-08 16:00:00,ETHUSD,exit,long,1.0,0.0,1621.35,0.0,4.0,,,,,,,,,,,2022-09-08 16:00:00
2022-09-09 04:00:00,ETHUSD,entry,long,0.0,1.0,1696.15,1.0,1.6871695293084616,,,,,,,,,,,2022-09-09 04:00:00
2022-09-09 16:00:00,ETHUSD,exit,long,1.0,0.0,1720.35,0.0,0.9292154384683351,,,,,,,,,,,2022-09-09 16:00:00
2022-09-14 07:30:00,ETHUSD,entry,long,0.0,1.0,1611.95,1.0,-0.746207982075689,,,,,,,,,,,2022-09-14 07:30:00
2022-09-14 20:00:00,ETHUSD,exit,long,1.0,0.0,1598.15,0.0,0.5129206800129977,,,,,,,,,,,2022-09-14 20:00:00
2022-09-16 08:30:00,ETHUSD,entry,long,0.0,1.0,1451.45,1.0,-0.8339800819708966,,,,,,,,,,,2022-09-16 08:30:00
2022-09-16 20:30:00,ETHUSD,exit,long,1.0,0.0,1437.9,0.0,-0.3312507004643485,,,,,,,,,,,2022-09-16 20:30:00
2022-09-27 18:00:00,ETHUSD,entry,short,0.0,-1.0,1311.95,-1.0,-2.361880497276079,,,,,,,,,,,2022-09-27 18:00:00
2022-09-28 06:00:00,ETHUSD,exit,short,-1.0,0.0,1285.45,1.0,3.491545336919283,,,,,,,,,,,2022-09-28 06:00:00
2022-09-28 06:00:00,ETHUSD,entry,long,0.0,1.0,1285.45,1.0,3.491545336919283,,,,,,,,,,,2022-09-28 06:00:00
2022-09-28 18:00:00,ETHUSD,exit,long,1.0,0.0,1324.35,0.0,0.025211715665383872,,,,,,,,,,,2022-09-28 18:00:00
2022-09-30 02:00:00,ETHUSD,entry,long,0.0,1.0,1327.45,1.0,1.158487118009513,,,,,,,,,,,2022-09-30 02:00:00
2022-09-30 14:00:00,ETHUSD,exit,long,1.0,0.0,1340.85,0.0,-0.9420202964987193,,,,,,,,,,,2022-09-30 14:00:00
2022-10-03 07:00:00,ETHUSD,entry,long,0.0,1.0,1293.85,1.0,3.2066234855487976,,,,,,,,,,,2022-10-03 07:00:00
2022-10-03 20:00:00,ETHUSD,exit,long,1.0,0.0,1316.55,0.0,4.0,,,,,,,,,,,2022-10-03 20:00:00
2022-10-04 09:00:00,ETHUSD,entry,long,0.0,1.0,1347.15,1.0,1.7332390015028374,,,,,,,,,,,2022-10-04 09:00:00
2022-10-04 21:00:00,ETHUSD,exit,long,1.0,0.0,1359.1999999999998,0.0,-2.0839109451446074,,,,,,,,,,,2022-10-04 21:00:00
2022-10-05 17:00:00,ETHUSD,entry,short,0.0,-1.0,1354.2,-1.0,2.8547769744730864,,,,,,,,,,,2022-10-05 17:00:00
2022-10-06 05:00:00,ETHUSD,exit,short,-1.0,0.0,1374.35,0.0,-1.1079220270382957,,,,,,,,,,,2022-10-06 05:00:00
2022-10-06 21:00:00,ETHUSD,entry,long,0.0,1.0,1357.1,1.0,0.0855105824399025,,,,,,,,,,,2022-10-06 21:00:00
2022-10-07 09:00:00,ETHUSD,exit,long,1.0,0.0,1357.75,0.0,-3.471157555872636,,,,,,,,,,,2022-10-07 09:00:00
2022-10-10 08:30:00,ETHUSD,entry,short,0.0,-1.0,1306.75,-1.0,0.12485464347165436,,,,,,,,,,,2022-10-10 08:30:00
2022-10-10 20:30:00,ETHUSD,exit,short,-1.0,0.0,1307.35,0.0,-4.0,,,,,,,,,,,2022-10-10 20:30:00
2022-10-11 09:30:00,ETHUSD,entry,short,0.0,-1.0,1280.6,-1.0,-0.773923881227056,,,,,,,,,,,2022-10-11 09:30:00
2022-10-11 21:30:00,ETHUSD,exit,short,-1.0,0.0,1276.5,0.0,4.0,,,,,,,,,,,2022-10-11 21:30:00
2022-10-12 09:30:00,ETHUSD,entry,short,0.0,-1.0,1303.0,-1.0,-0.5542268691644878,,,,,,,,,,,2022-10-12 09:30:00
2022-10-12 21:30:00,ETHUSD,exit,short,-1.0,0.0,1299.95,0.0,-4.0,,,,,,,,,,,2022-10-12 21:30:00
2022-10-13 10:00:00,ETHUSD,entry,long,0.0,1.0,1242.6,1.0,4.0,,,,,,,,,,,2022-10-13 10:00:00
2022-10-13 22:00:00,ETHUSD,exit,long,1.0,0.0,1294.5500000000002,0.0,4.0,,,,,,,,,,,2022-10-13 22:00:00
2022-10-14 10:00:00,ETHUSD,entry,long,0.0,1.0,1332.55,1.0,-4.0,,,,,,,,,,,2022-10-14 10:00:00
2022-10-14 22:00:00,ETHUSD,exit,long,1.0,0.0,1291.9,0.0,-0.823290455706821,,,,,,,,,,,2022-10-14 22:00:00
2022-10-15 13:00:00,ETHUSD,entry,long,0.0,1.0,1282.2,1.0,0.037755468859647,,,,,,,,,,,2022-10-15 13:00:00
2022-10-16 01:00:00,ETHUSD,exit,long,1.0,0.0,1282.4499999999998,0.0,0.2304056845625112,,,,,,,,,,,2022-10-16 01:00:00
2022-10-16 21:30:00,ETHUSD,entry,long,0.0,1.0,1293.45,1.0,4.0,,,,,,,,,,,2022-10-16 21:30:00
2022-10-17 09:30:00,ETHUSD,exit,long,1.0,0.0,1317.9,0.0,2.444109486871471,,,,,,,,,,,2022-10-17 09:30:00
2022-10-21 08:30:00,ETHUSD,entry,short,0.0,-1.0,1278.3000000000002,-1.0,4.0,,,,,,,,,,,2022-10-21 08:30:00
2022-10-21 20:30:00,ETHUSD,exit,short,-1.0,0.0,1302.8000000000002,0.0,-0.30623063694364144,,,,,,,,,,,2022-10-21 20:30:00
2022-10-24 00:30:00,ETHUSD,entry,short,0.0,-1.0,1360.85,-1.0,-2.2526108240752354,,,,,,,,,,,2022-10-24 00:30:00
2022-10-24 14:00:00,ETHUSD,exit,short,-1.0,0.0,1329.65,1.0,1.8557885516323047,,,,,,,,,,,2022-10-24 14:00:00
2022-10-24 14:00:00,ETHUSD,entry,long,0.0,1.0,1329.65,1.0,1.8557885516323047,,,,,,,,,,,2022-10-24 14:00:00
2022-10-25 02:00:00,ETHUSD,exit,long,1.0,0.0,1340.8,0.0,4.0,,,,,,,,,,,2022-10-25 02:00:00
2022-10-25 14:00:00,ETHUSD,entry,long,0.0,1.0,1380.9499999999998,1.0,4.0,,,,,,,,,,,2022-10-25 14:00:00
2022-10-26 02:00:00,ETHUSD,exit,long,1.0,0.0,1487.25,0.0,4.0,,,,,,,,,,,2022-10-26 02:00:00
2022-10-27 10:30:00,ETHUSD,entry,short,0.0,-1.0,1541.5,-1.0,-1.8485419000721184,,,,,,,,,,,2022-10-27 10:30:00
2022-10-27 22:30:00,ETHUSD,exit,short,-1.0,0.0,1517.55,0.0,-1.176586456640582,,,,,,,,,,,2022-10-27 22:30:00
2022-11-04 14:00:00,ETHUSD,entry,long,0.0,1.0,1654.85,1.0,-0.2586276727412232,,,,,,,,,,,2022-11-04 14:00:00
2022-11-05 02:00:00,ETHUSD,exit,long,1.0,0.0,1651.8,0.0,-1.612847376939377,,,,,,,,,,,2022-11-05 02:00:00
2022-11-06 23:30:00,ETHUSD,entry,long,0.0,1.0,1568.65,1.0,1.3886719617205538,,,,,,,,,,,2022-11-06 23:30:00
2022-11-07 11:30:00,ETHUSD,exit,long,1.0,0.0,1580.25,0.0,-1.2764365757003993,,,,,,,,,,,2022-11-07 11:30:00
2022-11-10 12:00:00,ETHUSD,entry,long,0.0,1.0,1189.95,1.0,3.529149736151332,,,,,,,,,,,2022-11-10 12:00:00
2022-11-11 00:00:00,ETHUSD,exit,long,1.0,0.0,1285.1999999999998,0.0,-0.5630833940108577,,,,,,,,,,,2022-11-11 00:00:00
2022-11-11 14:00:00,ETHUSD,entry,long,0.0,1.0,1205.4499999999998,1.0,3.0286493539863675,,,,,,,,,,,2022-11-11 14:00:00
2022-11-12 02:00:00,ETHUSD,exit,long,1.0,0.0,1283.7,0.0,-0.8239065993316066,,,,,,,,,,,2022-11-12 02:00:00
2022-11-17 15:30:00,ETHUSD,entry,long,0.0,1.0,1192.6999999999998,1.0,2.6407546523810916,,,,,,,,,,,2022-11-17 15:30:00
2022-11-18 03:30:00,ETHUSD,exit,long,1.0,0.0,1219.25,0.0,-0.9984048446611664,,,,,,,,,,,2022-11-18 03:30:00
2022-11-21 02:30:00,ETHUSD,entry,long,0.0,1.0,1121.55,1.0,1.550257802188212,,,,,,,,,,,2022-11-21 02:30:00
2022-11-21 14:30:00,ETHUSD,exit,long,1.0,0.0,1133.45,0.0,-2.9503984001069403,,,,,,,,,,,2022-11-21 14:30:00
2022-11-22 22:30:00,ETHUSD,entry,short,0.0,-1.0,1136.35,-1.0,3.6580149306284255,,,,,,,,,,,2022-11-22 22:30:00
2022-11-23 10:30:00,ETHUSD,exit,short,-1.0,0.0,1173.65,0.0,-0.03162782316096434,,,,,,,,,,,2022-11-23 10:30:00
2022-11-28 21:00:00,ETHUSD,entry,long,0.0,1.0,1171.2,1.0,4.0,,,,,,,,,,,2022-11-28 21:00:00
2022-11-29 09:00:00,ETHUSD,exit,long,1.0,0.0,1213.95,0.0,1.0231937291067401,,,,,,,,,,,2022-11-29 09:00:00
2022-12-01 05:30:00,ETHUSD,entry,long,0.0,1.0,1282.45,1.0,-1.0322417192977082,,,,,,,,,,,2022-12-01 05:30:00
2022-12-01 17:30:00,ETHUSD,exit,long,1.0,0.0,1274.9499999999998,0.0,-0.2431266208512269,,,,,,,,,,,2022-12-01 17:30:00
2022-12-05 13:30:00,ETHUSD,entry,short,0.0,-1.0,1286.15,-1.0,-4.0,,,,,,,,,,,2022-12-05 13:30:00
2022-12-06 01:30:00,ETHUSD,exit,short,-1.0,0.0,1263.6,0.0,-1.7319379656026812,,,,,,,,,,,2022-12-06 01:30:00
2022-12-07 06:30:00,ETHUSD,entry,short,0.0,-1.0,1250.25,-1.0,-3.8819291000516984,,,,,,,,,,,2022-12-07 06:30:00
2022-12-07 18:30:00,ETHUSD,exit,short,-1.0,0.0,1229.45,0.0,-0.08074989686621219,,,,,,,,,,,2022-12-07 18:30:00
2022-12-08 07:00:00,ETHUSD,entry,short,0.0,-1.0,1232.65,-1.0,4.0,,,,,,,,,,,2022-12-08 07:00:00
2022-12-08 19:00:00,ETHUSD,exit,short,-1.0,0.0,1281.75,0.0,0.210420694844037,,,,,,,,,,,2022-12-08 19:00:00
2022-12-09 14:00:00,ETHUSD,entry,long,0.0,1.0,1270.0,1.0,-1.0089181910155613,,,,,,,,,,,2022-12-09 14:00:00
2022-12-10 02:00:00,ETHUSD,exit,long,1.0,0.0,1264.25,0.0,1.2009579055568416,,,,,,,,,,,2022-12-10 02:00:00
2022-12-14 13:30:00,ETHUSD,entry,long,0.0,1.0,1327.95,1.0,-4.0,,,,,,,,,,,2022-12-14 13:30:00
2022-12-15 01:30:00,ETHUSD,exit,long,1.0,0.0,1286.45,0.0,-1.6017469177204606,,,,,,,,,,,2022-12-15 01:30:00
2022-12-15 13:30:00,ETHUSD,entry,long,0.0,1.0,1275.3,1.0,-1.2613985481243057,,,,,,,,,,,2022-12-15 13:30:00
2022-12-16 01:30:00,ETHUSD,exit,long,1.0,0.0,1268.0,0.0,-4.0,,,,,,,,,,,2022-12-16 01:30:00
2022-12-16 14:00:00,ETHUSD,entry,long,0.0,1.0,1215.75,1.0,-4.0,,,,,,,,,,,2022-12-16 14:00:00
2022-12-17 02:00:00,ETHUSD,exit,long,1.0,0.0,1163.9,0.0,2.2585506598452674,,,,,,,,,,,2022-12-17 02:00:00
2022-12-17 17:30:00,ETHUSD,entry,short,0.0,-1.0,1174.35,-1.0,2.1652604022649014,,,,,,,,,,,2022-12-17 17:30:00
2022-12-18 05:30:00,ETHUSD,exit,short,-1.0,0.0,1187.5500000000002,0.0,-1.740501828661464,,,,,,,,,,,2022-12-18 05:30:00
2022-12-19 05:30:00,ETHUSD,entry,short,0.0,-1.0,1179.25,-1.0,-1.1748322232936985,,,,,,,,,,,2022-12-19 05:30:00
2022-12-19 17:30:00,ETHUSD,exit,short,-1.0,0.0,1173.5,0.0,4.0,,,,,,,,,,,2022-12-19 17:30:00
2022-12-25 20:00:00,ETHUSD,entry,short,0.0,-1.0,1205.95,-1.0,4.0,,,,,,,,,,,2022-12-25 20:00:00
2022-12-26 08:00:00,ETHUSD,exit,short,-1.0,0.0,1219.1,1.0,-0.7395816047098278,,,,,,,,,,,2022-12-26 08:00:00
2022-12-26 08:00:00,ETHUSD,entry,long,0.0,1.0,1219.1,1.0,-0.7395816047098278,,,,,,,,,,,2022-12-26 08:00:00
2022-12-26 20:00:00,ETHUSD,exit,long,1.0,0.0,1217.0,0.0,1.03713693441815,,,,,,,,,,,2022-12-26 20:00:00
2022-12-29 08:00:00,ETHUSD,entry,long,0.0,1.0,1192.85,1.0,0.8293650929124372,,,,,,,,,,,2022-12-29 08:00:00
2022-12-29 21:00:00,ETHUSD,exit,long,1.0,0.0,1195.3000000000002,0.0,-0.31370894347787026,,,,,,,,,,,2022-12-29 21:00:00
2022-12-30 09:00:00,ETHUSD,entry,long,0.0,1.0,1194.1,1.0,1.565119217317004,,,,,,,,,,,2022-12-30 09:00:00
2022-12-30 21:30:00,ETHUSD,exit,long,1.0,0.0,1198.5,0.0,-0.7274242569280424,,,,,,,,,,,2022-12-30 21:30:00
2023-01-04 01:00:00,ETHUSD,entry,long,0.0,1.0,1225.55,1.0,4.0,,,,,,,,,,,2023-01-04 01:00:00
2023-01-04 13:00:00,ETHUSD,exit,long,1.0,0.0,1252.2,0.0,0.690574752097096,,,,,,,,,,,2023-01-04 13:00:00
2023-01-05 07:00:00,ETHUSD,entry,long,0.0,1.0,1248.4499999999998,1.0,1.111503671214439,,,,,,,,,,,2023-01-05 07:00:00
2023-01-05 19:00:00,ETHUSD,exit,long,1.0,0.0,1252.4,0.0,-1.3533228342241574,,,,,,,,,,,2023-01-05 19:00:00
2023-01-06 09:00:00,ETHUSD,entry,short,0.0,-1.0,1248.15,-1.0,4.0,,,,,,,,,,,2023-01-06 09:00:00
2023-01-06 21:00:00,ETHUSD,exit,short,-1.0,0.0,1266.8,0.0,-0.5685664565296535,,,,,,,,,,,2023-01-06 21:00:00
2023-01-09 08:00:00,ETHUSD,entry,short,0.0,-1.0,1309.35,-1.0,4.0,,,,,,,,,,,2023-01-09 08:00:00
2023-01-09 20:00:00,ETHUSD,exit,short,-1.0,0.0,1325.0,0.0,0.7101374837308457,,,,,,,,,,,2023-01-09 20:00:00
2023-01-10 10:00:00,ETHUSD,entry,short,0.0,-1.0,1333.3,-1.0,1.1343869603150227,,,,,,,,,,,2023-01-10 10:00:00
2023-01-10 22:00:00,ETHUSD,exit,short,-1.0,0.0,1338.8000000000002,0.0,-0.6827467755659672,,,,,,,,,,,2023-01-10 22:00:00
2023-01-11 19:00:00,ETHUSD,entry,short,0.0,-1.0,1340.75,-1.0,4.0,,,,,,,,,,,2023-01-11 19:00:00
2023-01-12 07:00:00,ETHUSD,exit,short,-1.0,0.0,1401.05,0.0,3.5629044912394736,,,,,,,,,,,2023-01-12 07:00:00
2023-01-13 10:30:00,ETHUSD,entry,long,0.0,1.0,1416.65,1.0,4.0,,,,,,,,,,,2023-01-13 10:30:00
2023-01-13 22:30:00,ETHUSD,exit,long,1.0,0.0,1453.25,0.0,4.0,,,,,,,,,,,2023-01-13 22:30:00
2023-01-14 22:30:00,ETHUSD,entry,short,0.0,-1.0,1551.35,-1.0,-1.837482089477542,,,,,,,,,,,2023-01-14 22:30:00
2023-01-15 10:30:00,ETHUSD,exit,short,-1.0,0.0,1532.05,0.0,2.884488394781549,,,,,,,,,,,2023-01-15 10:30:00
2023-01-15 22:30:00,ETHUSD,entry,short,0.0,-1.0,1557.85,-1.0,-1.152274907398234,,,,,,,,,,,2023-01-15 22:30:00
2023-01-16 10:30:00,ETHUSD,exit,short,-1.0,0.0,1547.25,0.0,3.4431936392828706,,,,,,,,,,,2023-01-16 10:30:00
2023-01-20 22:00:00,ETHUSD,entry,long,0.0,1.0,1652.0,1.0,-1.8054491697638457,,,,,,,,,,,2023-01-20 22:00:00
2023-01-21 10:00:00,ETHUSD,exit,long,1.0,0.0,1635.05,0.0,1.5633306588235927,,,,,,,,,,,2023-01-21 10:00:00
2023-01-21 22:30:00,ETHUSD,entry,long,0.0,1.0,1628.0500000000002,1.0,-0.23743960129038613,,,,,,,,,,,2023-01-21 22:30:00
2023-01-22 10:30:00,ETHUSD,exit,long,1.0,0.0,1625.65,0.0,0.3889717418799984,,,,,,,,,,,2023-01-22 10:30:00
2023-01-23 14:30:00,ETHUSD,entry,long,0.0,1.0,1599.4,1.0,4.0,,,,,,,,,,,2023-01-23 14:30:00
2023-01-24 02:30:00,ETHUSD,exit,long,1.0,0.0,1636.05,0.0,-2.5512538413094292,,,,,,,,,,,2023-01-24 02:30:00
2023-01-25 14:30:00,ETHUSD,entry,short,0.0,-1.0,1536.5500000000002,-1.0,4.0,,,,,,,,,,,2023-01-25 14:30:00
2023-01-26 02:30:00,ETHUSD,exit,short,-1.0,0.0,1614.5,0.0,-0.8133906434500662,,,,,,,,,,,2023-01-26 02:30:00
2023-01-31 05:30:00,ETHUSD,entry,long,0.0,1.0,1562.3000000000002,1.0,3.5260466488249764,,,,,,,,,,,2023-01-31 05:30:00
2023-01-31 17:30:00,ETHUSD,exit,long,1.0,0.0,1592.95,0.0,-1.234873156825316,,,,,,,,,,,2023-01-31 17:30:00
2023-02-01 06:00:00,ETHUSD,entry,long,0.0,1.0,1579.15,1.0,0.4170820509433051,,,,,,,,,,,2023-02-01 06:00:00
2023-02-01 18:00:00,ETHUSD,exit,long,1.0,0.0,1582.45,0.0,4.0,,,,,,,,,,,2023-02-01 18:00:00
2023-02-02 14:00:00,ETHUSD,entry,short,0.0,-1.0,1683.9,-1.0,-4.0,,,,,,,,,,,2023-02-02 14:00:00
2023-02-03 02:00:00,ETHUSD,exit,short,-1.0,0.0,1640.25,0.0,-0.5740536666805035,,,,,,,,,,,2023-02-03 02:00:00
2023-02-03 15:00:00,ETHUSD,entry,short,0.0,-1.0,1666.55,-1.0,-1.0502451545644396,,,,,,,,,,,2023-02-03 15:00:00
2023-02-04 03:00:00,ETHUSD,exit,short,-1.0,0.0,1655.75,0.0,2.4336023581526876,,,,,,,,,,,2023-02-04 03:00:00
2023-02-07 17:30:00,ETHUSD,entry,long,0.0,1.0,1671.4,1.0,0.6034483867413583,,,,,,,,,,,2023-02-07 17:30:00
2023-02-08 05:30:00,ETHUSD,exit,long,1.0,0.0,1676.05,0.0,-2.2823482849345322,,,,,,,,,,,2023-02-08 05:30:00
2023-02-10 12:00:00,ETHUSD,entry,short,0.0,-1.0,1538.85,-1.0,-2.8554305508770796,,,,,,,,,,,2023-02-10 12:00:00
2023-02-11 00:00:00,ETHUSD,exit,short,-1.0,0.0,1513.8,0.0,0.7541710234427756,,,,,,,,,,,2023-02-11 00:00:00
2023-02-15 12:00:00,ETHUSD,entry,long,0.0,1.0,1586.65,1.0,4.0,,,,,,,,,,,2023-02-15 12:00:00
2023-02-16 00:00:00,ETHUSD,exit,long,1.0,0.0,1695.85,0.0,-1.3381968994713753,,,,,,,,,,,2023-02-16 00:00:00
2023-02-16 14:30:00,ETHUSD,entry,short,0.0,-1.0,1679.0500000000002,-1.0,-2.353319723675893,,,,,,,,,,,2023-02-16 14:30:00
2023-02-17 02:30:00,ETHUSD,exit,short,-1.0,0.0,1658.1999999999998,0.0,-0.05273278467304072,,,,,,,,,,,2023-02-17 02:30:00
2023-02-18 12:00:00,ETHUSD,entry,short,0.0,-1.0,1696.5,-1.0,0.1738637506581516,,,,,,,,,,,2023-02-18 12:00:00
2023-02-19 00:00:00,ETHUSD,exit,short,-1.0,0.0,1698.05,0.0,-0.2601923452311589,,,,,,,,,,,2023-02-19 00:00:00
2023-02-23 02:00:00,ETHUSD,entry,long,0.0,1.0,1650.1,1.0,1.6005861173175875,,,,,,,,,,,2023-02-23 02:00:00
2023-02-23 14:00:00,ETHUSD,exit,long,1.0,0.0,1664.75,0.0,-1.082444424174081,,,,,,,,,,,2023-02-23 14:00:00
2023-02-24 02:30:00,ETHUSD,entry,long,0.0,1.0,1648.9,1.0,-1.2880939257936532,,,,,,,,,,,2023-02-24 02:30:00
2023-02-24 14:30:00,ETHUSD,exit,long,1.0,0.0,1636.9499999999998,0.0,-4.0,,,,,,,,,,,2023-02-24 14:30:00
2023-03-03 13:00:00,ETHUSD,entry,long,0.0,1.0,1569.95,1.0,0.2577818515686545,,,,,,,,,,,2023-03-03 13:00:00
2023-03-04 01:00:00,ETHUSD,exit,long,1.0,0.0,1571.9,0.0,-0.38655981898889613,,,,,,,,,,,2023-03-04 01:00:00
2023-03-06 01:30:00,ETHUSD,entry,long,0.0,1.0,1562.15,1.0,1.5983339426551944,,,,,,,,,,,2023-03-06 01:30:00
2023-03-06 13:30:00,ETHUSD,exit,long,1.0,0.0,1570.45,0.0,0.7474470006794764,,,,,,,,,,,2023-03-06 13:30:00
2023-03-09 06:30:00,ETHUSD,entry,short,0.0,-1.0,1540.9,-1.0,-4.0,,,,,,,,,,,2023-03-09 06:30:00
2023-03-09 18:30:00,ETHUSD,exit,short,-1.0,0.0,1505.9,0.0,-4.0,,,,,,,,,,,2023-03-09 18:30:00
2023-03-12 18:00:00,ETHUSD,entry,long,0.0,1.0,1548.35,1.0,3.864148025702373,,,,,,,,,,,2023-03-12 18:00:00
2023-03-13 06:00:00,ETHUSD,exit,long,1.0,0.0,1602.25,0.0,4.0,,,,,,,,,,,2023-03-13 06:00:00
2023-03-13 22:00:00,ETHUSD,entry,long,0.0,1.0,1687.15,1.0,-0.5447247159009876,,,,,,,,,,,2023-03-13 22:00:00
2023-03-14 10:00:00,ETHUSD,exit,long,1.0,0.0,1678.25,0.0,1.8842580581949104,,,,,,,,,,,2023-03-14 10:00:00
2023-03-15 12:30:00,ETHUSD,entry,long,0.0,1.0,1683.05,1.0,-2.3273695349955803,,,,,,,,,,,2023-03-15 12:30:00
2023-03-16 00:30:00,ETHUSD,exit,long,1.0,0.0,1645.4,0.0,0.5894203791804176,,,,,,,,,,,2023-03-16 00:30:00
2023-03-23 16:00:00,ETHUSD,entry,long,0.0,1.0,1830.25,1.0,-1.2863209945762206,,,,,,,,,,,2023-03-23 16:00:00
2023-03-24 04:00:00,ETHUSD,exit,long,1.0,0.0,1814.45,0.0,-4.0,,,,,,,,,,,2023-03-24 04:00:00
2023-03-24 17:00:00,ETHUSD,entry,long,0.0,1.0,1744.8000000000002,1.0,0.3665024744108445,,,,,,,,,,,2023-03-24 17:00:00
2023-03-25 07:30:00,ETHUSD,exit,long,1.0,0.0,1749.5,0.0,-2.7318180874530418,,,,,,,,,,,2023-03-25 07:30:00
2023-03-29 10:30:00,ETHUSD,entry,short,0.0,-1.0,1811.35,-1.0,-2.2815954701804806,,,,,,,,,,,2023-03-29 10:30:00
2023-03-29 22:30:00,ETHUSD,exit,short,-1.0,0.0,1790.3000000000002,0.0,1.4852720213442496,,,,,,,,,,,2023-03-29 22:30:00
2023-04-04 23:00:00,ETHUSD,entry,short,0.0,-1.0,1864.4,-1.0,4.0,,,,,,,,,,,2023-04-04 23:00:00
2023-04-05 11:00:00,ETHUSD,exit,short,-1.0,0.0,1915.85,0.0,-0.5954467837272429,,,,,,,,,,,2023-04-05 11:00:00
2023-04-11 06:00:00,ETHUSD,entry,short,0.0,-1.0,1921.95,-1.0,-1.8958635983289664,,,,,,,,,,,2023-04-11 06:00:00
2023-04-11 18:00:00,ETHUSD,exit,short,-1.0,0.0,1907.65,0.0,-4.0,,,,,,,,,,,2023-04-11 18:00:00
2023-04-13 22:30:00,ETHUSD,entry,long,0.0,1.0,2009.9,1.0,4.0,,,,,,,,,,,2023-04-13 22:30:00
2023-04-14 10:30:00,ETHUSD,exit,long,1.0,0.0,2115.25,0.0,-0.8053420462342911,,,,,,,,,,,2023-04-14 10:30:00
2023-04-15 13:30:00,ETHUSD,entry,long,0.0,1.0,2098.3,1.0,-0.7387882668543118,,,,,,,,,,,2023-04-15 13:30:00
2023-04-16 01:30:00,ETHUSD,exit,long,1.0,0.0,2090.8500000000004,0.0,-0.3850018677387674,,,,,,,,,,,2023-04-16 01:30:00
2023-04-21 05:30:00,ETHUSD,entry,long,0.0,1.0,1928.1,1.0,-4.0,,,,,,,,,,,2023-04-21 05:30:00
2023-04-21 17:30:00,ETHUSD,exit,long,1.0,0.0,1881.4,0.0,-1.4164026611874516,,,,,,,,,,,2023-04-21 17:30:00
2023-04-22 06:00:00,ETHUSD,entry,short,0.0,-1.0,1855.2,-1.0,1.9983100084671026,,,,,,,,,,,2023-04-22 06:00:00
2023-04-22 18:00:00,ETHUSD,exit,short,-1.0,0.0,1876.55,0.0,-0.8560664444329986,,,,,,,,,,,2023-04-22 18:00:00
2023-04-27 20:00:00,ETHUSD,entry,long,0.0,1.0,1916.7,1.0,-0.10016395944115068,,,,,,,,,,,2023-04-27 20:00:00
2023-04-28 08:00:00,ETHUSD,exit,long,1.0,0.0,1915.25,0.0,-1.8220846542770808,,,,,,,,,,,2023-04-28 08:00:00
2023-05-01 15:00:00,ETHUSD,entry,long,0.0,1.0,1829.75,1.0,-0.5769401505320471,,,,,,,,,,,2023-05-01 15:00:00
2023-05-02 03:00:00,ETHUSD,exit,long,1.0,0.0,1825.2,0.0,4.0,,,,,,,,,,,2023-05-02 03:00:00
2023-05-02 16:00:00,ETHUSD,entry,long,0.0,1.0,1861.45,1.0,0.15663320884744217,,,,,,,,,,,2023-05-02 16:00:00
2023-05-03 04:00:00,ETHUSD,exit,long,1.0,0.0,1862.75,0.0,-0.11985936279156717,,,,,,,,,,,2023-05-03 04:00:00
2023-05-03 16:00:00,ETHUSD,entry,short,0.0,-1.0,1861.85,-1.0,4.0,,,,,,,,,,,2023-05-03 16:00:00
2023-05-04 04:00:00,ETHUSD,exit,short,-1.0,0.0,1904.5,0.0,-1.5883738852634355,,,,,,,,,,,2023-05-04 04:00:00
2023-05-05 16:30:00,ETHUSD,entry,short,0.0,-1.0,1992.5,-1.0,-2.6874344775307035,,,,,,,,,,,2023-05-05 16:30:00
2023-05-06 04:30:00,ETHUSD,exit,short,-1.0,0.0,1968.0,0.0,-4.0,,,,,,,,,,,2023-05-06 04:30:00
2023-05-07 23:30:00,ETHUSD,entry,long,0.0,1.0,1873.4,1.0,-0.9364946743746877,,,,,,,,,,,2023-05-07 23:30:00
2023-05-08 11:30:00,ETHUSD,exit,long,1.0,0.0,1864.8,0.0,-1.6383402489400563,,,,,,,,,,,2023-05-08 11:30:00
2023-05-09 11:30:00,ETHUSD,entry,short,0.0,-1.0,1847.85,-1.0,4.672427877816877e-14,,,,,,,,,,,2023-05-09 11:30:00
2023-05-09 23:30:00,ETHUSD,exit,short,-1.0,0.0,1847.85,0.0,0.4556708063195747,,,,,,,,,,,2023-05-09 23:30:00
2023-05-12 12:30:00,ETHUSD,entry,long,0.0,1.0,1773.05,1.0,3.933315505628731,,,,,,,,,,,2023-05-12 12:30:00
2023-05-13 00:30:00,ETHUSD,exit,long,1.0,0.0,1809.15,0.0,-0.4471490438955541,,,,,,,,,,,2023-05-13 00:30:00
2023-05-13 19:30:00,ETHUSD,entry,long,0.0,1.0,1793.85,1.0,1.5538597381567332,,,,,,,,,,,2023-05-13 19:30:00
2023-05-14 07:30:00,ETHUSD,exit,long,1.0,0.0,1806.3,0.0,-1.3332956589441578,,,,,,,,,,,2023-05-14 07:30:00
2023-05-23 04:00:00,ETHUSD,entry,long,0.0,1.0,1862.75,1.0,-1.521940973524365,,,,,,,,,,,2023-05-23 04:00:00
2023-05-23 16:00:00,ETHUSD,exit,long,1.0,0.0,1854.05,0.0,-4.0,,,,,,,,,,,2023-05-23 16:00:00
2023-05-26 14:00:00,ETHUSD,entry,short,0.0,-1.0,1833.45,-1.0,-0.9005368380699459,,,,,,,,,,,2023-05-26 14:00:00
2023-05-27 02:00:00,ETHUSD,exit,short,-1.0,0.0,1828.35,0.0,-0.7147142002635539,,,,,,,,,,,2023-05-27 02:00:00
2023-05-28 22:00:00,ETHUSD,entry,long,0.0,1.0,1905.55,1.0,-0.3751196101214564,,,,,,,,,,,2023-05-28 22:00:00
2023-05-29 10:00:00,ETHUSD,exit,long,1.0,0.0,1903.35,0.0,-2.5587002238178127,,,,,,,,,,,2023-05-29 10:00:00
2023-05-29 22:30:00,ETHUSD,entry,long,0.0,1.0,1892.85,1.0,2.566786502294954,,,,,,,,,,,2023-05-29 22:30:00
2023-05-30 10:30:00,ETHUSD,exit,long,1.0,0.0,1908.45,0.0,-0.6386921034494966,,,,,,,,,,,2023-05-30 10:30:00
2023-06-06 12:00:00,ETHUSD,entry,long,0.0,1.0,1808.45,1.0,4.0,,,,,,,,,,,2023-06-06 12:00:00
2023-06-07 00:00:00,ETHUSD,exit,long,1.0,0.0,1885.85,0.0,-2.4513726817873414,,,,,,,,,,,2023-06-07 00:00:00
2023-06-08 03:00:00,ETHUSD,entry,long,0.0,1.0,1830.65,1.0,3.239207744720489,,,,,,,,,,,2023-06-08 03:00:00
2023-06-08 15:00:00,ETHUSD,exit,long,1.0,0.0,1855.5,0.0,-3.0673683673530023,,,,,,,,,,,2023-06-08 15:00:00
2023-06-11 04:00:00,ETHUSD,entry,long,0.0,1.0,1746.85,1.0,0.18740646042036974,,,,,,,,,,,2023-06-11 04:00:00
2023-06-11 17:00:00,ETHUSD,exit,long,1.0,0.0,1757.45,0.0,-2.503026579139543,,,,,,,,,,,2023-06-11 17:00:00
2023-06-12 20:00:00,ETHUSD,entry,short,0.0,-1.0,1737.25,-1.0,1.7452530805121655,,,,,,,,,,,2023-06-12 20:00:00
2023-06-13 08:00:00,ETHUSD,exit,short,-1.0,0.0,1750.75,0.0,-1.860353794452551,,,,,,,,,,,2023-06-13 08:00:00
2023-06-15 13:00:00,ETHUSD,entry,short,0.0,-1.0,1639.65,-1.0,3.009869443964478,,,,,,,,,,,2023-06-15 13:00:00
2023-06-16 01:00:00,ETHUSD,exit,short,-1.0,0.0,1661.9499999999998,0.0,1.1641207465067818,,,,,,,,,,,2023-06-16 01:00:00
2023-06-16 16:30:00,ETHUSD,entry,short,0.0,-1.0,1684.35,-1.0,4.0,,,,,,,,,,,2023-06-16 16:30:00
2023-06-17 04:30:00,ETHUSD,exit,short,-1.0,0.0,1725.8000000000002,0.0,0.5728193571300226,,,,,,,,,,,2023-06-17 04:30:00
2023-06-21 10:00:00,ETHUSD,entry,short,0.0,-1.0,1817.05,-1.0,4.0,,,,,,,,,,,2023-06-21 10:00:00
2023-06-21 22:00:00,ETHUSD,exit,short,-1.0,0.0,1880.25,0.0,2.9603095515799205,,,,,,,,,,,2023-06-21 22:00:00
2023-06-22 22:30:00,ETHUSD,entry,long,0.0,1.0,1870.95,1.0,0.8447407329844085,,,,,,,,,,,2023-06-22 22:30:00
2023-06-23 10:30:00,ETHUSD,exit,long,1.0,0.0,1879.15,0.0,1.5134938639700488,,,,,,,,,,,2023-06-23 10:30:00
2023-06-27 07:00:00,ETHUSD,entry,long,0.0,1.0,1873.05,1.0,2.8715131612969644,,,,,,,,,,,2023-06-27 07:00:00
2023-06-27 19:00:00,ETHUSD,exit,long,1.0,0.0,1895.85,0.0,-3.8018647691043967,,,,,,,,,,,2023-06-27 19:00:00
2023-06-28 14:00:00,ETHUSD,entry,long,0.0,1.0,1858.55,1.0,-2.926324226917416,,,,,,,,,,,2023-06-28 14:00:00
2023-06-29 02:00:00,ETHUSD,exit,long,1.0,0.0,1835.75,0.0,2.990690858156135,,,,,,,,,,,2023-06-29 02:00:00
2023-07-03 01:00:00,ETHUSD,entry,short,0.0,-1.0,1941.8,-1.0,2.9363488677687615,,,,,,,,,,,2023-07-03 01:00:00
2023-07-03 13:00:00,ETHUSD,exit,short,-1.0,0.0,1964.8,0.0,-1.1115565035882882,,,,,,,,,,,2023-07-03 13:00:00
2023-07-07 08:00:00,ETHUSD,entry,long,0.0,1.0,1857.7,1.0,0.7662513544902652,,,,,,,,,,,2023-07-07 08:00:00
2023-07-07 20:00:00,ETHUSD,exit,long,1.0,0.0,1863.6,0.0,0.12102668043847867,,,,,,,,,,,2023-07-07 20:00:00
2023-07-12 06:00:00,ETHUSD,entry,short,0.0,-1.0,1888.65,-1.0,-0.14185598839139707,,,,,,,,,,,2023-07-12 06:00:00
2023-07-12 18:00:00,ETHUSD,exit,short,-1.0,0.0,1887.95,0.0,-3.1313040092240367,,,,,,,,,,,2023-07-12 18:00:00
2023-07-13 09:00:00,ETHUSD,entry,short,0.0,-1.0,1877.15,-1.0,4.0,,,,,,,,,,,2023-07-13 09:00:00
2023-07-13 21:00:00,ETHUSD,exit,short,-1.0,0.0,1976.55,0.0,2.6997681681080477,,,,,,,,,,,2023-07-13 21:00:00
2023-07-14 14:30:00,ETHUSD,entry,short,0.0,-1.0,2000.05,-1.0,-4.0,,,,,,,,,,,2023-07-14 14:30:00
2023-07-15 02:30:00,ETHUSD,exit,short,-1.0,0.0,1931.65,0.0,0.19643368086626892,,,,,,,,,,,2023-07-15 02:30:00
2023-07-16 02:00:00,ETHUSD,entry,long,0.0,1.0,1921.95,1.0,2.9971763410176253,,,,,,,,,,,2023-07-16 02:00:00
2023-07-16 14:00:00,ETHUSD,exit,long,1.0,0.0,1940.15,0.0,-2.4249287399292747,,,,,,,,,,,2023-07-16 14:00:00
2023-07-23 19:00:00,ETHUSD,entry,long,0.0,1.0,1894.75,1.0,-4.0,,,,,,,,,,,2023-07-23 19:00:00
2023-07-24 07:00:00,ETHUSD,exit,long,1.0,0.0,1873.45,0.0,-4.0,,,,,,,,,,,2023-07-24 07:00:00
2023-07-25 01:00:00,ETHUSD,entry,long,0.0,1.0,1846.1,1.0,1.7639265370868837,,,,,,,,,,,2023-07-25 01:00:00
2023-07-25 17:30:00,ETHUSD,exit,long,1.0,0.0,1860.5,0.0,-0.28158163297781263,,,,,,,,,,,2023-07-25 17:30:00
2023-07-26 05:30:00,ETHUSD,entry,long,0.0,1.0,1859.2,1.0,-0.3937334712841316,,,,,,,,,,,2023-07-26 05:30:00
2023-07-26 17:30:00,ETHUSD,exit,long,1.0,0.0,1857.55,0.0,4.0,,,,,,,,,,,2023-07-26 17:30:00
2023-08-03 06:30:00,ETHUSD,entry,long,0.0,1.0,1833.65,1.0,2.445278412443197,,,,,,,,,,,2023-08-03 06:30:00
2023-08-03 18:30:00,ETHUSD,exit,long,1.0,0.0,1845.25,0.0,-2.853829111871065,,,,,,,,,,,2023-08-03 18:30:00
2023-08-08 12:30:00,ETHUSD,entry,long,0.0,1.0,1843.5,1.0,2.780211748822543,,,,,,,,,,,2023-08-08 12:30:00
2023-08-09 00:30:00,ETHUSD,exit,long,1.0,0.0,1854.4,0.0,2.9081583515878235,,,,,,,,,,,2023-08-09 00:30:00
2023-08-09 16:30:00,ETHUSD,entry,long,0.0,1.0,1847.7,1.0,0.7016962466371176,,,,,,,,,,,2023-08-09 16:30:00
2023-08-10 04:30:00,ETHUSD,exit,long,1.0,0.0,1850.9,0.0,-0.2551559756803872,,,,,,,,,,,2023-08-10 04:30:00
2023-08-10 17:30:00,ETHUSD,entry,long,0.0,1.0,1846.55,1.0,0.2827984775941491,,,,,,,,,,,2023-08-10 17:30:00
2023-08-11 05:30:00,ETHUSD,exit,long,1.0,0.0,1847.7,0.0,-1.952757075397838,,,,,,,,,,,2023-08-11 05:30:00
2023-08-15 08:30:00,ETHUSD,entry,long,0.0,1.0,1840.7,1.0,-4.0,,,,,,,,,,,2023-08-15 08:30:00
2023-08-15 20:30:00,ETHUSD,exit,long,1.0,0.0,1827.6,0.0,-1.3801077394040442,,,,,,,,,,,2023-08-15 20:30:00
2023-08-16 08:30:00,ETHUSD,entry,short,0.0,-1.0,1823.3,-1.0,-4.0,,,,,,,,,,,2023-08-16 08:30:00
2023-08-16 20:30:00,ETHUSD,exit,short,-1.0,0.0,1808.0,0.0,-4.0,,,,,,,,,,,2023-08-16 20:30:00
2023-08-19 15:30:00,ETHUSD,entry,short,0.0,-1.0,1683.0,-1.0,-1.971249442156614,,,,,,,,,,,2023-08-19 15:30:00
2023-08-20 03:30:00,ETHUSD,exit,short,-1.0,0.0,1668.35,0.0,0.36713042701996224,,,,,,,,,,,2023-08-20 03:30:00
2023-08-20 16:30:00,ETHUSD,entry,long,0.0,1.0,1668.6999999999998,1.0,1.3892516148043361,,,,,,,,,,,2023-08-20 16:30:00
2023-08-21 04:30:00,ETHUSD,exit,long,1.0,0.0,1676.4,0.0,-3.146698116026774,,,,,,,,,,,2023-08-21 04:30:00
2023-08-24 09:30:00,ETHUSD,entry,long,0.0,1.0,1666.7,1.0,-2.090761536858131,,,,,,,,,,,2023-08-24 09:30:00
2023-08-24 21:30:00,ETHUSD,exit,long,1.0,0.0,1653.5,0.0,-0.16505013770331334,,,,,,,,,,,2023-08-24 21:30:00
2023-08-30 14:30:00,ETHUSD,entry,long,0.0,1.0,1702.8,1.0,-0.4754247514743794,,,,,,,,,,,2023-08-30 14:30:00
2023-08-31 02:30:00,ETHUSD,exit,long,1.0,0.0,1699.8,0.0,0.9539922112849827,,,,,,,,,,,2023-08-31 02:30:00
2023-08-31 15:00:00,ETHUSD,entry,long,0.0,1.0,1701.15,1.0,-4.0,,,,,,,,,,,2023-08-31 15:00:00
2023-09-01 03:00:00,ETHUSD,exit,long,1.0,0.0,1649.4,0.0,-2.2112229362002473,,,,,,,,,,,2023-09-01 03:00:00
2023-09-01 15:00:00,ETHUSD,entry,long,0.0,1.0,1636.05,1.0,-1.0362299812109044,,,,,,,,,,,2023-09-01 15:00:00
2023-09-02 03:00:00,ETHUSD,exit,long,1.0,0.0,1630.05,0.0,2.0349578136566993,,,,,,,,,,,2023-09-02 03:00:00
2023-09-07 14:30:00,ETHUSD,entry,long,0.0,1.0,1631.1999999999998,1.0,3.2137627831956745,,,,,,,,,,,2023-09-07 14:30:00
2023-09-08 02:30:00,ETHUSD,exit,long,1.0,0.0,1645.6,0.0,-3.385959630877345,,,,,,,,,,,2023-09-08 02:30:00
2023-09-10 15:30:00,ETHUSD,entry,long,0.0,1.0,1619.3000000000002,1.0,-2.534616797601004,,,,,,,,,,,2023-09-10 15:30:00
2023-09-11 03:30:00,ETHUSD,exit,long,1.0,0.0,1611.9,0.0,-4.0,,,,,,,,,,,2023-09-11 03:30:00
2023-09-13 05:00:00,ETHUSD,entry,long,0.0,1.0,1584.6,1.0,2.7828407124156715,,,,,,,,,,,2023-09-13 05:00:00
2023-09-13 17:30:00,ETHUSD,exit,long,1.0,0.0,1597.8000000000002,0.0,2.3797050328551688,,,,,,,,,,,2023-09-13 17:30:00
2023-09-19 08:30:00,ETHUSD,entry,long,0.0,1.0,1643.9,1.0,-0.25636844852972795,,,,,,,,,,,2023-09-19 08:30:00
2023-09-19 20:30:00,ETHUSD,exit,long,1.0,0.0,1642.7,0.0,-0.94091928239871,,,,,,,,,,,2023-09-19 20:30:00
2023-09-20 15:30:00,ETHUSD,entry,short,0.0,-1.0,1629.3,-1.0,-1.1408102085398495,,,,,,,,,,,2023-09-20 15:30:00
2023-09-21 03:30:00,ETHUSD,exit,short,-1.0,0.0,1623.35,0.0,-4.0,,,,,,,,,,,2023-09-21 03:30:00
2023-09-22 00:30:00,ETHUSD,entry,long,0.0,1.0,1591.0,1.0,0.7193326493131819,,,,,,,,,,,2023-09-22 00:30:00
2023-09-22 12:30:00,ETHUSD,exit,long,1.0,0.0,1595.0,0.0,0.18473960925884297,,,,,,,,,,,2023-09-22 12:30:00
2023-09-27 10:00:00,ETHUSD,entry,long,0.0,1.0,1614.45,1.0,-4.0,,,,,,,,,,,2023-09-27 10:00:00
2023-09-27 22:00:00,ETHUSD,exit,long,1.0,0.0,1595.9499999999998,0.0,4.0,,,,,,,,,,,2023-09-27 22:00:00
2023-09-28 10:00:00,ETHUSD,entry,short,0.0,-1.0,1620.1999999999998,-1.0,4.0,,,,,,,,,,,2023-09-28 10:00:00
2023-09-28 22:00:00,ETHUSD,exit,short,-1.0,0.0,1652.05,0.0,3.3584283971101345,,,,,,,,,,,2023-09-28 22:00:00
2023-09-29 12:30:00,ETHUSD,entry,short,0.0,-1.0,1673.5,-1.0,-0.3725589503069383,,,,,,,,,,,2023-09-29 12:30:00
2023-09-30 00:30:00,ETHUSD,exit,short,-1.0,0.0,1671.25,0.0,0.5224490551861981,,,,,,,,,,,2023-09-30 00:30:00
2023-10-04 13:00:00,ETHUSD,entry,long,0.0,1.0,1641.2,1.0,0.8201604379639619,,,,,,,,,,,2023-10-04 13:00:00
2023-10-05 01:00:00,ETHUSD,exit,long,1.0,0.0,1645.9,0.0,-0.22143843872229305,,,,,,,,,,,2023-10-05 01:00:00
2023-10-05 16:00:00,ETHUSD,entry,long,0.0,1.0,1618.3,1.0,0.7463493133541445,,,,,,,,,,,2023-10-05 16:00:00
2023-10-06 04:00:00,ETHUSD,exit,long,1.0,0.0,1622.6999999999998,0.0,3.243526832051838,,,,,,,,,,,2023-10-06 04:00:00
2023-10-09 10:30:00,ETHUSD,entry,long,0.0,1.0,1595.7,1.0,-4.0,,,,,,,,,,,2023-10-09 10:30:00
2023-10-09 22:30:00,ETHUSD,exit,long,1.0,0.0,1577.0,0.0,1.6132187439020411,,,,,,,,,,,2023-10-09 22:30:00
2023-10-10 10:30:00,ETHUSD,entry,long,0.0,1.0,1585.9,1.0,-3.681781963299511,,,,,,,,,,,2023-10-10 10:30:00
2023-10-10 22:30:00,ETHUSD,exit,long,1.0,0.0,1568.1999999999998,0.0,1.390626983711119,,,,,,,,,,,2023-10-10 22:30:00
2023-10-11 12:30:00,ETHUSD,entry,long,0.0,1.0,1572.5,1.0,-1.9793867855639085,,,,,,,,,,,2023-10-11 12:30:00
2023-10-12 00:30:00,ETHUSD,exit,long,1.0,0.0,1561.2,0.0,-2.1330057884794655,,,,,,,,,,,2023-10-12 00:30:00
2023-10-12 12:30:00,ETHUSD,entry,long,0.0,1.0,1549.0,1.0,-0.8863827151353443,,,,,,,,,,,2023-10-12 12:30:00
2023-10-13 00:30:00,ETHUSD,exit,long,1.0,0.0,1544.0500000000002,0.0,1.4961267883529572,,,,,,,,,,,2023-10-13 00:30:00
2023-10-16 10:30:00,ETHUSD,entry,long,0.0,1.0,1585.6999999999998,1.0,3.823597955165212,,,,,,,,,,,2023-10-16 10:30:00
2023-10-16 22:30:00,ETHUSD,exit,long,1.0,0.0,1602.6,0.0,-2.2581765323235596,,,,,,,,,,,2023-10-16 22:30:00
2023-10-17 10:30:00,ETHUSD,entry,short,0.0,-1.0,1587.1,-1.0,-4.0,,,,,,,,,,,2023-10-17 10:30:00
2023-10-17 22:30:00,ETHUSD,exit,short,-1.0,0.0,1562.3000000000002,0.0,3.258490102047126,,,,,,,,,,,2023-10-17 22:30:00
2023-10-18 10:30:00,ETHUSD,entry,short,0.0,-1.0,1581.5,-1.0,-2.8147880648173964,,,,,,,,,,,2023-10-18 10:30:00
2023-10-18 22:30:00,ETHUSD,exit,short,-1.0,0.0,1565.0,0.0,-2.176278486981628,,,,,,,,,,,2023-10-18 22:30:00
2023-10-19 15:00:00,ETHUSD,entry,short,0.0,-1.0,1558.5,-1.0,4.0,,,,,,,,,,,2023-10-19 15:00:00
2023-10-20 03:00:00,ETHUSD,exit,short,-1.0,0.0,1592.0,0.0,2.8992024353958836,,,,,,,,,,,2023-10-20 03:00:00
2023-10-20 20:30:00,ETHUSD,entry,short,0.0,-1.0,1603.4,-1.0,0.5041824856225721,,,,,,,,,,,2023-10-20 20:30:00
2023-10-21 08:30:00,ETHUSD,exit,short,-1.0,0.0,1606.65,0.0,4.0,,,,,,,,,,,2023-10-21 08:30:00
2023-10-22 02:00:00,ETHUSD,entry,short,0.0,-1.0,1627.35,-1.0,0.4611902452586108,,,,,,,,,,,2023-10-22 02:00:00
2023-10-22 14:00:00,ETHUSD,exit,short,-1.0,0.0,1630.15,0.0,4.0,,,,,,,,,,,2023-10-22 14:00:00
2023-10-25 05:00:00,ETHUSD,entry,long,0.0,1.0,1786.1,1.0,0.25996917074680465,,,,,,,,,,,2023-10-25 05:00:00
2023-10-25 17:00:00,ETHUSD,exit,long,1.0,0.0,1789.45,0.0,1.2660222342011551,,,,,,,,,,,2023-10-25 17:00:00
2023-10-26 06:30:00,ETHUSD,entry,short,0.0,-1.0,1813.8,-1.0,-2.8209044326050066,,,,,,,,,,,2023-10-26 06:30:00
2023-10-26 18:30:00,ETHUSD,exit,short,-1.0,0.0,1783.25,0.0,0.9618950279147334,,,,,,,,,,,2023-10-26 18:30:00
2023-11-02 13:00:00,ETHUSD,entry,short,0.0,-1.0,1829.7,-1.0,-4.0,,,,,,,,,,,2023-11-02 13:00:00
2023-11-03 01:00:00,ETHUSD,exit,short,-1.0,0.0,1790.3,0.0,0.5847407825151933,,,,,,,,,,,2023-11-03 01:00:00
2023-11-05 09:00:00,ETHUSD,entry,short,0.0,-1.0,1885.45,-1.0,-1.0501342363087955,,,,,,,,,,,2023-11-05 09:00:00
2023-11-05 23:30:00,ETHUSD,exit,short,-1.0,0.0,1893.65,0.0,0.6566577304567602,,,,,,,,,,,2023-11-05 23:30:00
2023-11-06 12:00:00,ETHUSD,entry,short,0.0,-1.0,1903.3,-1.0,-1.01901825222272,,,,,,,,,,,2023-11-06 12:00:00
2023-11-07 00:00:00,ETHUSD,exit,short,-1.0,0.0,1894.85,0.0,-2.2135715663385582,,,,,,,,,,,2023-11-07 00:00:00
2023-11-10 22:30:00,ETHUSD,entry,long,0.0,1.0,2082.75,1.0,-1.4773395339552855,,,,,,,,,,,2023-11-10 22:30:00
2023-11-11 10:30:00,ETHUSD,exit,long,1.0,0.0,2062.85,0.0,-1.4114206851051783,,,,,,,,,,,2023-11-11 10:30:00
2023-11-15 13:00:00,ETHUSD,entry,long,0.0,1.0,2010.3,1.0,4.0,,,,,,,,,,,2023-11-15 13:00:00
2023-11-16 01:00:00,ETHUSD,exit,long,1.0,0.0,2065.7,0.0,-2.4754146157363293,,,,,,,,,,,2023-11-16 01:00:00
2023-11-18 07:00:00,ETHUSD,entry,long,0.0,1.0,1933.1,1.0,3.144252494928376,,,,,,,,,,,2023-11-18 07:00:00
2023-11-18 19:00:00,ETHUSD,exit,long,1.0,0.0,1967.85,0.0,-0.4495262532638823,,,,,,,,,,,2023-11-18 19:00:00
2023-11-23 08:30:00,ETHUSD,entry,short,0.0,-1.0,2082.1,-1.0,-1.419788839588022,,,,,,,,,,,2023-11-23 08:30:00
2023-11-23 20:30:00,ETHUSD,exit,short,-1.0,0.0,2066.3500000000004,0.0,1.253553220817638,,,,,,,,,,,2023-11-23 20:30:00
2023-11-28 00:00:00,ETHUSD,entry,long,0.0,1.0,2032.3,1.0,-0.7994099243811728,,,,,,,,,,,2023-11-28 00:00:00
2023-11-28 12:00:00,ETHUSD,exit,long,1.0,0.0,2024.85,0.0,2.262897587131171,,,,,,,,,,,2023-11-28 12:00:00
2023-12-01 15:00:00,ETHUSD,entry,short,0.0,-1.0,2073.85,-1.0,2.524303016110282,,,,,,,,,,,2023-12-01 15:00:00
2023-12-02 03:00:00,ETHUSD,exit,short,-1.0,0.0,2094.0,0.0,1.0046213363814225,,,,,,,,,,,2023-12-02 03:00:00
2023-12-03 00:30:00,ETHUSD,entry,short,0.0,-1.0,2166.95,-1.0,-1.654838018562772,,,,,,,,,,,2023-12-03 00:30:00
2023-12-03 12:30:00,ETHUSD,exit,short,-1.0,0.0,2153.15,0.0,4.0,,,,,,,,,,,2023-12-03 12:30:00
2023-12-04 00:30:00,ETHUSD,entry,short,0.0,-1.0,2210.6,-1.0,4.0,,,,,,,,,,,2023-12-04 00:30:00
2023-12-04 12:30:00,ETHUSD,exit,short,-1.0,0.0,2253.75,0.0,-0.17264739550386948,,,,,,,,,,,2023-12-04 12:30:00
2023-12-06 10:00:00,ETHUSD,entry,short,0.0,-1.0,2286.75,-1.0,-2.3590438439141237,,,,,,,,,,,2023-12-06 10:00:00
2023-12-06 22:00:00,ETHUSD,exit,short,-1.0,0.0,2255.95,0.0,-1.6600824264598817,,,,,,,,,,,2023-12-06 22:00:00
2023-12-08 07:00:00,ETHUSD,entry,short,0.0,-1.0,2359.1000000000004,-1.0,-0.5862909739394756,,,,,,,,,,,2023-12-08 07:00:00
2023-12-08 19:00:00,ETHUSD,exit,short,-1.0,0.0,2351.65,0.0,4.0,,,,,,,,,,,2023-12-08 19:00:00
2023-12-13 20:30:00,ETHUSD,entry,short,0.0,-1.0,2258.6,-1.0,1.252566057654919,,,,,,,,,,,2023-12-13 20:30:00
2023-12-14 08:30:00,ETHUSD,exit,short,-1.0,0.0,2274.7,0.0,1.3877005297870373,,,,,,,,,,,2023-12-14 08:30:00
2023-12-18 12:30:00,ETHUSD,entry,long,0.0,1.0,2126.2,1.0,4.0,,,,,,,,,,,2023-12-18 12:30:00
2023-12-19 00:30:00,ETHUSD,exit,long,1.0,0.0,2213.75,0.0,1.6445294440662543,,,,,,,,,,,2023-12-19 00:30:00
2023-12-23 00:00:00,ETHUSD,entry,short,0.0,-1.0,2322.3500000000004,-1.0,-1.881797414540027,,,,,,,,,,,2023-12-23 00:00:00
2023-12-23 12:00:00,ETHUSD,exit,short,-1.0,0.0,2295.15,0.0,0.6266117030663501,,,,,,,,,,,2023-12-23 12:00:00
2023-12-27 18:00:00,ETHUSD,entry,short,0.0,-1.0,2344.0,-1.0,2.861922654145658,,,,,,,,,,,2023-12-27 18:00:00
2023-12-28 06:00:00,ETHUSD,exit,short,-1.0,0.0,2378.8,0.0,-1.2741233482358578,,,,,,,,,,,2023-12-28 06:00:00
2024-01-04 10:00:00,ETHUSD,entry,long,0.0,1.0,2213.2,1.0,4.0,,,,,,,,,,,2024-01-04 10:00:00
2024-01-04 22:00:00,ETHUSD,exit,long,1.0,0.0,2277.1,0.0,-1.2036936171441663,,,,,,,,,,,2024-01-04 22:00:00
2024-01-05 10:30:00,ETHUSD,entry,short,0.0,-1.0,2242.05,-1.0,0.5104798124341101,,,,,,,,,,,2024-01-05 10:30:00
2024-01-05 22:30:00,ETHUSD,exit,short,-1.0,0.0,2249.25,0.0,-0.8684448099534631,,,,,,,,,,,2024-01-05 22:30:00
2024-01-09 00:30:00,ETHUSD,entry,short,0.0,-1.0,2308.65,-1.0,-3.204587205629593,,,,,,,,,,,2024-01-09 00:30:00
2024-01-09 12:30:00,ETHUSD,exit,short,-1.0,0.0,2265.9,0.0,4.0,,,,,,,,,,,2024-01-09 12:30:00
2024-01-11 11:30:00,ETHUSD,entry,short,0.0,-1.0,2658.65,-1.0,-1.716957087315538,,,,,,,,,,,2024-01-11 11:30:00
2024-01-11 23:30:00,ETHUSD,exit,short,-1.0,0.0,2618.2,0.0,1.1760874224575386,,,,,,,,,,,2024-01-11 23:30:00
2024-01-18 18:00:00,ETHUSD,entry,short,0.0,-1.0,2458.45,-1.0,0.2096174373244722,,,,,,,,,,,2024-01-18 18:00:00
2024-01-19 06:00:00,ETHUSD,exit,short,-1.0,0.0,2461.1000000000004,0.0,1.6663542211147064,,,,,,,,,,,2024-01-19 06:00:00
2024-01-22 17:00:00,ETHUSD,entry,long,0.0,1.0,2363.8500000000004,1.0,-1.7126439411694536,,,,,,,,,,,2024-01-22 17:00:00
2024-01-23 05:00:00,ETHUSD,exit,long,1.0,0.0,2343.5,0.0,-4.0,,,,,,,,,,,2024-01-23 05:00:00
2024-01-24 10:30:00,ETHUSD,entry,short,0.0,-1.0,2255.55,-1.0,-2.3028586813893246,,,,,,,,,,,2024-01-24 10:30:00
2024-01-24 22:30:00,ETHUSD,exit,short,-1.0,0.0,2221.3500000000004,0.0,1.1004127465932556,,,,,,,,,,,2024-01-24 22:30:00
2024-02-01 10:00:00,ETHUSD,entry,long,0.0,1.0,2273.1000000000004,1.0,2.3492652285099744,,,,,,,,,,,2024-02-01 10:00:00
2024-02-01 22:00:00,ETHUSD,exit,long,1.0,0.0,2299.7,0.0,0.806733797508507,,,,,,,,,,,2024-02-01 22:00:00
2024-02-08 10:00:00,ETHUSD,entry,long,0.0,1.0,2423.45,1.0,0.4712371656016656,,,,,,,,,,,2024-02-08 10:00:00
2024-02-08 22:00:00,ETHUSD,exit,long,1.0,0.0,2427.7,0.0,3.6292933935296214,,,,,,,,,,,2024-02-08 22:00:00
2024-02-09 10:30:00,ETHUSD,entry,short,0.0,-1.0,2474.55,-1.0,2.273584235511651,,,,,,,,,,,2024-02-09 10:30:00
2024-02-09 22:30:00,ETHUSD,exit,short,-1.0,0.0,2496.65,0.0,-1.7436466502090495,,,,,,,,,,,2024-02-09 22:30:00
2024-02-13 11:30:00,ETHUSD,entry,short,0.0,-1.0,2681.75,-1.0,-3.25315278254872,,,,,,,,,,,2024-02-13 11:30:00
2024-02-13 23:30:00,ETHUSD,exit,short,-1.0,0.0,2640.8,0.0,4.0,,,,,,,,,,,2024-02-13 23:30:00
2024-02-14 12:00:00,ETHUSD,entry,long,0.0,1.0,2749.95,1.0,3.985563796831017,,,,,,,,,,,2024-02-14 12:00:00
2024-02-15 00:00:00,ETHUSD,exit,long,1.0,0.0,2808.75,0.0,-0.8942607948645122,,,,,,,,,,,2024-02-15 00:00:00
2024-02-15 12:00:00,ETHUSD,entry,short,0.0,-1.0,2795.0,-1.0,2.114154556639836,,,,,,,,,,,2024-02-15 12:00:00
2024-02-16 00:00:00,ETHUSD,exit,short,-1.0,0.0,2827.15,0.0,0.13974489128952736,,,,,,,,,,,2024-02-16 00:00:00
2024-02-19 16:30:00,ETHUSD,entry,short,0.0,-1.0,2897.45,-1.0,1.8706049931749922,,,,,,,,,,,2024-02-19 16:30:00
2024-02-20 04:30:00,ETHUSD,exit,short,-1.0,0.0,2924.3500000000004,0.0,-1.7171015021849456,,,,,,,,,,,2024-02-20 04:30:00
2024-02-25 16:00:00,ETHUSD,entry,short,0.0,-1.0,3041.05,-1.0,4.0,,,,,,,,,,,2024-02-25 16:00:00
2024-02-26 04:00:00,ETHUSD,exit,short,-1.0,0.0,3099.8500000000004,0.0,4.0,,,,,,,,,,,2024-02-26 04:00:00
2024-02-26 18:30:00,ETHUSD,entry,short,0.0,-1.0,3137.65,-1.0,4.0,,,,,,,,,,,2024-02-26 18:30:00
2024-02-27 06:30:00,ETHUSD,exit,short,-1.0,0.0,3232.05,0.0,0.25161393297374185,,,,,,,,,,,2024-02-27 06:30:00
2024-02-28 04:00:00,ETHUSD,entry,short,0.0,-1.0,3266.25,-1.0,4.0,,,,,,,,,,,2024-02-28 04:00:00
2024-02-28 16:00:00,ETHUSD,exit,short,-1.0,0.0,3381.65,0.0,1.6644181730135141,,,,,,,,,,,2024-02-28 16:00:00
2024-02-29 11:30:00,ETHUSD,entry,short,0.0,-1.0,3513.7,-1.0,-4.0,,,,,,,,,,,2024-02-29 11:30:00
2024-02-29 23:30:00,ETHUSD,exit,short,-1.0,0.0,3340.85,0.0,2.165317950211702,,,,,,,,,,,2024-02-29 23:30:00
2024-03-04 23:00:00,ETHUSD,entry,long,0.0,1.0,3624.55,1.0,4.0,,,,,,,,,,,2024-03-04 23:00:00
2024-03-05 11:30:00,ETHUSD,exit,long,1.0,0.0,3732.15,0.0,-4.0,,,,,,,,,,,2024-03-05 11:30:00
2024-03-07 00:30:00,ETHUSD,entry,short,0.0,-1.0,3839.85,-1.0,-1.2956438263372996,,,,,,,,,,,2024-03-07 00:30:00
2024-03-07 12:30:00,ETHUSD,exit,short,-1.0,0.0,3781.7,0.0,3.2623580220032458,,,,,,,,,,,2024-03-07 12:30:00
2024-03-08 14:00:00,ETHUSD,entry,long,0.0,1.0,3966.65,1.0,-1.3935666503625144,,,,,,,,,,,2024-03-08 14:00:00
2024-03-09 02:00:00,ETHUSD,exit,long,1.0,0.0,3924.55,0.0,0.04335152648386221,,,,,,,,,,,2024-03-09 02:00:00
2024-03-12 00:30:00,ETHUSD,entry,short,0.0,-1.0,4058.95,-1.0,-1.495891915987433,,,,,,,,,,,2024-03-12 00:30:00
2024-03-12 12:30:00,ETHUSD,exit,short,-1.0,0.0,4022.55,0.0,-1.7515547437947048,,,,,,,,,,,2024-03-12 12:30:00
2024-03-13 08:00:00,ETHUSD,entry,long,0.0,1.0,4077.15,1.0,-2.8082350552665973,,,,,,,,,,,2024-03-13 08:00:00
2024-03-13 20:00:00,ETHUSD,exit,long,1.0,0.0,4002.6,0.0,-0.850292643000014,,,,,,,,,,,2024-03-13 20:00:00
2024-03-14 11:00:00,ETHUSD,entry,long,0.0,1.0,3956.4,1.0,-3.0742452550627744,,,,,,,,,,,2024-03-14 11:00:00
2024-03-14 23:00:00,ETHUSD,exit,long,1.0,0.0,3882.05,0.0,-4.0,,,,,,,,,,,2024-03-14 23:00:00
2024-03-16 18:00:00,ETHUSD,entry,long,0.0,1.0,3599.85,1.0,-2.403597773861891,,,,,,,,,,,2024-03-16 18:00:00
2024-03-17 06:00:00,ETHUSD,exit,long,1.0,0.0,3519.75,0.0,3.163411549755067,,,,,,,,,,,2024-03-17 06:00:00
2024-03-21 00:30:00,ETHUSD,entry,long,0.0,1.0,3517.1,1.0,0.5398753346186812,,,,,,,,,,,2024-03-21 00:30:00
2024-03-21 12:30:00,ETHUSD,exit,long,1.0,0.0,3542.65,0.0,-1.160076708043615,,,,,,,,,,,2024-03-21 12:30:00
2024-03-26 14:30:00,ETHUSD,entry,long,0.0,1.0,3593.45,1.0,1.0467363670389942,,,,,,,,,,,2024-03-26 14:30:00
2024-03-27 02:30:00,ETHUSD,exit,long,1.0,0.0,3618.55,0.0,-2.8420182463986094,,,,,,,,,,,2024-03-27 02:30:00
2024-04-01 14:30:00,ETHUSD,entry,long,0.0,1.0,3508.4,1.0,-4.0,,,,,,,,,,,2024-04-01 14:30:00
2024-04-02 02:30:00,ETHUSD,exit,long,1.0,0.0,3372.05,0.0,-4.0,,,,,,,,,,,2024-04-02 02:30:00
2024-04-03 09:30:00,ETHUSD,entry,short,0.0,-1.0,3347.1,-1.0,-1.197521019849646,,,,,,,,,,,2024-04-03 09:30:00
2024-04-03 21:30:00,ETHUSD,exit,short,-1.0,0.0,3318.35,0.0,0.8175989854127886,,,,,,,,,,,2024-04-03 21:30:00
2024-04-08 08:00:00,ETHUSD,entry,long,0.0,1.0,3560.85,1.0,4.0,,,,,,,,,,,2024-04-08 08:00:00
2024-04-08 20:00:00,ETHUSD,exit,long,1.0,0.0,3685.85,0.0,-3.7796596965677205,,,,,,,,,,,2024-04-08 20:00:00
2024-04-09 12:00:00,ETHUSD,entry,long,0.0,1.0,3627.7,1.0,-4.0,,,,,,,,,,,2024-04-09 12:00:00
2024-04-10 00:00:00,ETHUSD,exit,long,1.0,0.0,3517.15,0.0,0.017428133261730854,,,,,,,,,,,2024-04-10 00:00:00
2024-04-13 11:00:00,ETHUSD,entry,short,0.0,-1.0,3277.15,-1.0,-4.0,,,,,,,,,,,2024-04-13 11:00:00
2024-04-13 23:00:00,ETHUSD,exit,short,-1.0,0.0,3028.25,0.0,0.002518212003909658,,,,,,,,,,,2024-04-13 23:00:00
2024-04-14 22:00:00,ETHUSD,entry,short,0.0,-1.0,3155.85,-1.0,2.557870785268294,,,,,,,,,,,2024-04-14 22:00:00
2024-04-15 10:00:00,ETHUSD,exit,short,-1.0,0.0,3255.45,0.0,-4.0,,,,,,,,,,,2024-04-15 10:00:00
2024-04-16 04:00:00,ETHUSD,entry,long,0.0,1.0,3035.95,1.0,-0.5303178865879424,,,,,,,,,,,2024-04-16 04:00:00
2024-04-16 16:00:00,ETHUSD,exit,long,1.0,0.0,3017.45,0.0,2.276358892075254,,,,,,,,,,,2024-04-16 16:00:00
2024-04-27 12:00:00,ETHUSD,entry,long,0.0,1.0,3132.35,1.0,4.0,,,,,,,,,,,2024-04-27 12:00:00
2024-04-28 00:00:00,ETHUSD,exit,long,1.0,0.0,3259.75,0.0,1.6881529958023238,,,,,,,,,,,2024-04-28 00:00:00
2024-05-02 08:00:00,ETHUSD,entry,short,0.0,-1.0,2942.05,-1.0,1.8097884857152415,,,,,,,,,,,2024-05-02 08:00:00
2024-05-02 20:00:00,ETHUSD,exit,short,-1.0,0.0,2988.3,0.0,-0.39335071710341024,,,,,,,,,,,2024-05-02 20:00:00
2024-05-13 14:30:00,ETHUSD,entry,long,0.0,1.0,2951.95,1.0,-0.1908011028178868,,,,,,,,,,,2024-05-13 14:30:00
2024-05-14 02:30:00,ETHUSD,exit,long,1.0,0.0,2949.25,0.0,-4.0,,,,,,,,,,,2024-05-14 02:30:00
2024-05-16 06:00:00,ETHUSD,entry,short,0.0,-1.0,3018.05,-1.0,-4.0,,,,,,,,,,,2024-05-16 06:00:00
2024-05-16 18:00:00,ETHUSD,exit,short,-1.0,0.0,2948.85,0.0,-0.4599753932160156,,,,,,,,,,,2024-05-16 18:00:00
2024-05-17 07:30:00,ETHUSD,entry,long,0.0,1.0,3024.8,1.0,4.0,,,,,,,,,,,2024-05-17 07:30:00
2024-05-17 19:30:00,ETHUSD,exit,long,1.0,0.0,3085.25,0.0,1.1193422960431134,,,,,,,,,,,2024-05-17 19:30:00
2024-05-22 07:00:00,ETHUSD,entry,short,0.0,-1.0,3744.75,-1.0,-0.1979107607256223,,,,,,,,,,,2024-05-22 07:00:00
2024-05-22 19:00:00,ETHUSD,exit,short,-1.0,0.0,3738.85,0.0,1.5514102190167232,,,,,,,,,,,2024-05-22 19:00:00
2024-05-23 11:00:00,ETHUSD,entry,short,0.0,-1.0,3874.35,-1.0,-3.642889646397162,,,,,,,,,,,2024-05-23 11:00:00
2024-05-23 23:00:00,ETHUSD,exit,short,-1.0,0.0,3770.25,0.0,-1.4720034624124327,,,,,,,,,,,2024-05-23 23:00:00
2024-05-28 09:30:00,ETHUSD,entry,short,0.0,-1.0,3880.0,-1.0,-1.8061263386864526,,,,,,,,,,,2024-05-28 09:30:00
2024-05-28 21:30:00,ETHUSD,exit,short,-1.0,0.0,3839.85,0.0,-1.4543017086261067,,,,,,,,,,,2024-05-28 21:30:00
2024-05-30 12:00:00,ETHUSD,entry,long,0.0,1.0,3752.85,1.0,-0.21926116883345384,,,,,,,,,,,2024-05-30 12:00:00
2024-05-31 00:00:00,ETHUSD,exit,long,1.0,0.0,3748.25,0.0,3.330902270446001,,,,,,,,,,,2024-05-31 00:00:00
2024-06-05 23:30:00,ETHUSD,entry,long,0.0,1.0,3865.95,1.0,-1.0794510066569754,,,,,,,,,,,2024-06-05 23:30:00
2024-06-06 11:30:00,ETHUSD,exit,long,1.0,0.0,3849.75,0.0,-2.900788872615585,,,,,,,,,,,2024-06-06 11:30:00
2024-06-08 14:30:00,ETHUSD,entry,long,0.0,1.0,3695.95,1.0,-1.9892186399195217,,,,,,,,,,,2024-06-08 14:30:00
2024-06-09 02:30:00,ETHUSD,exit,long,1.0,0.0,3668.55,0.0,2.142053392283754,,,,,,,,,,,2024-06-09 02:30:00
2024-06-10 15:30:00,ETHUSD,entry,short,0.0,-1.0,3702.25,-1.0,-4.0,,,,,,,,,,,2024-06-10 15:30:00
2024-06-11 03:30:00,ETHUSD,exit,short,-1.0,0.0,3595.4,0.0,-4.0,,,,,,,,,,,2024-06-11 03:30:00
2024-06-17 20:00:00,ETHUSD,entry,long,0.0,1.0,3530.1000000000004,1.0,-4.0,,,,,,,,,,,2024-06-17 20:00:00
2024-06-18 08:00:00,ETHUSD,exit,long,1.0,0.0,3442.25,0.0,-0.9180233157907943,,,,,,,,,,,2024-06-18 08:00:00
2024-06-19 10:30:00,ETHUSD,entry,short,0.0,-1.0,3560.1000000000004,-1.0,-0.13859909782950997,,,,,,,,,,,2024-06-19 10:30:00
2024-06-19 22:30:00,ETHUSD,exit,short,-1.0,0.0,3557.05,0.0,2.3723565051146513,,,,,,,,,,,2024-06-19 22:30:00
2024-06-24 05:30:00,ETHUSD,entry,short,0.0,-1.0,3370.25,-1.0,-4.0,,,,,,,,,,,2024-06-24 05:30:00
2024-06-24 17:30:00,ETHUSD,exit,short,-1.0,0.0,3293.3,0.0,4.0,,,,,,,,,,,2024-06-24 17:30:00
2024-06-25 07:00:00,ETHUSD,entry,long,0.0,1.0,3360.25,1.0,2.788853457619013,,,,,,,,,,,2024-06-25 07:00:00
2024-06-25 19:00:00,ETHUSD,exit,long,1.0,0.0,3416.05,-1.0,-1.3224772017722133,,,,,,,,,,,2024-06-25 19:00:00
2024-06-25 19:00:00,ETHUSD,entry,short,0.0,-1.0,3416.05,-1.0,-1.3224772017722133,,,,,,,,,,,2024-06-25 19:00:00
2024-06-26 07:00:00,ETHUSD,exit,short,-1.0,0.0,3390.15,0.0,-0.7889379829835586,,,,,,,,,,,2024-06-26 07:00:00
2024-07-01 02:30:00,ETHUSD,entry,short,0.0,-1.0,3497.85,-1.0,-2.529708338379359,,,,,,,,,,,2024-07-01 02:30:00
2024-07-01 14:30:00,ETHUSD,exit,short,-1.0,0.0,3466.75,0.0,-1.5456423170243843,,,,,,,,,,,2024-07-01 14:30:00
2024-07-02 13:30:00,ETHUSD,entry,long,0.0,1.0,3435.7,1.0,-3.907430596470095,,,,,,,,,,,2024-07-02 13:30:00
2024-07-03 01:30:00,ETHUSD,exit,long,1.0,0.0,3391.7,0.0,-4.0,,,,,,,,,,,2024-07-03 01:30:00
2024-07-06 07:00:00,ETHUSD,entry,short,0.0,-1.0,3009.65,-1.0,1.6994259281158315,,,,,,,,,,,2024-07-06 07:00:00
2024-07-06 19:00:00,ETHUSD,exit,short,-1.0,0.0,3052.65,0.0,-2.20800476429908,,,,,,,,,,,2024-07-06 19:00:00
2024-07-15 03:00:00,ETHUSD,entry,long,0.0,1.0,3323.3,1.0,3.204873515815866,,,,,,,,,,,2024-07-15 03:00:00
2024-07-15 15:00:00,ETHUSD,exit,long,1.0,0.0,3374.45,-1.0,4.0,,,,,,,,,,,2024-07-15 15:00:00
2024-07-15 15:00:00,ETHUSD,entry,short,0.0,-1.0,3374.45,-1.0,4.0,,,,,,,,,,,2024-07-15 15:00:00
2024-07-16 03:00:00,ETHUSD,exit,short,-1.0,0.0,3464.65,0.0,-0.8808045968124285,,,,,,,,,,,2024-07-16 03:00:00
2024-07-21 19:30:00,ETHUSD,entry,short,0.0,-1.0,3491.75,-1.0,-0.7949585798082662,,,,,,,,,,,2024-07-21 19:30:00
2024-07-22 07:30:00,ETHUSD,exit,short,-1.0,0.0,3479.35,0.0,1.1558010812031534,,,,,,,,,,,2024-07-22 07:30:00
2024-07-26 19:30:00,ETHUSD,entry,short,0.0,-1.0,3274.6000000000004,-1.0,-0.09956273087262364,,,,,,,,,,,2024-07-26 19:30:00
2024-07-27 07:30:00,ETHUSD,exit,short,-1.0,0.0,3272.6000000000004,0.0,-0.640795682610295,,,,,,,,,,,2024-07-27 07:30:00
2024-07-27 20:00:00,ETHUSD,entry,long,0.0,1.0,3230.05,1.0,-0.4570145105860379,,,,,,,,,,,2024-07-27 20:00:00
2024-07-28 08:00:00,ETHUSD,exit,long,1.0,0.0,3221.65,0.0,2.626812907663431,,,,,,,,,,,2024-07-28 08:00:00
2024-08-03 12:00:00,ETHUSD,entry,short,0.0,-1.0,3011.75,-1.0,-4.0,,,,,,,,,,,2024-08-03 12:00:00
2024-08-04 00:00:00,ETHUSD,exit,short,-1.0,0.0,2903.15,0.0,0.5426080199749954,,,,,,,,,,,2024-08-04 00:00:00
2024-08-04 17:00:00,ETHUSD,entry,short,0.0,-1.0,2737.15,-1.0,-4.0,,,,,,,,,,,2024-08-04 17:00:00
2024-08-05 05:00:00,ETHUSD,exit,short,-1.0,0.0,2345.3,0.0,2.6617753818341674,,,,,,,,,,,2024-08-05 05:00:00
2024-08-06 08:00:00,ETHUSD,entry,short,0.0,-1.0,2485.5,-1.0,0.1412115630182292,,,,,,,,,,,2024-08-06 08:00:00
2024-08-06 20:00:00,ETHUSD,exit,short,-1.0,0.0,2491.65,0.0,0.6958734891701579,,,,,,,,,,,2024-08-06 20:00:00
2024-08-07 10:30:00,ETHUSD,entry,short,0.0,-1.0,2509.2,-1.0,-4.0,,,,,,,,,,,2024-08-07 10:30:00
2024-08-07 22:30:00,ETHUSD,exit,short,-1.0,0.0,2356.45,0.0,2.72093803141499,,,,,,,,,,,2024-08-07 22:30:00
2024-08-15 21:30:00,ETHUSD,entry,long,0.0,1.0,2572.45,1.0,2.5086922679514743,,,,,,,,,,,2024-08-15 21:30:00
2024-08-16 09:30:00,ETHUSD,exit,long,1.0,0.0,2626.15,0.0,-1.3084652580288347,,,,,,,,,,,2024-08-16 09:30:00
2024-08-21 13:30:00,ETHUSD,entry,long,0.0,1.0,2594.2,1.0,2.5465337698146078,,,,,,,,,,,2024-08-21 13:30:00
2024-08-22 01:30:00,ETHUSD,exit,long,1.0,0.0,2628.25,0.0,-0.5219084928878006,,,,,,,,,,,2024-08-22 01:30:00
2024-08-24 20:00:00,ETHUSD,entry,long,0.0,1.0,2806.15,1.0,-3.7123883600534526,,,,,,,,,,,2024-08-24 20:00:00
2024-08-25 08:00:00,ETHUSD,exit,long,1.0,0.0,2752.05,0.0,1.065833549240829,,,,,,,,,,,2024-08-25 08:00:00
2024-08-29 11:00:00,ETHUSD,entry,short,0.0,-1.0,2554.85,-1.0,-1.4762012778524014,,,,,,,,,,,2024-08-29 11:00:00
2024-08-29 23:00:00,ETHUSD,exit,short,-1.0,0.0,2527.75,0.0,-0.7390366937507443,,,,,,,,,,,2024-08-29 23:00:00
2024-09-02 05:00:00,ETHUSD,entry,long,0.0,1.0,2448.35,1.0,4.0,,,,,,,,,,,2024-09-02 05:00:00
2024-09-02 17:00:00,ETHUSD,exit,long,1.0,0.0,2520.45,0.0,0.2182091904086829,,,,,,,,,,,2024-09-02 17:00:00
2024-09-03 14:30:00,ETHUSD,entry,short,0.0,-1.0,2446.05,-1.0,-4.0,,,,,,,,,,,2024-09-03 14:30:00
2024-09-04 02:30:00,ETHUSD,exit,short,-1.0,0.0,2364.35,0.0,4.0,,,,,,,,,,,2024-09-04 02:30:00
2024-09-05 02:00:00,ETHUSD,entry,short,0.0,-1.0,2451.7,-1.0,-3.5680983396299384,,,,,,,,,,,2024-09-05 02:00:00
2024-09-05 14:00:00,ETHUSD,exit,short,-1.0,0.0,2398.25,0.0,0.47105691220045603,,,,,,,,,,,2024-09-05 14:00:00
2024-09-07 15:00:00,ETHUSD,entry,short,0.0,-1.0,2309.95,-1.0,-1.6768027470623268,,,,,,,,,,,2024-09-07 15:00:00
2024-09-08 03:00:00,ETHUSD,exit,short,-1.0,0.0,2282.85,0.0,-1.5900818219173607,,,,,,,,,,,2024-09-08 03:00:00
2024-09-16 03:00:00,ETHUSD,entry,long,0.0,1.0,2272.65,1.0,1.687629016444359,,,,,,,,,,,2024-09-16 03:00:00
2024-09-16 15:00:00,ETHUSD,exit,long,1.0,0.0,2293.2,0.0,-0.7025422165682288,,,,,,,,,,,2024-09-16 15:00:00
2024-09-17 09:30:00,ETHUSD,entry,short,0.0,-1.0,2313.85,-1.0,2.9075224102477364,,,,,,,,,,,2024-09-17 09:30:00
2024-09-17 21:30:00,ETHUSD,exit,short,-1.0,0.0,2347.75,0.0,-3.7333207103051538,,,,,,,,,,,2024-09-17 21:30:00
