Date,equity
2020-01-02,1.0
2020-01-03,1.0
2020-01-06,1.0
2020-01-07,1.0
2020-01-08,1.0
2020-01-09,1.0
2020-01-10,1.0
2020-01-13,1.0
2020-01-14,1.0
2020-01-15,1.0
2020-01-16,1.0
2020-01-17,1.0
2020-01-21,1.0
2020-01-22,1.0
2020-01-23,1.0
2020-01-24,1.0
2020-01-27,1.0
2020-01-28,1.0
2020-01-29,1.0
2020-01-30,1.0
2020-01-31,1.0
2020-02-03,1.0
2020-02-04,1.0
2020-02-05,1.0
2020-02-06,1.0
2020-02-07,1.0
2020-02-10,1.0
2020-02-11,1.0
2020-02-12,1.0
2020-02-13,1.0
2020-02-14,1.0
2020-02-18,1.0
2020-02-19,1.0
2020-02-20,1.0
2020-02-21,1.0
2020-02-24,1.0
2020-02-25,1.0
2020-02-26,1.0
2020-02-27,1.0
2020-02-28,1.0
2020-03-02,1.0
2020-03-03,1.0
2020-03-04,1.0
2020-03-05,1.0
2020-03-06,1.0
2020-03-09,1.0
2020-03-10,1.0
2020-03-11,1.0
2020-03-12,1.0
2020-03-13,0.9995589179628461
2020-03-16,0.9936786750750239
2020-03-17,0.9846862882337557
2020-03-18,0.9752860689722667
2020-03-19,0.9604109066432671
2020-03-20,0.959149841163576
2020-03-23,0.9638825514470001
2020-03-24,0.9656138856876869
2020-03-25,0.9721788090968182
2020-03-26,0.9823809320706404
2020-03-27,0.9864758345483582
2020-03-30,0.9813599009597176
2020-03-31,0.9807113697614989
2020-04-01,0.9756096004594551
2020-04-02,0.9711207518767169
2020-04-03,0.9689417486229904
2020-04-06,0.967436826704891
2020-04-07,0.9608155781983398
2020-04-08,0.9634757726581633
2020-04-09,0.9588965108194907
2020-04-13,0.9601759879518855
2020-04-14,0.9553748395055541
2020-04-15,0.9591166902965721
2020-04-16,0.9640802696826635
2020-04-17,0.9625475290212281
2020-04-20,0.9630597279548172
2020-04-21,0.9638441688675206
2020-04-22,0.9665633934842216
2020-04-23,0.9693880768739517
2020-04-24,0.9681615793544123
2020-04-27,0.9646559532756394
2020-04-28,0.9642402639414105
2020-04-29,0.9602543757819966
2020-04-30,0.9511080854722741
2020-05-01,0.9483503032936381
2020-05-04,0.9568351369016405
2020-05-05,0.9631556840435718
2020-05-06,0.9684165453024679
2020-05-07,0.9656564373237321
2020-05-08,0.9636586469534862
2020-05-11,0.9681543116497258
2020-05-12,0.9622190362988822
2020-05-13,0.9676172050764056
2020-05-14,0.9723714142287121
2020-05-15,0.9674842992546155
2020-05-18,0.9610422860652019
2020-05-19,0.9466644765692409
2020-05-20,0.9415935447352233
2020-05-21,0.945569800246231
2020-05-22,0.9544376506137099
2020-05-26,0.9413628729626607
2020-05-27,0.9405393426600951
2020-05-28,0.9512117515841564
2020-05-29,0.9520655058137495
2020-06-01,0.955793357905278
2020-06-02,0.9599628420233397
2020-06-03,0.9674642234311371
2020-06-04,0.9805124510922469
2020-06-05,0.9739326180779039
2020-06-08,0.9750726982177974
2020-06-09,0.9794453599427788
2020-06-10,0.9847497146854822
2020-06-11,0.9742432126335803
2020-06-12,0.9669664266665716
2020-06-15,0.9714213369946196
2020-06-16,0.9717676284938934
2020-06-17,0.9676364168161318
2020-06-18,0.9652529792890484
2020-06-19,0.9628799525737605
2020-06-22,0.9703773822563121
2020-06-23,0.9756992443869682
2020-06-24,0.9697981770345446
2020-06-25,0.9650683911479796
2020-06-26,0.9662918894206198
2020-06-29,0.9671216369844524
2020-06-30,0.9670586993952273
2020-07-01,0.968166805837233
2020-07-02,0.9659406055007924
2020-07-06,0.977752220586193
2020-07-07,0.9738941625377672
2020-07-08,0.9801553018575513
2020-07-09,0.9750978337724783
2020-07-10,0.9753396830725678
2020-07-13,0.9839580744526274
2020-07-14,0.9900538216320234
2020-07-15,0.9917363869058781
2020-07-16,0.9875425161292117
2020-07-17,0.9962771673063675
2020-07-20,0.9967740663019591
2020-07-21,1.0099685903121989
2020-07-22,1.0155745640140617
2020-07-23,1.0212923460430534
2020-07-24,1.0255824001467564
2020-07-27,1.0447577343233325
2020-07-28,1.0405419553331965
2020-07-29,1.0466112879583596
2020-07-30,1.0569909038150207
2020-07-31,1.0499407628311885
2020-08-03,1.0458891007168036
2020-08-04,1.0488872077724882
2020-08-05,1.0604166485563822
2020-08-06,1.062227288685301
2020-08-07,1.0479314253277963
2020-08-10,1.042871218057929
2020-08-11,1.0430584183116127
2020-08-12,1.0479310494834835
2020-08-13,1.0496837724477972
2020-08-14,1.0546574002673825
2020-08-17,1.0593882038107787
2020-08-18,1.0687041129295922
2020-08-19,1.0573134454422677
2020-08-20,1.0568179436595542
2020-08-21,1.0487913714138357
2020-08-24,1.0491800943118506
2020-08-25,1.054508451508503
2020-08-26,1.0520646456867835
2020-08-27,1.05314978471424
2020-08-28,1.062424264620407
2020-08-31,1.0686212327160824
2020-09-01,1.0649491781621634
2020-09-02,1.0532937808906642
2020-09-03,1.0573530051501419
2020-09-04,1.0565403815591907
2020-09-08,1.04613895129396
2020-09-09,1.0498307367239401
2020-09-10,1.052180037016148
2020-09-11,1.0528825771218804
2020-09-14,1.0600525649634729
2020-09-15,1.057318181390878
2020-09-16,1.0494492848383667
2020-09-17,1.0552086669121987
2020-09-18,1.0572127648260576
2020-09-21,1.0419776107972858
2020-09-22,1.0348081053241347
2020-09-23,1.028138670611706
2020-09-24,1.0291793838564218
2020-09-25,1.0230515817088282
2020-09-28,1.0286929056429053
2020-09-29,1.0390170330605697
2020-09-30,1.0346881243736932
2020-10-01,1.0308322295848766
2020-10-02,1.0356383245840353
2020-10-05,1.0265268208621
2020-10-06,1.0296045190728818
2020-10-07,1.02759446383966
2020-10-08,1.0291014096539544
2020-10-09,1.0193840259809896
2020-10-12,1.0214461931033783
2020-10-13,1.0304907445174267
2020-10-14,1.0296534679094547
2020-10-15,1.037268775293108
2020-10-16,1.034318706357848
2020-10-19,1.0253932345776804
2020-10-20,1.0180759038900382
2020-10-21,1.0129874187981747
2020-10-22,1.01950737626489
2020-10-23,1.0136418319995306
2020-10-26,1.0203282692185434
2020-10-27,1.020415382632752
2020-10-28,1.0299723327554142
2020-10-29,1.04199431197073
2020-10-30,1.0458004424851897
2020-11-02,1.0476026149094997
2020-11-03,1.0363024456700285
2020-11-04,1.0337526123418812
2020-11-05,1.0182465251193278
2020-11-06,1.0131130538206046
2020-11-09,1.0192045709205513
2020-11-10,1.0214217993297405
2020-11-11,1.0248488704764207
2020-11-12,1.0287865068322382
2020-11-13,1.0319692857342146
2020-11-16,1.0319418283398094
2020-11-17,1.0369134025451345
2020-11-18,1.0366412812753634
2020-11-19,1.0382167891686527
2020-11-20,1.0357594989675694
2020-11-23,1.0335394111310667
2020-11-24,1.0391360241667145
2020-11-25,1.043795619072652
2020-11-27,1.0493539464444184
2020-11-30,1.0476964869605077
2020-12-01,1.0643110805773717
2020-12-02,1.0721141693500094
2020-12-03,1.0788735890867376
2020-12-04,1.0779209691820473
2020-12-07,1.0744043471763056
2020-12-08,1.0715569130081088
2020-12-09,1.0651985488553668
2020-12-10,1.0768003041068548
2020-12-11,1.0724897460056784
2020-12-14,1.076735475129834
2020-12-15,1.0839932097890197
2020-12-16,1.0853385909154152
2020-12-17,1.1046169475454395
2020-12-18,1.1008060221303373
2020-12-21,1.1021487056762784
2020-12-22,1.0869394453892094
2020-12-23,1.0891147405298338
2020-12-24,1.08949143959277
2020-12-28,1.0927590028921401
2020-12-29,1.0995163238964385
2020-12-30,1.1043221207123686
2020-12-31,1.0935060689332814
2021-01-04,1.097546587601498
2021-01-05,1.10592179534944
2021-01-06,1.1066367858913162
2021-01-07,1.099823463979521
2021-01-08,1.0914663392136164
2021-01-11,1.0832288495254403
2021-01-12,1.0890190603080563
2021-01-13,1.0819177315764639
2021-01-14,1.0819018273554548
2021-01-15,1.072829566159351
2021-01-19,1.0781780776728462
2021-01-20,1.075005918486599
2021-01-21,1.08330869344762
2021-01-22,1.0844521705537435
2021-01-25,1.079340355180667
2021-01-26,1.0838484355729496
2021-01-27,1.0727873177604692
2021-01-28,1.0777282580502547
2021-01-29,1.0776242610835298
2021-02-01,1.06674960538786
2021-02-02,1.0588924569796028
2021-02-03,1.0597318779355154
2021-02-04,1.047111528413102
2021-02-05,1.0341137877662356
2021-02-08,1.0323350533246043
2021-02-09,1.0230810621656168
2021-02-10,1.0214934205869268
2021-02-11,1.0213972378852483
2021-02-12,1.0270578404065767
2021-02-16,1.02274347247003
2021-02-17,1.0347610610905427
2021-02-18,1.027675714916256
2021-02-19,1.0234613737223277
2021-02-22,1.0161213426746796
2021-02-23,1.0194559760362323
2021-02-24,1.0188314347856786
2021-02-25,1.013893936239462
2021-02-26,1.029170431273589
2021-03-01,1.0331776695985158
2021-03-02,1.0283867058461156
2021-03-03,1.0308701561838758
2021-03-04,1.0444851056763376
2021-03-05,1.0510212204048726
2021-03-08,1.0580973315129367
2021-03-09,1.0523392866127246
2021-03-10,1.0495894363605243
2021-03-11,1.0414418827390017
2021-03-12,1.0457553766746783
2021-03-15,1.048928548350854
2021-03-16,1.0503938841028304
2021-03-17,1.0408216310002272
2021-03-18,1.0490213274315978
2021-03-19,1.0497768223906798
2021-03-22,1.045417119299591
2021-03-23,1.0573095492083062
2021-03-24,1.061163967245999
2021-03-25,1.0670125882910049
2021-03-26,1.0652549540634053
2021-03-29,1.0689722184216737
2021-03-30,1.075601721009537
2021-03-31,1.074650043276125
2021-04-01,1.0679819762407696
2021-04-05,1.0619188736725849
2021-04-06,1.053276298832135
2021-04-07,1.0539785985935919
2021-04-08,1.0464859095819377
2021-04-09,1.0485123115477062
2021-04-12,1.048200724720401
2021-04-13,1.0419688320813825
2021-04-14,1.038337687691824
2021-04-15,1.0378291221804825
2021-04-16,1.037206172998929
2021-04-19,1.0305841214597955
2021-04-20,1.0273648540104072
2021-04-21,1.0273923093688517
2021-04-22,1.03193134551061
2021-04-23,1.0143501601756095
2021-04-26,1.014439689614751
2021-04-27,1.0154572904063897
2021-04-28,1.0078387886940856
2021-04-29,1.0052665523956963
2021-04-30,0.9821801158737216
2021-05-03,0.9891650751105409
2021-05-04,0.9803603205439588
2021-05-05,0.9783549511975287
2021-05-06,0.9867504767926791
2021-05-07,1.0033711332874202
2021-05-10,1.0007218186599753
2021-05-11,1.0015148326148744
2021-05-12,0.991630647695041
2021-05-13,0.9911278548157253
2021-05-14,0.9994170593602982
2021-05-17,0.9989252796941329
2021-05-18,1.0105747181738303
2021-05-19,1.0040078724173565
2021-05-20,1.0091300196342954
2021-05-21,1.0048580150537174
2021-05-24,1.00843380752778
2021-05-25,1.0132332675578446
2021-05-26,1.006056242259818
2021-05-27,1.0066547544301714
2021-05-28,1.006799251265336
2021-06-01,1.010052621231334
2021-06-02,1.0078870098578723
2021-06-03,0.9968514872165188
2021-06-04,1.0014170651586154
2021-06-07,1.0047979347719236
2021-06-08,1.0027599327049599
2021-06-09,1.0026941339412632
2021-06-10,1.0015196158528623
2021-06-11,0.9916585878550443
2021-06-14,0.9941792353310701
2021-06-15,0.9957662353799699
2021-06-16,0.9808573781687565
2021-06-17,0.9659681807973761
2021-06-18,0.9610806642590717
2021-06-21,0.9658772877781227
2021-06-22,0.9691971059076974
2021-06-23,0.9682224180455834
2021-06-24,0.9668376349984454
2021-06-25,0.9669026621674608
2021-06-28,0.9679746837955991
2021-06-29,0.9708581138509359
2021-06-30,0.9784742127279162
2021-07-01,0.9793830726372171
2021-07-02,0.9789810835542861
2021-07-06,0.982157381504471
2021-07-07,0.9850176036418596
2021-07-08,0.979725639770303
2021-07-09,0.974060184344666
2021-07-12,0.9767745607102551
2021-07-13,0.9884227378994866
2021-07-14,0.9812634303419271
2021-07-15,0.9844448043360882
2021-07-16,0.9839885573898162
2021-07-19,0.9819903481296376
2021-07-20,0.988208375880913
2021-07-21,0.9844195457719773
2021-07-22,0.9905437932908068
2021-07-23,0.9907526925882203
2021-07-26,0.9843933817823244
2021-07-27,0.9800549002204475
2021-07-28,0.9770210175165878
2021-07-29,0.9670239469545806
2021-07-30,0.9737471222741289
2021-08-02,0.9706310125005178
2021-08-03,0.9724877734485751
2021-08-04,0.9771130614093525
2021-08-05,0.9777444897454522
2021-08-06,0.9930124018165929
2021-08-09,0.9960668362995402
2021-08-10,0.999365362077738
2021-08-11,0.9960090023644737
2021-08-12,0.9979565394163061
2021-08-13,0.9834833514739203
2021-08-16,0.9860555234801961
2021-08-17,0.9984326817038071
2021-08-18,0.9981506549282639
2021-08-19,1.0050043142044454
2021-08-20,1.00115858029544
2021-08-23,0.9919130784028445
2021-08-24,0.990798203160157
2021-08-25,0.988056918598241
2021-08-26,0.9914942831297082
2021-08-27,0.9836315059146652
2021-08-30,0.9820534897356746
2021-08-31,0.9805619851730553
2021-09-01,0.9747072011766748
2021-09-02,0.9700032051228321
2021-09-03,0.9671577451084563
2021-09-07,0.9759948847689777
2021-09-08,0.9799289096726134
2021-09-09,0.9790798170845336
2021-09-10,0.9819946750689026
2021-09-13,0.9839458277839253
2021-09-14,0.9815411478265902
2021-09-15,0.9814231152911459
2021-09-16,0.9947159862953739
2021-09-17,0.9975048713602297
2021-09-20,0.9963426622461012
2021-09-21,0.9964395998734141
2021-09-22,0.9879782138071723
2021-09-23,1.0008707281623581
2021-09-24,0.9938723467145167
2021-09-27,0.9900405390583907
2021-09-28,0.9847515485297328
2021-09-29,0.9643163227647067
2021-09-30,0.9677402336976487
2021-10-01,0.9649396706997801
2021-10-04,0.9590197482247952
2021-10-05,0.9647940782768343
2021-10-06,0.9751396204787172
2021-10-07,0.9749218014327904
2021-10-08,0.9694140371343166
2021-10-11,0.9729722560487856
2021-10-12,0.9790929189975562
2021-10-13,0.9666158530414694
2021-10-14,0.9649659752368904
2021-10-15,0.9638509225862425
2021-10-18,0.96450045788333
2021-10-19,0.9565652897235121
2021-10-20,0.9536818122532481
2021-10-21,0.9595063319301648
2021-10-22,0.9570665474106124
2021-10-25,0.961575634178444
2021-10-26,0.9644875728915141
2021-10-27,0.9620175444914805
2021-10-28,0.9452260348245901
2021-10-29,0.9687909998820066
2021-11-01,0.9619441879818125
2021-11-02,0.9653908243100738
2021-11-03,0.9613525022491589
2021-11-04,0.9696524056718667
2021-11-05,0.9700534052044384
2021-11-08,0.9646963043946638
2021-11-09,0.9640832456342802
2021-11-10,0.9791347203068937
2021-11-11,0.9840404321674903
2021-11-12,0.9842277422909524
2021-11-15,0.984857314444021
2021-11-16,0.9996262129534359
2021-11-17,0.9998590140928081
2021-11-18,0.9931826892589753
2021-11-19,1.002529571811385
2021-11-22,1.008983115210382
2021-11-23,1.0069630025132357
2021-11-24,1.0127166230445737
2021-11-26,1.0011550240995641
2021-11-29,1.004215550099676
2021-11-30,0.9984867545455071
2021-12-01,0.9991589196722854
2021-12-02,1.0015650224695338
2021-12-03,0.9999003219760364
2021-12-06,1.0037065468574566
2021-12-07,1.0057737352515193
2021-12-08,0.9952233396447163
2021-12-09,1.0019089240475745
2021-12-10,0.9992683747632969
2021-12-13,1.0032144251116415
2021-12-14,1.0039582918179566
2021-12-15,1.0022763115459512
2021-12-16,0.995540983486464
2021-12-17,1.0045420290766143
2021-12-20,1.0020438729318892
2021-12-21,1.0013649432366265
2021-12-22,0.9944793048243034
2021-12-23,0.9939279283632521
2021-12-27,0.9954398931251254
2021-12-28,0.9990288131482866
2021-12-29,0.9926260365282564
2021-12-30,0.9954033623396609
2021-12-31,0.9862640999150574
2022-01-03,0.99961683727263
2022-01-04,1.0009122853925232
2022-01-05,0.9978483046353652
2022-01-06,1.001093007644872
2022-01-07,0.98935721220374
2022-01-10,0.9952614134321697
2022-01-11,0.9887615653108603
2022-01-12,0.9770841491164012
2022-01-13,0.9756344746749315
2022-01-14,0.979579025344706
2022-01-18,0.9913859758007109
2022-01-19,0.9946132007501661
2022-01-20,0.9894885608202791
2022-01-21,0.993074084643545
2022-01-24,0.9903576999188649
2022-01-25,0.9882371230001272
2022-01-26,0.9816731920835111
2022-01-27,0.9673395547185266
2022-01-28,0.9677929987612981
2022-01-31,0.9788790791156253
2022-02-01,0.9797530150973638
2022-02-02,0.9862340671092774
2022-02-03,0.9996152993292307
2022-02-04,1.0010591500959836
2022-02-07,1.000586850937565
2022-02-08,0.9974078512781487
2022-02-09,0.9993333589704275
2022-02-10,1.0010463278017394
2022-02-11,0.9883480391271507
2022-02-14,0.9849067086934338
2022-02-15,0.9912714515566646
2022-02-16,0.9944022535065118
2022-02-17,0.9915762236728766
2022-02-18,0.9882615617647366
2022-02-22,0.9885214078754484
2022-02-23,0.9856257331117376
2022-02-24,0.9727944731578856
2022-02-25,0.9800920740441447
2022-02-28,0.9759249448286741
2022-03-01,0.9659102704569489
2022-03-02,0.9658596818333177
2022-03-03,0.9581422856947318
2022-03-04,0.9729856776805799
2022-03-07,0.979794059652223
2022-03-08,0.9734746691717908
2022-03-09,0.9563069721999151
2022-03-10,0.9636188919356388
2022-03-11,0.969892155899021
2022-03-14,0.965620933271228
2022-03-15,0.966213841151208
2022-03-16,0.9613165799959048
2022-03-17,0.9537711134247554
2022-03-18,0.9576486365588804
2022-03-21,0.9602052001543696
2022-03-22,0.9597215517460328
2022-03-23,0.9607987699459001
2022-03-24,0.9615236883324196
2022-03-25,0.9624486116998793
2022-03-28,0.9622445960746087
2022-03-29,0.9542675187245044
2022-03-30,0.9485490995820157
2022-03-31,0.9556993600428512
2022-04-01,0.9579760276499214
2022-04-04,0.9637434533568385
2022-04-05,0.969565986582329
2022-04-06,0.969854145177421
2022-04-07,0.9719979568215105
2022-04-08,0.9715821843339719
2022-04-11,0.9708702949584733
2022-04-12,0.9781211477666909
2022-04-13,0.9718248024098164
2022-04-14,0.9780670324229045
2022-04-18,0.9818862693491743
2022-04-19,0.9821475331833145
2022-04-20,0.9752867932783341
2022-04-21,0.9757913990602789
2022-04-22,0.9824240173215149
2022-04-25,0.9920075974132299
2022-04-26,0.9999448509559082
2022-04-27,1.0102085460485455
2022-04-28,1.0179195957848897
2022-04-29,1.0078459202607313
2022-05-02,1.0190024012030892
2022-05-03,1.0142908153878039
2022-05-04,1.001853608106393
2022-05-05,1.0143546262119518
2022-05-06,1.0107165976186607
2022-05-09,1.0086943124414594
2022-05-10,1.0126449174243297
2022-05-11,1.0126932192058176
2022-05-12,1.0312263563716766
2022-05-13,1.0276081071737266
2022-05-16,1.0271969374356231
2022-05-17,1.0121963415013218
2022-05-18,1.018244187476036
2022-05-19,1.0075127859925834
2022-05-20,1.0117138641956904
2022-05-23,1.0001918623807848
2022-05-24,0.9979258862080416
2022-05-25,1.000636657505929
2022-05-26,0.9983226142338445
2022-05-27,0.9974525837403048
2022-05-31,0.9971733058046681
2022-06-01,1.0035781567281636
2022-06-02,0.9972354847987585
2022-06-03,0.9986315823437127
2022-06-06,1.0011349269431329
2022-06-07,0.9998434703541837
2022-06-08,0.9991955349384527
2022-06-09,1.0064708291373223
2022-06-10,1.0148803116366716
2022-06-13,1.022760772915915
2022-06-14,1.0225481724935785
2022-06-15,1.0215188034228173
2022-06-16,1.0073433290719782
2022-06-17,1.0144763904819032
2022-06-21,1.011055513716571
2022-06-22,1.0078962519818973
2022-06-23,1.0126693156005566
2022-06-24,1.0099193693053197
2022-06-27,1.0064994174792212
2022-06-28,1.0126106897126737
2022-06-29,1.0207649553101321
2022-06-30,1.0171842613196618
2022-07-01,1.0226824762208793
2022-07-05,1.0396480391901712
2022-07-06,1.0472391486202939
2022-07-07,1.049615655140948
2022-07-08,1.0481499993127443
2022-07-11,1.0587208461213717
2022-07-12,1.0604468238690181
2022-07-13,1.058689513936654
2022-07-14,1.062143749144023
2022-07-15,1.0572294113864187
2022-07-18,1.0484619406242954
2022-07-19,1.0401678796546803
2022-07-20,1.0456885227759236
2022-07-21,1.0443828836419216
2022-07-22,1.0441795519853019
2022-07-25,1.041653491712203
2022-07-26,1.0517659831211277
2022-07-27,1.0442923397842983
2022-07-28,1.0464670859550178
2022-07-29,1.0422723718220435
2022-08-01,1.039044585914109
2022-08-02,1.0469277790824405
2022-08-03,1.048989232808741
2022-08-04,1.0381862906227328
2022-08-05,1.0461293800187175
2022-08-08,1.0450364442332014
2022-08-09,1.0430354484835334
2022-08-10,1.0317890156943212
2022-08-11,1.0298767189975486
2022-08-12,1.036316424789763
2022-08-15,1.0441651447661877
2022-08-16,1.044245401461652
2022-08-17,1.0424701685868023
2022-08-18,1.0537288997678644
2022-08-19,1.0602043601527293
2022-08-22,1.0712670145810084
2022-08-23,1.0683066574984634
2022-08-24,1.0681670326607375
2022-08-25,1.0675835208496616
2022-08-26,1.0682688493350858
2022-08-29,1.0651699889266422
2022-08-30,1.061702202389843
2022-08-31,1.0588965523702636
2022-09-01,1.0713129744847192
2022-09-02,1.0687301466483357
2022-09-06,1.0760894722786523
2022-09-07,1.066847165059609
2022-09-08,1.0658919220858973
2022-09-09,1.0591134541203675
2022-09-12,1.0498677180895095
2022-09-13,1.0667353839957312
2022-09-14,1.0664595169743059
2022-09-15,1.0652479740825858
2022-09-16,1.0641720028264114
2022-09-19,1.0657261618200171
2022-09-20,1.0657892002232183
2022-09-21,1.0740020409885827
2022-09-22,1.0840702757519074
2022-09-23,1.1039362512411826
2022-09-26,1.1106037694825586
2022-09-27,1.1120161572995295
2022-09-28,1.096132888563702
2022-09-29,1.0919553115423313
2022-09-30,1.0905086628293184
2022-10-03,1.0896958281266538
2022-10-04,1.0724874981466384
2022-10-05,1.081066428684566
2022-10-06,1.089448886544729
2022-10-07,1.0939921728668507
2022-10-10,1.0966138643096022
2022-10-11,1.0963388718675997
2022-10-12,1.0973133690740435
2022-10-13,1.0896008923425782
2022-10-14,1.094915589678011
2022-10-17,1.0886837129582199
2022-10-18,1.083026740640745
2022-10-19,1.0896280384985286
2022-10-20,1.0884031030051637
2022-10-21,1.0835519192231435
2022-10-24,1.0809943673773703
2022-10-25,1.0737192447953092
2022-10-26,1.063409453605805
2022-10-27,1.0738655165666255
2022-10-28,1.0744382331593971
2022-10-31,1.0800570685527824
2022-11-01,1.0804423394473375
2022-11-02,1.0801824730495861
2022-11-03,1.0936929661063575
2022-11-04,1.074799167921382
2022-11-07,1.0685784432812586
2022-11-08,1.0648526530587055
2022-11-09,1.0699883008096296
2022-11-10,1.0837033492630184
2022-11-11,1.0966615873055996
2022-11-14,1.094388985864569
2022-11-15,1.0984515256953085
2022-11-16,1.1002863455709833
2022-11-17,1.0981462753509958
2022-11-18,1.0955307104826058
2022-11-21,1.089189426597527
2022-11-22,1.0929139039572304
2022-11-23,1.1000553131867197
2022-11-25,1.100171651746325
2022-11-28,1.0951869470535553
2022-11-29,1.0943189671079225
2022-11-30,1.1006217520837471
2022-12-01,1.108039457095675
2022-12-02,1.1091396428135432
2022-12-05,1.105709723600437
2022-12-06,1.1030360600649862
2022-12-07,1.1073317617956453
2022-12-08,1.1110886496836987
2022-12-09,1.1097224532165249
2022-12-12,1.1071667285649514
2022-12-13,1.1209547828048427
2022-12-14,1.1241280583252988
2022-12-15,1.1196429921471238
2022-12-16,1.1161709432551106
2022-12-19,1.1170841626725048
2022-12-20,1.1213696499627328
2022-12-21,1.1201379703348815
2022-12-22,1.1172233053084568
2022-12-23,1.120784133597437
2022-12-27,1.123447887407029
2022-12-28,1.1194360933465028
2022-12-29,1.1277919132759011
2022-12-30,1.1311163566992042
2023-01-03,1.106716583379325
2023-01-04,1.1119675448215174
2023-01-05,1.1010996567655296
2023-01-06,1.1161247869630144
2023-01-09,1.1285253203187846
2023-01-10,1.1271595428202603
2023-01-11,1.1296556071901716
2023-01-12,1.1391122631527795
2023-01-13,1.1369582241033565
2023-01-17,1.134746095890605
2023-01-18,1.1349790554396857
2023-01-19,1.1389908694556263
2023-01-20,1.1416575422842181
2023-01-23,1.142021729811428
2023-01-24,1.145133329329856
2023-01-25,1.1488326401940165
2023-01-26,1.1453007442748309
2023-01-27,1.1428597844770283
2023-01-30,1.1399785237244637
2023-01-31,1.1419475270068875
2023-02-01,1.1557928362163938
2023-02-02,1.1456910403709482
2023-02-03,1.1319876673507208
2023-02-06,1.121965629270777
2023-02-07,1.1211908954684704
2023-02-08,1.1216840335670926
2023-02-09,1.1233754936605107
2023-02-10,1.1140907781396965
2023-02-13,1.1184407824859905
2023-02-14,1.1261368624487578
2023-02-15,1.117817639718961
2023-02-16,1.1186980205426253
2023-02-17,1.1195961336878018
2023-02-21,1.1126411553714863
2023-02-22,1.1058814740274006
2023-02-23,1.1049042248609129
2023-02-24,1.0985765309911157
2023-02-27,1.1065075592503462
2023-02-28,1.1016658688723753
2023-03-01,1.091974444486417
2023-03-02,1.1003661979088335
2023-03-03,1.0942130621506536
2023-03-06,1.088739654524892
2023-03-07,1.1070381940918066
2023-03-08,1.1077903583655548
2023-03-09,1.103954473858355
2023-03-10,1.0950081702898138
2023-03-13,1.0854754060353706
2023-03-14,1.0802087592088243
2023-03-15,1.0986484576410134
2023-03-16,1.0963216558277231
2023-03-17,1.0888096572162569
2023-03-20,1.0846435619812023
2023-03-21,1.0804440585997606
2023-03-22,1.068529603714898
2023-03-23,1.07251948547951
2023-03-24,1.0803680843230117
2023-03-27,1.0771164468586167
2023-03-28,1.0726828624210756
2023-03-29,1.0726255626936392
2023-03-30,1.0670263161117255
2023-03-31,1.0719403071894453
2023-04-03,1.0670390161312038
2023-04-04,1.072369366350923
2023-04-05,1.0673001357807
2023-04-06,1.0695999078811345
2023-04-10,1.0619116500723584
2023-04-11,1.0667677184092912
2023-04-12,1.0757232981373475
2023-04-13,1.080718632651282
2023-04-14,1.0744869965363086
2023-04-17,1.0655974090204252
2023-04-18,1.0729182267287976
2023-04-19,1.0706668961645947
2023-04-20,1.0717822908579775
2023-04-21,1.073133937341436
2023-04-24,1.0818766761453116
2023-04-25,1.071761964891505
2023-04-26,1.0799677170446
2023-04-27,1.0781158423678288
2023-04-28,1.0769363676003703
2023-05-01,1.0709752466140279
2023-05-02,1.0747300240483373
2023-05-03,1.0822209609390807
2023-05-04,1.076215195065768
2023-05-05,1.0775358965977648
2023-05-08,1.0747780877482684
2023-05-09,1.0694354388715992
2023-05-10,1.0706354199379216
2023-05-11,1.061957495557592
2023-05-12,1.0525183928537898
2023-05-15,1.0560539020925048
2023-05-16,1.0574024021797386
2023-05-17,1.0525394837312447
2023-05-18,1.041128521347317
2023-05-19,1.0470970447295291
2023-05-22,1.0484636788452466
2023-05-23,1.0417130828075
2023-05-24,1.037366305189926
2023-05-25,1.0318782894370653
2023-05-26,1.0314947311637275
2023-05-30,1.0334702847536492
2023-05-31,1.0417337768715607
2023-06-01,1.0259865984152787
2023-06-02,1.0343217558713236
2023-06-05,1.0339878651445178
2023-06-06,1.0373783543241404
2023-06-07,1.0362133074978854
2023-06-08,1.0235258829764953
2023-06-09,1.0279700538455663
2023-06-12,1.0270954585701038
2023-06-13,1.0217697160060955
2023-06-14,1.0149584215178655
2023-06-15,0.9978382381535932
2023-06-16,0.9989243901609369
2023-06-20,1.0002053069145094
2023-06-21,0.9909810807968628
2023-06-22,0.994607873718419
2023-06-23,1.0036307500052124
2023-06-26,1.0007411390068215
2023-06-27,0.9949860291098792
2023-06-28,0.999725859546398
2023-06-29,1.0069313009627285
2023-06-30,1.0015263675184847
2023-07-03,1.0014955209281493
2023-07-05,1.009528442423625
2023-07-06,1.0046942804161878
2023-07-07,1.0159368400549489
2023-07-10,1.0197414565764986
2023-07-11,1.0196639043110551
2023-07-12,1.0376536165658086
2023-07-13,1.0470672517723272
2023-07-14,1.0482933559823504
2023-07-17,1.0471770285507587
2023-07-18,1.04941198570344
2023-07-19,1.0461141000585985
2023-07-20,1.0367235804765627
2023-07-21,1.036485744735164
2023-07-24,1.030089545700526
2023-07-25,1.02699186888256
2023-07-26,1.0336816043749208
2023-07-27,1.018085853616394
2023-07-28,1.0231946742605962
2023-07-31,1.0205381154093898
2023-08-01,1.0178210046083862
2023-08-02,1.0145937202105124
2023-08-03,1.014433364655514
2023-08-04,1.0213396145156515
2023-08-07,1.0210099436923057
2023-08-08,1.0157996088383308
2023-08-09,1.0172975206921306
2023-08-10,1.0190856366275054
2023-08-11,1.0133521540724084
2023-08-14,1.0062436062268723
2023-08-15,1.009237999877127
2023-08-16,1.0059015717137796
2023-08-17,1.002464657565769
2023-08-18,1.003840434390246
2023-08-21,1.00102835366698
2023-08-22,1.0076750467355224
2023-08-23,1.0067159381191082
2023-08-24,1.0142610179166764
2023-08-25,1.0145491538176457
2023-08-28,1.0138283136532302
2023-08-29,1.001418572501295
2023-08-30,0.9919972586922232
2023-08-31,1.0058797884440784
2023-09-01,1.0163513929968333
2023-09-05,1.0259200632808814
2023-09-06,1.0253403979682578
2023-09-07,1.030680534096252
2023-09-08,1.0302560708396613
2023-09-11,1.0223384209892663
2023-09-12,1.0243770758598922
2023-09-13,1.0244457887314689
2023-09-14,1.0408477540147008
2023-09-15,1.0369824221113133
2023-09-18,1.0363095835059264
2023-09-19,1.0328062755220007
2023-09-20,1.0316871966043863
2023-09-21,1.0354318606062303
2023-09-22,1.037670284842132
2023-09-25,1.0471131083285072
2023-09-26,1.0502949828640595
2023-09-27,1.0592751006393786
2023-09-28,1.0519566920404058
2023-09-29,1.048186528493878
2023-10-02,1.062594512627544
2023-10-03,1.0654554183952087
2023-10-04,1.060746138105876
2023-10-05,1.053096585452878
2023-10-06,1.0464585656419334
2023-10-09,1.0509723951286976
2023-10-10,1.0454496115393057
2023-10-11,1.0443078113993367
2023-10-12,1.056743147878438
2023-10-13,1.0591418221821134
2023-10-16,1.0561118397665732
2023-10-17,1.0481101056332465
2023-10-18,1.0533573066186013
2023-10-19,1.0464042737146022
2023-10-20,1.044849946620251
2023-10-23,1.032695805282753
2023-10-24,1.0448311144785307
2023-10-25,1.0477561561669964
2023-10-26,1.0486942375237283
2023-10-27,1.0477855367814706
2023-10-30,1.0407570909337511
2023-10-31,1.0461726488079224
2023-11-01,1.0520629223527647
2023-11-02,1.040084392028557
2023-11-03,1.0251327789505362
2023-11-06,1.0265720112210148
2023-11-07,1.030169908572002
2023-11-08,1.02949826159668
2023-11-09,1.0337952302125617
2023-11-10,1.0321587517395867
2023-11-13,1.0310212315157727
2023-11-14,1.0590922742249502
2023-11-15,1.0556071717855722
2023-11-16,1.0563768770649606
2023-11-17,1.0606859063866498
2023-11-20,1.0650613824096142
2023-11-21,1.0619158101885973
2023-11-22,1.058627694374367
2023-11-24,1.0643112213863757
2023-11-27,1.0658575630902032
2023-11-28,1.0694643163736448
2023-11-29,1.0685202543802368
2023-11-30,1.0584764088104224
2023-12-01,1.056670586915359
2023-12-04,1.0520519117686937
2023-12-05,1.047271624287425
2023-12-06,1.045527314801347
2023-12-07,1.0485934475003877
2023-12-08,1.0443625643507695
2023-12-11,1.044625414148236
2023-12-12,1.0475681806370796
2023-12-13,1.0575239948838815
2023-12-14,1.0726679045702
2023-12-15,1.0599102617049934
2023-12-18,1.062294572108474
2023-12-19,1.0710383987741745
2023-12-20,1.0671968241846628
2023-12-21,1.0735642639125325
2023-12-22,1.0754192196216403
2023-12-26,1.0789863934936255
2023-12-27,1.085715852454048
2023-12-28,1.0809656052260617
2023-12-29,1.0779170534525377
2024-01-02,1.0655515711248638
2024-01-03,1.0620326336552215
2024-01-04,1.0655595036998304
2024-01-05,1.065250474703673
2024-01-08,1.0671522428194595
2024-01-09,1.062576476445113
2024-01-10,1.0681842557938603
2024-01-11,1.069344881416062
2024-01-12,1.0697804446378913
2024-01-16,1.056617261239496
2024-01-17,1.0566787105311064
2024-01-18,1.054613990043612
2024-01-19,1.0589876490747216
2024-01-22,1.0576456125482858
2024-01-23,1.0512708102871466
2024-01-24,1.058246054381923
2024-01-25,1.0497300181103058
2024-01-26,1.0531283505683928
2024-01-29,1.0464522088895247
2024-01-30,1.0490295387351234
2024-01-31,1.0499524383457612
2024-02-01,1.0441768657482313
2024-02-02,1.0586139190722041
2024-02-05,1.0670537562413365
2024-02-06,1.065966987437732
2024-02-07,1.0622908638560074
2024-02-08,1.0620000884620122
2024-02-09,1.060784894428276
2024-02-12,1.0632110250732192
2024-02-13,1.0750419663802178
2024-02-14,1.0699185966634148
2024-02-15,1.062513205551525
2024-02-16,1.0624017482181942
2024-02-20,1.0536475565776389
2024-02-21,1.0519244513107018
2024-02-22,1.0511941365912945
2024-02-23,1.050960077210756
2024-02-26,1.046689199329432
2024-02-27,1.0470276604886752
2024-02-28,1.0492690707427896
2024-02-29,1.0558269668150615
2024-03-01,1.048165573740149
2024-03-04,1.0452895050314772
2024-03-05,1.0459512500949943
2024-03-06,1.0350103820155578
2024-03-07,1.0234618203843655
2024-03-08,1.0246697129360463
2024-03-11,1.0286078166336063
2024-03-12,1.0287016577726613
2024-03-13,1.0225883667272972
2024-03-14,1.0383770160292367
2024-03-15,1.0393425713350486
2024-03-18,1.039458559169271
2024-03-19,1.0355561591845743
2024-03-20,1.0481207046413488
2024-03-21,1.0356867202504614
2024-03-22,1.0234268779286457
2024-03-25,1.0292244779917352
2024-03-26,1.0285724871706965
2024-03-27,1.0262439745681404
2024-03-28,1.019632608789086
2024-04-01,1.0102798078133985
2024-04-02,1.0150767091759896
2024-04-03,1.0277013655356284
2024-04-04,1.029958863188254
2024-04-05,1.0272135087353025
2024-04-08,1.031086958790452
2024-04-09,1.0302971365173164
2024-04-10,1.009421226265907
2024-04-11,1.007763673830303
2024-04-12,0.9935361597519949
2024-04-15,0.994648213764932
2024-04-16,0.9931750154580541
2024-04-17,0.9877400263758978
2024-04-18,0.9912499102185085
2024-04-19,0.9905317284199355
2024-04-22,0.9893621491740511
2024-04-23,0.9828008516560207
2024-04-24,0.9843777599560223
2024-04-25,0.9795574230183568
2024-04-26,0.9826946399379116
2024-04-29,0.9801293201315194
2024-04-30,0.9870045519638574
2024-05-01,0.9797967564463063
2024-05-02,0.9795712139118928
2024-05-03,0.974143910501942
2024-05-06,0.9730601907979248
2024-05-07,0.9766020194401056
2024-05-08,0.9772582168755204
2024-05-09,0.9707996819578946
2024-05-10,0.9720612390810512
2024-05-13,0.9659459071972039
2024-05-14,0.9582187174001197
2024-05-15,0.945659044182743
2024-05-16,0.9473458346519719
2024-05-17,0.946503879941162
2024-05-20,0.9487977909918427
2024-05-21,0.9514669298040042
2024-05-22,0.9558257935406976
2024-05-23,0.9519689246290103
2024-05-24,0.9613261719561174
2024-05-28,0.9629648331181487
2024-05-29,0.9519814904113112
2024-05-30,0.957769295000038
2024-05-31,0.9589320382109
2024-06-03,0.9704003319796282
2024-06-04,0.9672150747054276
2024-06-05,0.9656804302172041
2024-06-06,0.969170884815346
2024-06-07,0.9506246954009118
2024-06-10,0.943157298056186
2024-06-11,0.939994026248055
2024-06-12,0.9513842484888934
2024-06-13,0.9397386698078223
2024-06-14,0.9335574400774235
2024-06-17,0.9357303175777314
2024-06-18,0.9413303137975702
2024-06-20,0.9369726342040998
2024-06-21,0.9346756225197476
2024-06-24,0.94030032542213
2024-06-25,0.9374812686497742
2024-06-26,0.9321962261042014
2024-06-27,0.9355832167642115
2024-06-28,0.9349755092422384
2024-07-01,0.9325355070859335
2024-07-02,0.9307919179484123
2024-07-03,0.9252554629324501
2024-07-05,0.9165371715015447
2024-07-08,0.9165371715015447
2024-07-09,0.9165371715015447
2024-07-10,0.9165371715015447
2024-07-11,0.9165371715015447
2024-07-12,0.9165371715015447
2024-07-15,0.9165371715015447
2024-07-16,0.9165371715015447
2024-07-17,0.9165371715015447
2024-07-18,0.9165371715015447
2024-07-19,0.9165371715015447
2024-07-22,0.9165371715015447
2024-07-23,0.9165371715015447
2024-07-24,0.9165371715015447
2024-07-25,0.9165371715015447
2024-07-26,0.9165371715015447
2024-07-29,0.9165371715015447
2024-07-30,0.9165371715015447
2024-07-31,0.9165371715015447
2024-08-01,0.9165371715015447
2024-08-02,0.9165371715015447
2024-08-05,0.9165371715015447
2024-08-06,0.9165371715015447
2024-08-07,0.9165371715015447
2024-08-08,0.9165371715015447
2024-08-09,0.9165371715015447
2024-08-12,0.9165371715015447
2024-08-13,0.9165371715015447
2024-08-14,0.9165371715015447
2024-08-15,0.9165371715015447
2024-08-16,0.9165371715015447
2024-08-19,0.9165371715015447
2024-08-20,0.9165371715015447
2024-08-21,0.9165371715015447
2024-08-22,0.9165371715015447
2024-08-23,0.9165371715015447
2024-08-26,0.9165371715015447
2024-08-27,0.9165371715015447
2024-08-28,0.9165371715015447
2024-08-29,0.9165371715015447
2024-08-30,0.9165371715015447
2024-09-03,0.9165371715015447
2024-09-04,0.9157925501201266
2024-09-05,0.9193454322926594
2024-09-06,0.9169213785659459
2024-09-09,0.9110933970197571
2024-09-10,0.9078803126163627
2024-09-11,0.9078803126163627
2024-09-12,0.9078803126163627
2024-09-13,0.9078803126163627
2024-09-16,0.9078803126163627
2024-09-17,0.9078803126163627
2024-09-18,0.9078803126163627
2024-09-19,0.9078803126163627
2024-09-20,0.9078803126163627
2024-09-23,0.9078803126163627
2024-09-24,0.9078803126163627
2024-09-25,0.9078803126163627
2024-09-26,0.9078803126163627
2024-09-27,0.9078803126163627
2024-09-30,0.9078803126163627
2024-10-01,0.9078803126163627
2024-10-02,0.9078803126163627
2024-10-03,0.9078803126163627
2024-10-04,0.9078803126163627
2024-10-07,0.9078803126163627
2024-10-08,0.9078803126163627
2024-10-09,0.9078803126163627
2024-10-10,0.9078803126163627
2024-10-11,0.9078803126163627
2024-10-14,0.9078803126163627
2024-10-15,0.9078803126163627
2024-10-16,0.9078803126163627
2024-10-17,0.9078803126163627
2024-10-18,0.9078803126163627
2024-10-21,0.9078803126163627
2024-10-22,0.9078803126163627
2024-10-23,0.9078803126163627
2024-10-24,0.9078803126163627
2024-10-25,0.9078803126163627
2024-10-28,0.9078803126163627
2024-10-29,0.9078803126163627
2024-10-30,0.9078803126163627
2024-10-31,0.9078803126163627
2024-11-01,0.9078803126163627
2024-11-04,0.9078803126163627
2024-11-05,0.9078803126163627
2024-11-06,0.9078803126163627
2024-11-07,0.9078803126163627
2024-11-08,0.9078803126163627
2024-11-11,0.9078803126163627
2024-11-12,0.9078803126163627
2024-11-13,0.9078803126163627
2024-11-14,0.9078803126163627
2024-11-15,0.9078803126163627
2024-11-18,0.9078803126163627
2024-11-19,0.9078803126163627
2024-11-20,0.9078803126163627
2024-11-21,0.9078803126163627
2024-11-22,0.9078803126163627
2024-11-25,0.9078803126163627
2024-11-26,0.9078803126163627
2024-11-27,0.9078803126163627
2024-11-29,0.9078803126163627
2024-12-02,0.9078803126163627
2024-12-03,0.9078803126163627
2024-12-04,0.9078803126163627
2024-12-05,0.9078803126163627
2024-12-06,0.9078803126163627
2024-12-09,0.9073015303952743
2024-12-10,0.9104136533574686
2024-12-11,0.9144347966749987
2024-12-12,0.9167105580684249
2024-12-13,0.9142623489528972
2024-12-16,0.9146087601313706
2024-12-17,0.9135032568300356
2024-12-18,0.9266534365461558
2024-12-19,0.9283898267913935
2024-12-20,0.9192665488942482
2024-12-23,0.9227518060767222
2024-12-24,0.9253244720133406
2024-12-26,0.9217803227742181
2024-12-27,0.9205835972494262
2024-12-30,0.9251240330442831
2024-12-31,0.9306247206743478
2025-01-02,0.9454447827583315
2025-01-03,0.9389211907638625
2025-01-06,0.928524111415696
2025-01-07,0.9322852169151619
2025-01-08,0.9377626981755497
2025-01-09,0.9392150685587465
2025-01-10,0.9454181737583446
2025-01-13,0.9506233895955102
2025-01-14,0.9376523972808217
2025-01-15,0.9381066613915013
2025-01-16,0.9374497728863942
2025-01-17,0.9399802301747939
2025-01-21,0.9243225150137556
2025-01-22,0.9241623000687784
2025-01-23,0.9239658109754665
2025-01-24,0.9169944000132488
2025-01-27,0.9173177159971769
2025-01-28,0.9226405175926591
2025-01-29,0.9245764945675872
2025-01-30,0.9234539459909553
2025-01-31,0.9284174730187041
2025-02-03,0.9378459079099755
2025-02-04,0.9282793069637291
2025-02-05,0.9259493703743009
2025-02-06,0.9281317485467456
2025-02-07,0.9332639097898626
2025-02-10,0.935750482855517
2025-02-11,0.9308155140104342
2025-02-12,0.927613953115971
2025-02-13,0.9230476401894874
2025-02-14,0.9167245779745808
2025-02-18,0.9196664725620574
2025-02-19,0.9175876972944861
2025-02-20,0.9262562976512776
2025-02-21,0.9218943745254536
2025-02-24,0.9230138704242014
2025-02-25,0.9271380625214852
2025-02-26,0.9249586396914663
2025-02-27,0.914501060919818
2025-02-28,0.9103691289174397
2025-03-03,0.9216344793805754
2025-03-04,0.9342789018817792
2025-03-05,0.9526545683109415
2025-03-06,0.953554511787448
2025-03-07,0.9569302963998824
2025-03-10,0.9557913305667154
2025-03-11,0.9647315880000946
2025-03-12,0.9605304868109692
2025-03-13,0.9577412078483624
2025-03-14,0.9599642498944766
2025-03-17,0.9624415820536795
2025-03-18,0.9665445143084564
2025-03-19,0.9634623510529957
2025-03-20,0.9581145335871576
2025-03-21,0.9557084968704674
2025-03-24,0.9543913520626738
2025-03-25,0.9536319258210071
2025-03-26,0.9499553399441963
2025-03-27,0.95279670261679
2025-03-28,0.9557035139052948
2025-03-31,0.9547768715880772
2025-04-01,0.9520356761186864
2025-04-02,0.9586927430906963
2025-04-03,0.9838061923478885
2025-04-04,0.9738866781313364
2025-04-07,0.9730552433250512
2025-04-08,0.9745323920847752
2025-04-09,0.9755158189903553
2025-04-10,1.0020133145476093
2025-04-11,1.0094880696991475
2025-04-14,1.0115886598058295
2025-04-15,1.0081740018304435
2025-04-16,1.016480977724308
2025-04-17,1.0155051776853112
2025-04-21,1.0266755727703005
2025-04-22,1.0195468712489646
2025-04-23,1.0121717746003198
2025-04-24,1.0157318077409412
2025-04-25,1.015798531766325
2025-04-28,1.0179910444767857
2025-04-29,1.0157572763700464
2025-04-30,1.0134042424153207
2025-05-01,1.0091626788430261
2025-05-02,1.0099860036027601
2025-05-05,1.0109395028724864
2025-05-06,1.0152240534977062
2025-05-07,1.0123946406395805
2025-05-08,1.0040454064315207
2025-05-09,1.0062513883503938
2025-05-12,0.9906581023435332
2025-05-13,0.9984754558082515
2025-05-14,0.9979170379083707
2025-05-15,0.9975690248805886
2025-05-16,0.9953994890819742
2025-05-19,1.0036094474270933
2025-05-20,1.0073462143718839
2025-05-21,1.0129169548693178
2025-05-22,1.0073414406072616
2025-05-23,1.0151490772248843
2025-05-27,1.0129825610159857
2025-05-28,1.0088145842623957
2025-05-29,1.0160831613271148
2025-05-30,1.0145527687780815
2025-06-02,1.0219886160852478
2025-06-03,1.0159837524970956
2025-06-04,1.0198566905288837
2025-06-05,1.0215871580555511
2025-06-06,1.0174844259071512
2025-06-09,1.0203091871226844
2025-06-10,1.0193769750990465
2025-06-11,1.0270445619662727
2025-06-12,1.0379521228723088
2025-06-13,1.0335011727897483
2025-06-16,1.0414352317495819
2025-06-17,1.028390087558622
2025-06-18,1.027960264444689
2025-06-20,1.0333561313638144
2025-06-23,1.0381359750936003
2025-06-24,1.0436245763328542
2025-06-25,1.0477461576550793
2025-06-26,1.0543216686733208
2025-06-27,1.0517497000446585
2025-06-30,1.0608590792149666
2025-07-01,1.061252010995505
2025-07-02,1.0632347632772776
2025-07-03,1.056296763802994
2025-07-04,1.0597461207308723
2025-07-07,1.0523621739958418
2025-07-08,1.0529912702342634
2025-07-09,1.051347987333528
2025-07-10,1.0484372496291734
2025-07-11,1.0479983612945227
2025-07-14,1.0472257306171282
2025-07-15,1.0393480823534014
2025-07-16,1.0425500571632087
2025-07-17,1.0346764529917831
2025-07-18,1.0406197753373254
2025-07-21,1.0523232031025915
2025-07-22,1.0609830886818687
2025-07-23,1.064662333013934
2025-07-24,1.0633210769212893
2025-07-25,1.0598447122058907
2025-07-28,1.033577333750959
2025-07-29,1.0274640487553888
2025-07-30,1.010789515448581
2025-07-31,1.0106668086499677
2025-08-01,1.022163008106126
2025-08-04,1.0262263179642905
2025-08-05,1.027202574020613
2025-08-06,1.0366246153186085
2025-08-07,1.0322561729055795
2025-08-08,1.0356522027081767
2025-08-11,1.031097364044195
2025-08-12,1.0366662205856785
2025-08-13,1.0397999552447066
2025-08-14,1.0336104402102808
2025-08-15,1.0395839480951035
2025-08-18,1.0361016347890808
2025-08-19,1.0372340435755247
2025-08-20,1.0365202930226438
2025-08-21,1.0413657791361
2025-08-22,1.0300311239666138
2025-08-25,1.0395415777493835
2025-08-26,1.0372079975351918
2025-08-27,1.0385056913027475
2025-08-28,1.0321147496180996
2025-08-29,1.0309343581258665
2025-09-02,1.0390476504765327
2025-09-03,1.0357985749567236
2025-09-04,1.0380965347470175
2025-09-05,1.0291639068658651
2025-09-08,1.0224935631040115
2025-09-09,1.0159218679280855
2025-09-10,1.0156129835648364
2025-09-11,1.0190756885073864
2025-09-12,1.0196452275931538
2025-09-15,1.0209935201942937
2025-09-16,1.0380508572683167
2025-09-17,1.0342488509632706
2025-09-18,1.0287446346046911
2025-09-19,1.0243762565193655
2025-09-22,1.0295139983091584
2025-09-23,1.0310246164279548
2025-09-24,1.0208930751140932
2025-09-25,1.0100149705184425
2025-09-26,1.0158440622826581
2025-09-29,1.0190371487699343
2025-09-30,1.0199903689924599
2025-10-01,1.0191391330900985
2025-10-02,1.017251409189983
2025-10-03,1.0193479076569203
2025-10-06,1.0158270336392985
2025-10-07,1.0086456114196216
2025-10-08,1.0036059763536742
2025-10-09,0.9938471568717906
2025-10-10,0.997064318888113
2025-10-13,0.9991725486522348
2025-10-14,1.0033972681253251
2025-10-15,1.0076140179967294
2025-10-16,1.0138235165263514
2025-10-17,1.0169552301200329
2025-10-20,1.0201956865961064
2025-10-21,1.0265463968628248
2025-10-22,1.0259585984435955
2025-10-23,1.0248698042393865
2025-10-24,1.02335050376551
2025-10-27,1.018823300608808
2025-10-28,1.0167065943119233
2025-10-29,1.0296730147567552
2025-10-30,1.035043298533303
2025-10-31,1.0428280833261152
2025-11-03,1.0438972646722886
2025-11-04,1.0510996902937177
2025-11-05,1.0500565760951792
2025-11-06,1.039345529038292
2025-11-07,1.036619577454621
2025-11-10,1.0362198267823441
2025-11-11,1.031868108539785
2025-11-12,1.0314401016269121
2025-11-13,1.021716915918675
2025-11-14,1.025518380067083
2025-11-17,1.0324535351019593
2025-11-18,1.0288092305638579
2025-11-19,1.0425990635891187
2025-11-20,1.0396642074049571
2025-11-21,1.0444962977928594
2025-11-24,1.0418726154908613
2025-11-25,1.0310966014852756
2025-11-26,1.0292119869049614
2025-11-28,1.0281127532941916
2025-12-01,1.0268489437929262
2025-12-02,1.0244247278374723
2025-12-03,1.0136012969319157
2025-12-04,1.0182823356848192
2025-12-05,1.0202526673324308
2025-12-08,1.021130197582725
2025-12-09,1.0237611125353123
2025-12-10,1.012877186036179
2025-12-11,0.9980745853065672
2025-12-12,0.9977495577627855
2025-12-15,1.002399601917044
2025-12-16,1.0049928934127503
2025-12-17,1.0020891401847762
2025-12-18,0.9976167694859843
2025-12-19,0.997137882072916
2025-12-22,1.0041377930737634
2025-12-23,1.0119542020308647
2025-12-24,1.0085912663705867
2025-12-26,1.0083280233096255
2025-12-29,1.0060136732739389
2025-12-30,1.000302201005045
2025-12-31,0.998239330267072
2026-01-02,0.9939580799022779
2026-01-05,0.9948475619236474
2026-01-06,0.9851281691040492
2026-01-07,0.9830317909753642
2026-01-08,0.9746345471368959
2026-01-09,0.9709140589099955
2026-01-12,0.9800340247162193
2026-01-13,0.9741104048426273
2026-01-14,0.9707225172692446
2026-01-15,0.9643349312703315
2026-01-16,0.9680693130369751
2026-01-20,0.9922532784058237
2026-01-21,0.9879588080811978
2026-01-22,0.9980951331050224
2026-01-23,1.0106119263228983
2026-01-26,1.022303482032319
2026-01-27,1.0382892012531997
2026-01-28,1.032598335902978
2026-01-29,1.034016332417964
2026-01-30,1.024143401442735
