feature,bucket,row_count,cumulative_return,annualized_return,annualized_vol,sharpe,sortino,calmar,max_drawdown,profit_factor,hit_rate,annualization_mode,metric_scope,avg_turnover,total_turnover,gross_pnl,net_pnl,total_cost,cost_drag,cost_to_gross_pnl,gross_return_sum,net_return_sum,cost_return_sum,conventional_sharpe,return_over_vol_sharpe,sharpe_legacy_alias,bar_return_profit_factor,profit_factor_scope,bankrupt,bankruptcy_time,drawdown_guard_trigger_count,liquidate_at_end,terminal_open_exposure,terminal_liquidation_turnover,trade_count,trade_rate
atr_pct_rank_192,low,13584.0,0.0,0.0,0.0,0.0,0.0,0.0,0.0,0.0,0.0,fixed_periods,bar_returns,0.0,0.0,0.0,0.0,0.0,0.0,0.0,0.0,0.0,0.0,0.0,0.0,return_over_vol_sharpe,0.0,bar_returns,False,,0.0,False,0.0,0.0,0.0,0.0
atr_pct_rank_192,medium,21669.0,0.8630236279417123,0.6537855651252582,0.2990209333075874,2.1864207227684047,2.811899698205735,4.166379623601023,-0.15691934585648437,1.1069928291126643,0.48986250291307387,fixed_periods,bar_returns,0.015782915686003044,342.0,0.9278412222674823,0.8630236279417123,0.034199999999999994,0.06481759432577006,0.06985849816778689,0.711426548650807,0.677226548650807,0.034199999999999994,1.8311655722318712,2.1864207227684047,return_over_vol_sharpe,1.1069928291126643,bar_returns,False,,0.0,False,0.0,0.0,342.0,0.015782915686003044
atr_pct_rank_192,high,8547.0,0.0,0.0,0.0,0.0,0.0,0.0,0.0,0.0,0.0,fixed_periods,bar_returns,0.0,0.0,0.0,0.0,0.0,0.0,0.0,0.0,0.0,0.0,0.0,0.0,return_over_vol_sharpe,0.0,bar_returns,False,,0.0,False,0.0,0.0,0.0,0.0
bollinger_bandwidth_rank_192,low,22514.0,0.2959094923759322,0.2234990456008068,0.16309999860589958,1.370319114108947,2.2008646109850485,1.5433893624922144,-0.14481053908516506,1.1604634460238687,0.4882943143812709,fixed_periods,bar_returns,0.004264013502709425,96.0,0.3084146878170311,0.2959094923759322,0.009600000000000001,0.012505195441098849,0.04054669227853906,0.2857821843685744,0.2761821843685744,0.009600000000000001,1.317720016243972,1.370319114108947,return_over_vol_sharpe,1.1604634460238687,bar_returns,False,,0.0,False,0.0,0.0,96.0,0.004264013502709425
bollinger_bandwidth_rank_192,high,21286.0,0.8713231531582684,0.6749397629141833,0.29673039267282686,2.2745892553661258,2.9223989959075745,3.8870337938412507,-0.17363876897174935,1.1155575341801867,0.48934060485870107,fixed_periods,bar_returns,0.015127313727332519,322.0,0.9325781976341574,0.8713231531582684,0.032200000000000006,0.06125504447588903,0.06568354764381792,0.7120197599846676,0.6798197599846677,0.032200000000000006,1.8856965068866942,2.2745892553661258,return_over_vol_sharpe,1.1155575341801867,bar_returns,False,,0.0,False,0.0,0.0,322.0,0.015127313727332519
ema_trend_48_192,negative,21826.0,0.9289742226326114,0.6944745393864213,0.2539322612826955,2.7348810894622115,3.4992158490646426,5.420198991458915,-0.12812712973836682,1.17494798965363,0.4934086629001883,fixed_periods,bar_returns,0.009713186108311189,212.0,0.9703064501292817,0.9289742226326114,0.021200000000000004,0.041332227496670315,0.042597086200100276,0.7180997109783845,0.6968997109783845,0.021200000000000004,2.202989135115568,2.7348810894622115,return_over_vol_sharpe,1.17494798965363,bar_returns,False,,0.0,False,0.0,0.0,212.0,0.009713186108311189
ema_trend_48_192,positive,21974.0,0.38306248552528555,0.29507225796769787,0.21895668909904745,1.347628424515584,1.9470791760308572,2.067272808531008,-0.14273503562278966,1.0969944961173466,0.500990099009901,fixed_periods,bar_returns,0.009192682260853737,202.0,0.4112810005116696,0.38306248552528555,0.020200000000000003,0.028218514986384058,0.06861127781559992,0.3744532384659962,0.35425323846599627,0.020200000000000003,1.2899729200248875,1.347628424515584,return_over_vol_sharpe,1.0969944961173466,bar_returns,False,,0.0,False,0.0,0.0,202.0,0.009192682260853737
range_to_atr,calm,21900.0,0.0,0.0,0.0,0.0,0.0,0.0,0.0,0.0,0.0,fixed_periods,bar_returns,0.0,0.0,0.0,0.0,0.0,0.0,0.0,0.0,0.0,0.0,0.0,0.0,return_over_vol_sharpe,0.0,bar_returns,False,,0.0,False,0.0,0.0,0.0,0.0
range_to_atr,shock,21900.0,1.5875221836821036,1.1394752433298185,0.3721922324913405,3.0615234383117595,3.400293581087862,5.035370772849982,-0.22629420845704362,1.1305175079307965,0.4942312852159914,fixed_periods,bar_returns,0.013515981735159817,296.0,1.6652843065878762,1.5875221836821036,0.0296,0.07776212290577256,0.04669600415865631,1.066573470503471,1.036973470503471,0.0296,2.2288986818715464,3.0615234383117595,return_over_vol_sharpe,1.1305175079307965,bar_returns,False,,0.0,False,0.0,0.0,296.0,0.013515981735159817
