rank,feature,importance,importance_normalized,importance_type,asset,fold
1,atr_48,155337.606716156,0.12683986275562054,gain,asset,0
2,vol_rolling_192,129721.63599538803,0.1059233166644268,gain,asset,0
3,bollinger_bandwidth,108051.78008842468,0.08822894369654821,gain,asset,0
4,ema_trend_48_192,105884.45747804642,0.08645923120863887,gain,asset,0
5,vol_rolling_96,90561.33005094528,0.07394723607154469,gain,asset,0
6,bollinger_bandwidth_rank_192,77045.506483078,0.06291098256784522,gain,asset,0
7,atr_over_price_48,67817.76627635956,0.0553761342712353,gain,asset,0
8,vol_rolling_48,65194.50224161148,0.05323412592455594,gain,asset,0
9,atr_pct_rank_192,63538.87777042389,0.051882237060425274,gain,asset,0
10,vol_rolling_24,42454.02458238602,0.03466554407068463,gain,asset,0
11,mama_minus_fama_over_atr,40836.72624540329,0.0333449501499052,gain,asset,0
12,ret_48,38494.760865688324,0.03143263430043894,gain,asset,0
13,close_over_bb_upper_192,37427.401428222656,0.030561089235331528,gain,asset,0
14,bollinger_percent_b,32594.66467142105,0.02661495101468258,gain,asset,0
15,close_over_bb_mid_192,28755.865370750427,0.023480405641306535,gain,asset,0
16,distance_from_ema96_atr,18849.94268655777,0.015391792070565168,gain,asset,0
17,atr_pct,18252.445807933807,0.014903910071584345,gain,asset,0
18,ret_24,13138.273795127869,0.010727967813131394,gain,asset,0
19,close_over_vwap_32,11952.718686580658,0.009759910879357911,gain,asset,0
20,roofing_filter_over_atr,10425.48030424118,0.008512854799982202,gain,asset,0
21,ret_16,10064.443127155304,0.008218052356714701,gain,asset,0
22,rolling_return_48,9580.616415023804,0.00782298695650933,gain,asset,0
23,ema_alignment_score,6450.315932273865,0.0052669614581806,gain,asset,0
24,close_minus_decycler_over_atr,6411.265992164612,0.005235075496057316,gain,asset,0
25,frama_slope_over_atr,4325.0124769210815,0.0035315594245727525,gain,asset,0
26,distance_from_ema24_atr,3861.9529399871826,0.0031534513195618347,gain,asset,0
27,decycler_slope_over_atr,3563.854293823242,0.002910040904232332,gain,asset,0
28,rolling_return_24,2958.8568019866943,0.002416034330716215,gain,asset,0
29,instantaneous_trendline_slope_over_atr,2704.3567085266113,0.002208224016084838,gain,asset,0
30,ret_4,1863.7485547065735,0.0015218311643099443,gain,asset,0
31,upper_wick_ratio,1327.142761707306,0.0010836693657812234,gain,asset,0
32,lag_close_ret_24,1290.1492395401,0.001053462557695726,gain,asset,0
33,supersmoother_slope_over_atr,1266.9814958572388,0.0010345450946858759,gain,asset,0
34,range_to_atr,1254.1251201629639,0.0010240473088433512,gain,asset,0
35,ret_8,1117.3980436325073,0.0009124037475144473,gain,asset,0
36,lag_close_ret_1,1078.6240787506104,0.0008807431310798337,gain,asset,0
37,lag_close_ret_2,1045.1638474464417,0.0008534214075377221,gain,asset,0
38,close_ret_robust_z_128,995.773663520813,0.0008130921898869777,gain,asset,0
39,lag_close_ret_48,986.6316800117493,0.0008056273656366425,gain,asset,0
40,lag_close_ret_8,962.2559032440186,0.0007857234914548406,gain,asset,0
41,lag_close_ret_16,933.9197225570679,0.000762585776478204,gain,asset,0
42,close_location,862.0580296516418,0.0007039076015133596,gain,asset,0
43,close_ret,835.0188345909119,0.000681828931299312,gain,asset,0
44,lag_close_ret_4,749.6314215660095,0.0006121064218690848,gain,asset,0
45,body_ratio,559.8046588897705,0.00045710467416484586,gain,asset,0
46,dominant_cycle_phase_normalized,535.8633995056152,0.00043755560218749877,gain,asset,0
47,lower_wick_ratio,472.9312152862549,0.00038616875660617766,gain,asset,0
48,ret_1,281.3187198638916,0.0002297088810137545,gain,asset,0
1,atr_48,1203.0,0.1157621247113164,split,asset,0
2,vol_rolling_192,987.0,0.09497690531177828,split,asset,0
3,bollinger_bandwidth,741.0,0.07130484988452655,split,asset,0
4,ema_trend_48_192,726.0,0.06986143187066975,split,asset,0
5,vol_rolling_96,713.0,0.06861046959199384,split,asset,0
6,bollinger_bandwidth_rank_192,573.0,0.055138568129330254,split,asset,0
7,vol_rolling_48,510.0,0.04907621247113164,split,asset,0
8,atr_pct_rank_192,496.0,0.04772902232486528,split,asset,0
9,atr_over_price_48,490.0,0.04715165511932255,split,asset,0
10,vol_rolling_24,436.0,0.04195535026943803,split,asset,0
11,mama_minus_fama_over_atr,396.0,0.03810623556581986,split,asset,0
12,ret_48,304.0,0.029253271747498075,split,asset,0
13,close_over_bb_upper_192,286.0,0.0275211701308699,split,asset,0
14,bollinger_percent_b,239.0,0.022998460354118552,split,asset,0
15,close_over_bb_mid_192,237.0,0.022806004618937645,split,asset,0
16,distance_from_ema96_atr,182.0,0.017513471901462664,split,asset,0
17,ret_24,156.0,0.015011547344110854,split,asset,0
18,roofing_filter_over_atr,152.0,0.014626635873749037,split,asset,0
19,atr_pct,138.0,0.013279445727482679,split,asset,0
20,ret_16,130.0,0.012509622786759045,split,asset,0
21,close_over_vwap_32,115.0,0.011066204772902233,split,asset,0
22,frama_slope_over_atr,91.0,0.008756735950731332,split,asset,0
23,close_minus_decycler_over_atr,80.0,0.007698229407236336,split,asset,0
24,rolling_return_48,77.0,0.007409545804464973,split,asset,0
25,ret_4,68.0,0.006543494996150885,split,asset,0
26,distance_from_ema24_atr,59.0,0.005677444187836798,split,asset,0
27,lag_close_ret_1,52.0,0.0050038491147036184,split,asset,0
28,upper_wick_ratio,50.0,0.00481139337952271,split,asset,0
29,lag_close_ret_2,47.0,0.004522709776751347,split,asset,0
30,lag_close_ret_4,44.0,0.004234026173979984,split,asset,0
31,instantaneous_trendline_slope_over_atr,44.0,0.004234026173979984,split,asset,0
32,supersmoother_slope_over_atr,43.0,0.004137798306389531,split,asset,0
33,lag_close_ret_8,42.0,0.0040415704387990765,split,asset,0
34,lag_close_ret_24,42.0,0.0040415704387990765,split,asset,0
35,range_to_atr,41.0,0.003945342571208622,split,asset,0
36,close_location,40.0,0.003849114703618168,split,asset,0
37,lag_close_ret_48,40.0,0.003849114703618168,split,asset,0
38,decycler_slope_over_atr,40.0,0.003849114703618168,split,asset,0
39,lag_close_ret_16,40.0,0.003849114703618168,split,asset,0
40,ema_alignment_score,40.0,0.003849114703618168,split,asset,0
41,close_ret_robust_z_128,32.0,0.003079291762894534,split,asset,0
42,close_ret,32.0,0.003079291762894534,split,asset,0
43,ret_8,31.0,0.00298306389530408,split,asset,0
44,rolling_return_24,30.0,0.002886836027713626,split,asset,0
45,lower_wick_ratio,25.0,0.002405696689761355,split,asset,0
46,body_ratio,24.0,0.0023094688221709007,split,asset,0
47,dominant_cycle_phase_normalized,17.0,0.0016358737490377213,split,asset,0
48,ret_1,11.0,0.001058506543494996,split,asset,0
1,atr_48,162416.58746480942,0.11968142726131889,gain,asset,1
2,vol_rolling_192,137277.86867380142,0.10115722482983601,gain,asset,1
3,bollinger_bandwidth,131497.9567503929,0.09689812716477686,gain,asset,1
4,vol_rolling_96,114814.86374473572,0.08460470065448898,gain,asset,1
5,ema_trend_48_192,103823.64130496979,0.07650549595211929,gain,asset,1
6,atr_over_price_48,92451.86752843857,0.06812587083308409,gain,asset,1
7,bollinger_bandwidth_rank_192,86273.54932355881,0.06357319581154534,gain,asset,1
8,vol_rolling_48,67064.49246358871,0.049418438731433915,gain,asset,1
9,atr_pct_rank_192,65918.62291431427,0.048574071137870455,gain,asset,1
10,vol_rolling_24,49331.05006599426,0.03635103145777513,gain,asset,1
11,close_over_bb_upper_192,48224.77134895325,0.0355358375304124,gain,asset,1
12,mama_minus_fama_over_atr,47685.903940200806,0.035138757271611414,gain,asset,1
13,ret_48,34557.633748054504,0.025464806238692864,gain,asset,1
14,close_over_bb_mid_192,34346.39038324356,0.025309145368121164,gain,asset,1
15,bollinger_percent_b,29973.499254226685,0.022086852252939843,gain,asset,1
16,atr_pct,19525.457549095154,0.014387906210086579,gain,asset,1
17,distance_from_ema96_atr,18074.671560287476,0.0133188519927712,gain,asset,1
18,ret_24,16061.284205436707,0.011835228453946132,gain,asset,1
19,close_over_vwap_32,13256.276042461395,0.00976827589900914,gain,asset,1
20,roofing_filter_over_atr,11744.025751590729,0.008653929907550845,gain,asset,1
21,rolling_return_48,8882.913480758667,0.00654563539482291,gain,asset,1
22,ema_alignment_score,8588.589991569519,0.0063287544972956125,gain,asset,1
23,ret_16,8562.212553977966,0.006309317508575865,gain,asset,1
24,close_minus_decycler_over_atr,7847.237295150757,0.005782467014001156,gain,asset,1
25,distance_from_ema24_atr,5705.916434288025,0.004204571918107611,gain,asset,1
26,rolling_return_24,4503.571232795715,0.0033185885833907926,gain,asset,1
27,frama_slope_over_atr,4193.768730163574,0.0030903015207028347,gain,asset,1
28,instantaneous_trendline_slope_over_atr,2614.0581092834473,0.0019262454060048108,gain,asset,1
29,ret_8,2538.3334922790527,0.0018704455004448796,gain,asset,1
30,decycler_slope_over_atr,2334.164810180664,0.0017199978173786904,gain,asset,1
31,range_to_atr,1586.8099393844604,0.0011692874558094446,gain,asset,1
32,supersmoother_slope_over_atr,1475.5175943374634,0.0010872784263969179,gain,asset,1
33,lag_close_ret_24,1281.7834730148315,0.0009445197555552845,gain,asset,1
34,ret_4,1275.2704768180847,0.0009397204632370469,gain,asset,1
35,close_ret_robust_z_128,1263.7532677650452,0.0009312336698679065,gain,asset,1
36,lag_close_ret_8,1167.5119128227234,0.0008603154040623532,gain,asset,1
37,lag_close_ret_2,1141.8600935935974,0.0008414131085203026,gain,asset,1
38,lag_close_ret_4,1083.0500659942627,0.0007980772143839297,gain,asset,1
39,lag_close_ret_48,992.5675582885742,0.0007314025241110141,gain,asset,1
40,lag_close_ret_16,898.6823558807373,0.0006622204584225431,gain,asset,1
41,dominant_cycle_phase_normalized,880.5243062973022,0.0006488401668873686,gain,asset,1
42,lag_close_ret_1,856.4269638061523,0.0006310833331331161,gain,asset,1
43,upper_wick_ratio,766.7927331924438,0.000565033720721187,gain,asset,1
44,close_ret,761.6506767272949,0.0005612446455632038,gain,asset,1
45,body_ratio,623.3671989440918,0.0004593464081597213,gain,asset,1
46,close_location,525.3710513114929,0.0003871350718802818,gain,asset,1
47,lower_wick_ratio,249.20638179779053,0.00018363503335304933,gain,asset,1
48,ret_1,152.95994091033936,0.00011271301981962189,gain,asset,1
1,atr_48,1146.0,0.10582694616308062,split,asset,1
2,vol_rolling_192,1006.0,0.09289869794071474,split,asset,1
3,bollinger_bandwidth,902.0,0.0832948564041001,split,asset,1
4,vol_rolling_96,765.0,0.0706436420722135,split,asset,1
5,ema_trend_48_192,744.0,0.06870440483885862,split,asset,1
6,bollinger_bandwidth_rank_192,593.0,0.05476036568473543,split,asset,1
7,atr_over_price_48,586.0,0.05411395327361714,split,asset,1
8,vol_rolling_48,544.0,0.05023547880690738,split,asset,1
9,atr_pct_rank_192,499.0,0.04607997044971835,split,asset,1
10,vol_rolling_24,432.0,0.03989288022901468,split,asset,1
11,mama_minus_fama_over_atr,400.0,0.03693785206390248,split,asset,1
12,close_over_bb_upper_192,332.0,0.030658417213039062,split,asset,1
13,ret_48,312.0,0.028811524609843937,split,asset,1
14,close_over_bb_mid_192,267.0,0.024656016252654907,split,asset,1
15,bollinger_percent_b,209.0,0.01930002770338905,split,asset,1
16,distance_from_ema96_atr,181.0,0.016714378058915874,split,asset,1
17,roofing_filter_over_atr,168.0,0.015513897866839044,split,asset,1
18,ret_24,153.0,0.0141287284144427,split,asset,1
19,close_over_vwap_32,133.0,0.012281835811247576,split,asset,1
20,atr_pct,133.0,0.012281835811247576,split,asset,1
21,ret_16,121.0,0.0111737002493305,split,asset,1
22,close_minus_decycler_over_atr,100.0,0.00923446301597562,split,asset,1
23,frama_slope_over_atr,91.0,0.008403361344537815,split,asset,1
24,rolling_return_48,77.0,0.007110536522301228,split,asset,1
25,distance_from_ema24_atr,76.0,0.007018191892141472,split,asset,1
26,ema_alignment_score,72.0,0.006648813371502447,split,asset,1
27,ret_4,52.0,0.004801920768307323,split,asset,1
28,close_ret_robust_z_128,48.0,0.0044325422476682984,split,asset,1
29,lag_close_ret_2,47.0,0.004340197617508542,split,asset,1
30,supersmoother_slope_over_atr,45.0,0.00415550835718903,split,asset,1
31,lag_close_ret_24,45.0,0.00415550835718903,split,asset,1
32,range_to_atr,44.0,0.0040631637270292734,split,asset,1
33,lag_close_ret_48,43.0,0.003970819096869517,split,asset,1
34,ret_8,42.0,0.003878474466709761,split,asset,1
35,lag_close_ret_1,42.0,0.003878474466709761,split,asset,1
36,instantaneous_trendline_slope_over_atr,42.0,0.003878474466709761,split,asset,1
37,lag_close_ret_4,41.0,0.0037861298365500047,split,asset,1
38,lag_close_ret_8,40.0,0.0036937852063902484,split,asset,1
39,rolling_return_24,38.0,0.003509095946070736,split,asset,1
40,lag_close_ret_16,37.0,0.0034167513159109797,split,asset,1
41,close_ret,31.0,0.0028626835349524426,split,asset,1
42,upper_wick_ratio,29.0,0.00267799427463293,split,asset,1
43,decycler_slope_over_atr,28.0,0.002585649644473174,split,asset,1
44,dominant_cycle_phase_normalized,27.0,0.0024933050143134176,split,asset,1
45,close_location,25.0,0.002308615753993905,split,asset,1
46,body_ratio,20.0,0.0018468926031951242,split,asset,1
47,lower_wick_ratio,13.0,0.0012004801920768306,split,asset,1
48,ret_1,8.0,0.0007387570412780497,split,asset,1
1,atr_48,177069.55902290344,0.12303191189206272,gain,asset,2
2,vol_rolling_192,157756.61234378815,0.1096128421924896,gain,asset,2
3,bollinger_bandwidth,127063.6810631752,0.08828670325667701,gain,asset,2
4,vol_rolling_96,125892.34554243088,0.08747283299360362,gain,asset,2
5,ema_trend_48_192,103963.19255495071,0.07223596431266763,gain,asset,2
6,atr_over_price_48,93166.84408712387,0.0647344185880416,gain,asset,2
7,bollinger_bandwidth_rank_192,91004.76953983307,0.06323216056766698,gain,asset,2
8,vol_rolling_48,86963.72828960419,0.06042435422425116,gain,asset,2
9,atr_pct_rank_192,64625.219259262085,0.044903055758343725,gain,asset,2
10,mama_minus_fama_over_atr,51950.93077802658,0.036096675077651706,gain,asset,2
11,vol_rolling_24,51042.93735456467,0.0354657808263169,gain,asset,2
12,close_over_bb_upper_192,42481.54757833481,0.029517134664689117,gain,asset,2
13,close_over_bb_mid_192,36766.00694561005,0.025545848490932162,gain,asset,2
14,bollinger_percent_b,36294.35371828079,0.025218133221133168,gain,asset,2
15,ret_48,35333.4067530632,0.024550445658064784,gain,asset,2
16,atr_pct,21015.082664966583,0.014601752063471017,gain,asset,2
17,distance_from_ema96_atr,17681.1993227005,0.012285294938443438,gain,asset,2
18,ret_24,16177.284314155579,0.011240340967554987,gain,asset,2
19,roofing_filter_over_atr,12953.749077320099,0.009000556187902357,gain,asset,2
20,close_over_vwap_32,12720.784851551056,0.00883868740448763,gain,asset,2
21,rolling_return_48,10630.988667488098,0.007386650016419442,gain,asset,2
22,ema_alignment_score,8858.616233825684,0.006155165788969201,gain,asset,2
23,ret_16,7857.884847640991,0.005459835115463817,gain,asset,2
24,distance_from_ema24_atr,7045.180998325348,0.004895150203302212,gain,asset,2
25,close_minus_decycler_over_atr,6691.082572460175,0.004649114653360355,gain,asset,2
26,frama_slope_over_atr,5419.219822406769,0.0037653958105121213,gain,asset,2
27,instantaneous_trendline_slope_over_atr,4357.807054042816,0.0030279023479482196,gain,asset,2
28,decycler_slope_over_atr,4185.058919429779,0.002907873058924688,gain,asset,2
29,rolling_return_24,3182.751932144165,0.0022114476223392163,gain,asset,2
30,ret_8,2171.1953625679016,0.0015085953679556926,gain,asset,2
31,ret_4,1801.2309155464172,0.0012515357496886395,gain,asset,2
32,range_to_atr,1742.7536129951477,0.001210904404725259,gain,asset,2
33,supersmoother_slope_over_atr,1607.130865097046,0.0011166706693388144,gain,asset,2
34,lag_close_ret_24,1308.176085472107,0.000908950164981716,gain,asset,2
35,lag_close_ret_4,1130.5595746040344,0.0007855382186467181,gain,asset,2
36,lag_close_ret_48,996.6094851493835,0.0006924666839647637,gain,asset,2
37,lag_close_ret_8,933.3945398330688,0.0006485435182589498,gain,asset,2
38,close_ret_robust_z_128,923.8661189079285,0.0006419229571065909,gain,asset,2
39,lag_close_ret_2,867.1265668869019,0.0006024990402935202,gain,asset,2
40,lag_close_ret_1,812.2239894866943,0.0005643514947604351,gain,asset,2
41,upper_wick_ratio,757.937177658081,0.0005266317969950218,gain,asset,2
42,lag_close_ret_16,712.6270689964294,0.000495149314475488,gain,asset,2
43,body_ratio,682.8858985900879,0.0004744844804001598,gain,asset,2
44,close_ret,648.3064150810242,0.00045045787756771096,gain,asset,2
45,dominant_cycle_phase_normalized,631.7450160980225,0.0004389506450895276,gain,asset,2
46,lower_wick_ratio,620.3686361312866,0.00043104608043458866,gain,asset,2
47,close_location,618.0401000976562,0.0004294281612297972,gain,asset,2
48,ret_1,98.50785112380981,6.844547039603439e-05,gain,asset,2
1,atr_48,1205.0,0.11030757964115709,split,asset,2
2,vol_rolling_192,1095.0,0.10023800805565727,split,asset,2
3,bollinger_bandwidth,870.0,0.07964115708531673,split,asset,2
4,vol_rolling_96,814.0,0.07451482973269864,split,asset,2
5,ema_trend_48_192,700.0,0.06407909190772611,split,asset,2
6,bollinger_bandwidth_rank_192,618.0,0.056572683998535336,split,asset,2
7,vol_rolling_48,602.0,0.055108019040644454,split,asset,2
8,atr_over_price_48,570.0,0.05217868912486269,split,asset,2
9,atr_pct_rank_192,463.0,0.04238374221896741,split,asset,2
10,vol_rolling_24,416.0,0.03808128890516294,split,asset,2
11,mama_minus_fama_over_atr,416.0,0.03808128890516294,split,asset,2
12,close_over_bb_upper_192,327.0,0.02993409007689491,split,asset,2
13,ret_48,296.0,0.027096301720981326,split,asset,2
14,bollinger_percent_b,260.0,0.02380080556572684,split,asset,2
15,close_over_bb_mid_192,256.0,0.023434639326254118,split,asset,2
16,roofing_filter_over_atr,176.0,0.016111314536799707,split,asset,2
17,distance_from_ema96_atr,162.0,0.014829732698645185,split,asset,2
18,atr_pct,155.0,0.014188941779567924,split,asset,2
19,ret_24,153.0,0.014005858659831564,split,asset,2
20,ret_16,125.0,0.011442694983522518,split,asset,2
21,close_over_vwap_32,113.0,0.010344196265104357,split,asset,2
22,close_minus_decycler_over_atr,100.0,0.009154155986818015,split,asset,2
23,frama_slope_over_atr,97.0,0.008879531307213475,split,asset,2
24,rolling_return_48,79.0,0.007231783229586232,split,asset,2
25,distance_from_ema24_atr,69.0,0.006316367630904431,split,asset,2
26,ret_4,63.0,0.005767118271695349,split,asset,2
27,ema_alignment_score,52.0,0.004760161113145368,split,asset,2
28,ret_8,47.0,0.004302453313804467,split,asset,2
29,lag_close_ret_48,42.0,0.0038447455144635665,split,asset,2
30,lag_close_ret_24,41.0,0.0037532039545953863,split,asset,2
31,close_ret_robust_z_128,40.0,0.003661662394727206,split,asset,2
32,range_to_atr,39.0,0.003570120834859026,split,asset,2
33,supersmoother_slope_over_atr,39.0,0.003570120834859026,split,asset,2
34,lag_close_ret_4,39.0,0.003570120834859026,split,asset,2
35,instantaneous_trendline_slope_over_atr,38.0,0.003478579274990846,split,asset,2
36,lag_close_ret_1,37.0,0.003387037715122666,split,asset,2
37,lag_close_ret_8,34.0,0.0031124130355181254,split,asset,2
38,lag_close_ret_2,32.0,0.0029293299157817647,split,asset,2
39,rolling_return_24,31.0,0.0028377883559135846,split,asset,2
40,decycler_slope_over_atr,30.0,0.0027462467960454044,split,asset,2
41,lag_close_ret_16,30.0,0.0027462467960454044,split,asset,2
42,close_ret,29.0,0.0026547052361772243,split,asset,2
43,lower_wick_ratio,28.0,0.002563163676309044,split,asset,2
44,upper_wick_ratio,28.0,0.002563163676309044,split,asset,2
45,close_location,22.0,0.0020139143170999634,split,asset,2
46,body_ratio,21.0,0.0019223727572317832,split,asset,2
47,dominant_cycle_phase_normalized,20.0,0.001830831197363603,split,asset,2
48,ret_1,5.0,0.0004577077993409008,split,asset,2
1,atr_48,180981.52601194382,0.12070899473181625,gain,asset,3
2,vol_rolling_192,155843.4363694191,0.10394267831769126,gain,asset,3
3,bollinger_bandwidth,139054.46457481384,0.0927449613320699,gain,asset,3
4,vol_rolling_96,119406.05874347687,0.0796400916348892,gain,asset,3
5,ema_trend_48_192,107317.40024280548,0.07157733601873882,gain,asset,3
6,atr_over_price_48,103262.85609388351,0.06887308239077548,gain,asset,3
7,bollinger_bandwidth_rank_192,91809.15656137466,0.061233824467631585,gain,asset,3
8,vol_rolling_48,87164.69796133041,0.05813611642505556,gain,asset,3
9,atr_pct_rank_192,73076.67917776108,0.0487398502834198,gain,asset,3
10,mama_minus_fama_over_atr,54482.08189201355,0.03633783779482239,gain,asset,3
11,vol_rolling_24,52303.655197143555,0.03488489559553209,gain,asset,3
12,close_over_bb_upper_192,45603.99608039856,0.030416433344999588,gain,asset,3
13,ret_48,42286.29110813141,0.028203628309900666,gain,asset,3
14,close_over_bb_mid_192,41428.8821849823,0.027631763482213294,gain,asset,3
15,bollinger_percent_b,35829.784465789795,0.023897341124406845,gain,asset,3
16,distance_from_ema96_atr,28574.784490585327,0.01905848395989996,gain,asset,3
17,atr_pct,21806.781205654144,0.014544438295306779,gain,asset,3
18,ret_24,19348.57275867462,0.012904890452967473,gain,asset,3
19,roofing_filter_over_atr,13993.97097492218,0.009333539206524277,gain,asset,3
20,rolling_return_48,10296.973717689514,0.006867758127756126,gain,asset,3
21,close_over_vwap_32,9343.080196380615,0.006231541102871549,gain,asset,3
22,ret_16,8407.3712682724,0.0056074526306256365,gain,asset,3
23,ema_alignment_score,7767.686935424805,0.005180803267758456,gain,asset,3
24,close_minus_decycler_over_atr,6638.2923765182495,0.004427532561818026,gain,asset,3
25,distance_from_ema24_atr,5788.475816726685,0.0038607316020774145,gain,asset,3
26,frama_slope_over_atr,5694.080850601196,0.0037977731238292003,gain,asset,3
27,rolling_return_24,5018.763746261597,0.0033473578213045964,gain,asset,3
28,decycler_slope_over_atr,2899.332695007324,0.001933763863745547,gain,asset,3
29,instantaneous_trendline_slope_over_atr,2785.803382873535,0.001858043377559792,gain,asset,3
30,supersmoother_slope_over_atr,2336.887978553772,0.0015586308995619584,gain,asset,3
31,ret_4,2203.729775428772,0.0014698185594645885,gain,asset,3
32,lag_close_ret_24,1834.7820978164673,0.001223742044062235,gain,asset,3
33,ret_8,1494.8097939491272,0.00099699119307329,gain,asset,3
34,lag_close_ret_4,1283.310097694397,0.0008559275371103706,gain,asset,3
35,lag_close_ret_48,1240.7504572868347,0.0008275415934013681,gain,asset,3
36,range_to_atr,1142.1922073364258,0.0007618063355759046,gain,asset,3
37,lag_close_ret_1,1127.2995195388794,0.0007518733804698793,gain,asset,3
38,close_ret_robust_z_128,1087.1465005874634,0.0007250925777002467,gain,asset,3
39,lag_close_ret_2,1046.6682024002075,0.0006980948238946129,gain,asset,3
40,body_ratio,1001.5922436714172,0.0006680305748818931,gain,asset,3
41,dominant_cycle_phase_normalized,860.0531988143921,0.0005736284765215033,gain,asset,3
42,lag_close_ret_8,784.5193958282471,0.000523249801815628,gain,asset,3
43,lag_close_ret_16,752.1366577148438,0.0005016515323653273,gain,asset,3
44,close_ret,737.6345024108887,0.0004919790501691634,gain,asset,3
45,close_location,687.0983600616455,0.0004582730301403648,gain,asset,3
46,upper_wick_ratio,658.8281002044678,0.0004394176545483724,gain,asset,3
47,lower_wick_ratio,578.7291560173035,0.00038599417401437373,gain,asset,3
48,ret_1,247.85591650009155,0.00016531211322134935,gain,asset,3
1,atr_48,1176.0,0.10802866066507441,split,asset,3
2,vol_rolling_192,1015.0,0.09323902259783208,split,asset,3
3,bollinger_bandwidth,898.0,0.08249127319492927,split,asset,3
4,vol_rolling_96,778.0,0.0714679404740033,split,asset,3
5,ema_trend_48_192,707.0,0.06494580194745544,split,asset,3
6,atr_over_price_48,627.0,0.057596913466838144,split,asset,3
7,vol_rolling_48,608.0,0.05585155245269153,split,asset,3
8,bollinger_bandwidth_rank_192,604.0,0.05548410802866067,split,asset,3
9,atr_pct_rank_192,490.0,0.045011941943781004,split,asset,3
10,mama_minus_fama_over_atr,410.0,0.0376630534631637,split,asset,3
11,vol_rolling_24,381.0,0.03499908138893992,split,asset,3
12,close_over_bb_mid_192,310.0,0.028476942862392062,split,asset,3
13,close_over_bb_upper_192,292.0,0.02682344295425317,split,asset,3
14,ret_48,289.0,0.02654785963623002,split,asset,3
15,bollinger_percent_b,275.0,0.02526180415212199,split,asset,3
16,distance_from_ema96_atr,211.0,0.019382693367628146,split,asset,3
17,roofing_filter_over_atr,176.0,0.016167554657358075,split,asset,3
18,ret_24,159.0,0.014605915855226897,split,asset,3
19,atr_pct,141.0,0.012952415947088004,split,asset,3
20,ret_16,138.0,0.012676832629064855,split,asset,3
21,close_over_vwap_32,97.0,0.008910527282748484,split,asset,3
22,close_minus_decycler_over_atr,88.0,0.008083777328679037,split,asset,3
23,frama_slope_over_atr,82.0,0.00753261069263274,split,asset,3
24,rolling_return_48,68.0,0.0062465552085247105,split,asset,3
25,distance_from_ema24_atr,61.0,0.005603527466470696,split,asset,3
26,ret_4,58.0,0.005327944148447547,split,asset,3
27,lag_close_ret_48,54.0,0.004960499724416682,split,asset,3
28,lag_close_ret_24,52.0,0.004776777512401249,split,asset,3
29,ema_alignment_score,49.0,0.0045011941943781004,split,asset,3
30,lag_close_ret_4,44.0,0.004041888664339519,split,asset,3
31,decycler_slope_over_atr,41.0,0.00376630534631637,split,asset,3
32,lag_close_ret_1,40.0,0.0036744442403086534,split,asset,3
33,supersmoother_slope_over_atr,38.0,0.0034907220282932206,split,asset,3
34,lag_close_ret_2,37.0,0.003398860922285504,split,asset,3
35,ret_8,34.0,0.0031232776042623553,split,asset,3
36,lag_close_ret_16,33.0,0.003031416498254639,split,asset,3
37,close_ret_robust_z_128,32.0,0.002939555392246923,split,asset,3
38,rolling_return_24,32.0,0.002939555392246923,split,asset,3
39,instantaneous_trendline_slope_over_atr,32.0,0.002939555392246923,split,asset,3
40,body_ratio,32.0,0.002939555392246923,split,asset,3
41,close_ret,32.0,0.002939555392246923,split,asset,3
42,range_to_atr,29.0,0.0026639720742237735,split,asset,3
43,close_location,28.0,0.0025721109682160575,split,asset,3
44,upper_wick_ratio,27.0,0.002480249862208341,split,asset,3
45,dominant_cycle_phase_normalized,26.0,0.0023883887562006247,split,asset,3
46,lag_close_ret_8,22.0,0.0020209443321697594,split,asset,3
47,lower_wick_ratio,21.0,0.001929083226162043,split,asset,3
48,ret_1,12.0,0.001102333272092596,split,asset,3
1,vol_rolling_192,178173.25092458725,0.11674840176366957,gain,asset,4
2,atr_48,178130.4156589508,0.11672033386472164,gain,asset,4
3,bollinger_bandwidth,144050.1582083702,0.0943891726584094,gain,asset,4
4,vol_rolling_96,131931.28979873657,0.0864482583479454,gain,asset,4
5,ema_trend_48_192,124245.10817575455,0.08141187148576569,gain,asset,4
6,bollinger_bandwidth_rank_192,100561.27659416199,0.06589299045035608,gain,asset,4
7,atr_over_price_48,89199.63388109207,0.05844824988869801,gain,asset,4
8,vol_rolling_48,74869.71210384369,0.049058538154694485,gain,asset,4
9,atr_pct_rank_192,67146.29742050171,0.04399775425049395,gain,asset,4
10,mama_minus_fama_over_atr,54588.236612319946,0.0357690581864212,gain,asset,4
11,vol_rolling_24,52862.74393749237,0.03463842543994736,gain,asset,4
12,close_over_bb_upper_192,46680.07141160965,0.030587216112625434,gain,asset,4
13,ret_48,43073.98945522308,0.028224323238121334,gain,asset,4
14,bollinger_percent_b,39683.667132377625,0.0260028073225621,gain,asset,4
15,close_over_bb_mid_192,37439.77241611481,0.024532490535445123,gain,asset,4
16,distance_from_ema96_atr,27055.462845802307,0.01772814959502923,gain,asset,4
17,ret_24,21068.919776916504,0.013805454511704895,gain,asset,4
18,atr_pct,19366.991899490356,0.012690262648866647,gain,asset,4
19,roofing_filter_over_atr,13151.046826839447,0.008617251414481596,gain,asset,4
20,rolling_return_48,12508.82119178772,0.008196431700664497,gain,asset,4
21,ret_16,6962.179164886475,0.004561982711068382,gain,asset,4
22,close_over_vwap_32,6771.343919754028,0.004436937510659365,gain,asset,4
23,ema_alignment_score,6740.525966644287,0.004416743981313521,gain,asset,4
24,distance_from_ema24_atr,6282.583639621735,0.004116676297178108,gain,asset,4
25,close_minus_decycler_over_atr,6054.08607673645,0.003966952782928253,gain,asset,4
26,frama_slope_over_atr,5444.840992927551,0.0035677436454850157,gain,asset,4
27,rolling_return_24,5108.549461364746,0.003347387903908342,gain,asset,4
28,instantaneous_trendline_slope_over_atr,4025.8793420791626,0.0026379660046729017,gain,asset,4
29,decycler_slope_over_atr,3144.0664372444153,0.0020601562225658794,gain,asset,4
30,ret_8,2291.0674924850464,0.0015012268491050819,gain,asset,4
31,ret_4,2013.347972869873,0.0013192505429794844,gain,asset,4
32,range_to_atr,1563.2120671272278,0.0010242980329972827,gain,asset,4
33,lag_close_ret_48,1513.818657875061,0.0009919328964915226,gain,asset,4
34,supersmoother_slope_over_atr,1453.279010295868,0.0009522641636063706,gain,asset,4
35,lag_close_ret_24,1409.4858417510986,0.0009235685967396426,gain,asset,4
36,close_ret_robust_z_128,1133.9314765930176,0.0007430110126788067,gain,asset,4
37,lag_close_ret_2,1003.5235395431519,0.0006575609344607633,gain,asset,4
38,dominant_cycle_phase_normalized,903.8118934631348,0.0005922246662125409,gain,asset,4
39,lower_wick_ratio,893.403956413269,0.0005854048433158761,gain,asset,4
40,lag_close_ret_4,891.521050453186,0.0005841710651793139,gain,asset,4
41,lag_close_ret_1,844.3992338180542,0.0005532943945690839,gain,asset,4
42,lag_close_ret_8,840.9245014190674,0.0005510175687715355,gain,asset,4
43,lag_close_ret_16,744.8714199066162,0.0004880785827404586,gain,asset,4
44,body_ratio,641.2844514846802,0.0004202030012822552,gain,asset,4
45,close_ret,569.7529497146606,0.0003733318325514362,gain,asset,4
46,upper_wick_ratio,474.41870975494385,0.00031086386897725195,gain,asset,4
47,ret_1,323.6874008178711,0.00021209685808852178,gain,asset,4
48,close_location,299.44451999664307,0.00019621165884936418,gain,asset,4
1,atr_48,1124.0,0.10384331116038432,split,asset,4
2,vol_rolling_192,1091.0,0.10079453067257946,split,asset,4
3,bollinger_bandwidth,857.0,0.07917590539541759,split,asset,4
4,vol_rolling_96,848.0,0.07834441980783444,split,asset,4
5,ema_trend_48_192,760.0,0.07021433850702144,split,asset,4
6,bollinger_bandwidth_rank_192,612.0,0.0565410199556541,split,asset,4
7,atr_over_price_48,578.0,0.053399852180339984,split,asset,4
8,vol_rolling_48,531.0,0.049057649667405764,split,asset,4
9,atr_pct_rank_192,493.0,0.045546932742054694,split,asset,4
10,vol_rolling_24,410.0,0.03787878787878788,split,asset,4
11,mama_minus_fama_over_atr,391.0,0.036123429416112345,split,asset,4
12,close_over_bb_upper_192,322.0,0.02974870657797487,split,asset,4
13,close_over_bb_mid_192,293.0,0.027069475240206947,split,asset,4
14,ret_48,292.0,0.02697708795269771,split,asset,4
15,bollinger_percent_b,283.0,0.02614560236511456,split,asset,4
16,distance_from_ema96_atr,190.0,0.01755358462675536,split,asset,4
17,roofing_filter_over_atr,172.0,0.015890613451589063,split,asset,4
18,ret_24,162.0,0.014966740576496674,split,asset,4
19,atr_pct,126.0,0.01164079822616408,split,asset,4
20,ret_16,115.0,0.010624538063562453,split,asset,4
21,close_over_vwap_32,102.0,0.009423503325942351,split,asset,4
22,frama_slope_over_atr,86.0,0.007945306725794531,split,asset,4
23,close_minus_decycler_over_atr,81.0,0.007483370288248337,split,asset,4
24,rolling_return_48,75.0,0.006929046563192905,split,asset,4
25,distance_from_ema24_atr,69.0,0.006374722838137472,split,asset,4
26,lag_close_ret_48,54.0,0.004988913525498891,split,asset,4
27,ret_4,49.0,0.004526977087952698,split,asset,4
28,ret_8,46.0,0.004249815225424981,split,asset,4
29,ema_alignment_score,43.0,0.003972653362897266,split,asset,4
30,close_ret_robust_z_128,41.0,0.003787878787878788,split,asset,4
31,lag_close_ret_24,40.0,0.003695491500369549,split,asset,4
32,instantaneous_trendline_slope_over_atr,39.0,0.0036031042128603103,split,asset,4
33,rolling_return_24,39.0,0.0036031042128603103,split,asset,4
34,supersmoother_slope_over_atr,38.0,0.003510716925351072,split,asset,4
35,lag_close_ret_1,38.0,0.003510716925351072,split,asset,4
36,lag_close_ret_2,38.0,0.003510716925351072,split,asset,4
37,range_to_atr,35.0,0.0032335550628233554,split,asset,4
38,decycler_slope_over_atr,33.0,0.003048780487804878,split,asset,4
39,lag_close_ret_4,31.0,0.0028640059127864005,split,asset,4
40,lower_wick_ratio,29.0,0.0026792313377679232,split,asset,4
41,dominant_cycle_phase_normalized,28.0,0.0025868440502586844,split,asset,4
42,lag_close_ret_16,26.0,0.002402069475240207,split,asset,4
43,upper_wick_ratio,23.0,0.0021249076127124907,split,asset,4
44,lag_close_ret_8,23.0,0.0021249076127124907,split,asset,4
45,close_ret,22.0,0.0020325203252032522,split,asset,4
46,body_ratio,18.0,0.0016629711751662971,split,asset,4
47,close_location,15.0,0.001385809312638581,split,asset,4
48,ret_1,13.0,0.0012010347376201036,split,asset,4
1,atr_48,190314.59012699127,0.11916581841716821,gain,asset,5
2,vol_rolling_192,180919.32971954346,0.11328295943642026,gain,asset,5
3,bollinger_bandwidth,160765.29928779602,0.10066347750809762,gain,asset,5
4,vol_rolling_96,131370.08892917633,0.08225761436543287,gain,asset,5
5,ema_trend_48_192,125650.26797962189,0.07867613832516449,gain,asset,5
6,atr_over_price_48,96482.58944606781,0.06041274463863446,gain,asset,5
7,bollinger_bandwidth_rank_192,93197.25436782837,0.05835562624791204,gain,asset,5
8,vol_rolling_48,76864.66695928574,0.04812894765164561,gain,asset,5
9,atr_pct_rank_192,68891.94477844238,0.043136813506497035,gain,asset,5
10,mama_minus_fama_over_atr,56839.730832099915,0.035590298351267126,gain,asset,5
11,vol_rolling_24,54742.641317367554,0.03427720202927525,gain,asset,5
12,ret_48,49548.88764858246,0.03102512395063209,gain,asset,5
13,close_over_bb_upper_192,47533.33029174805,0.029763079134027915,gain,asset,5
14,bollinger_percent_b,40814.28522396088,0.025555937138501322,gain,asset,5
15,close_over_bb_mid_192,38779.38488864899,0.024281780681589614,gain,asset,5
16,distance_from_ema96_atr,28971.290314674377,0.018140424854688624,gain,asset,5
17,atr_pct,24717.882296562195,0.015477145874331574,gain,asset,5
18,ret_24,21940.637448310852,0.013738169082978369,gain,asset,5
19,roofing_filter_over_atr,14724.250547409058,0.009219615615863328,gain,asset,5
20,rolling_return_48,11891.674280166626,0.007445992958295365,gain,asset,5
21,close_over_vwap_32,11563.474415779114,0.007240490030653063,gain,asset,5
22,ema_alignment_score,9711.767547607422,0.006081040488360319,gain,asset,5
23,ret_16,9472.550099372864,0.0059312540585363316,gain,asset,5
24,rolling_return_24,6634.845694065094,0.004154420408216292,gain,asset,5
25,frama_slope_over_atr,5975.908136367798,0.0037418254868473505,gain,asset,5
26,distance_from_ema24_atr,5884.362118244171,0.0036845037851046965,gain,asset,5
27,close_minus_decycler_over_atr,5054.943020820618,0.0031651615450307494,gain,asset,5
28,decycler_slope_over_atr,3646.21981048584,0.00228308700639034,gain,asset,5
29,instantaneous_trendline_slope_over_atr,2831.3396978378296,0.0017728483774403553,gain,asset,5
30,ret_4,2202.7459955215454,0.001379253314978698,gain,asset,5
31,ret_8,1586.2908544540405,0.0009932588341889585,gain,asset,5
32,lag_close_ret_24,1532.5001955032349,0.0009595777176082783,gain,asset,5
33,supersmoother_slope_over_atr,1409.744023323059,0.0008827137225049686,gain,asset,5
34,lag_close_ret_4,1328.4621090888977,0.0008318189076315282,gain,asset,5
35,lag_close_ret_1,1197.7838535308838,0.0007499944859594556,gain,asset,5
36,upper_wick_ratio,1184.7750296592712,0.0007418489878015315,gain,asset,5
37,lag_close_ret_48,1181.7012300491333,0.000739924322719637,gain,asset,5
38,lag_close_ret_8,1167.5593447685242,0.0007310693561492812,gain,asset,5
39,range_to_atr,1164.8959894180298,0.0007294016914691028,gain,asset,5
40,lag_close_ret_2,1162.63450050354,0.0007279856561711432,gain,asset,5
41,close_ret,1116.816637992859,0.0006992967202331925,gain,asset,5
42,body_ratio,1051.8963017463684,0.000658646736458598,gain,asset,5
43,close_location,964.1108479499817,0.0006036797187444617,gain,asset,5
44,close_ret_robust_z_128,759.1982688903809,0.0004753733436456517,gain,asset,5
45,lag_close_ret_16,753.4780840873718,0.0004717916397778969,gain,asset,5
46,dominant_cycle_phase_normalized,641.7603960037231,0.0004018394110849806,gain,asset,5
47,lower_wick_ratio,622.5904026031494,0.000389836085690397,gain,asset,5
48,ret_1,292.49839973449707,0.0001831483921795755,gain,asset,5
1,atr_48,1124.0,0.10384331116038432,split,asset,5
2,vol_rolling_192,1077.0,0.09950110864745011,split,asset,5
3,bollinger_bandwidth,899.0,0.08305617147080561,split,asset,5
4,vol_rolling_96,851.0,0.07862158167036216,split,asset,5
5,ema_trend_48_192,712.0,0.06577974870657798,split,asset,5
6,bollinger_bandwidth_rank_192,587.0,0.05423133776792313,split,asset,5
7,atr_over_price_48,584.0,0.05395417590539542,split,asset,5
8,vol_rolling_48,494.0,0.04563932002956393,split,asset,5
9,atr_pct_rank_192,449.0,0.04148189209164819,split,asset,5
10,vol_rolling_24,398.0,0.03677014042867702,split,asset,5
11,mama_minus_fama_over_atr,385.0,0.03556910569105691,split,asset,5
12,bollinger_percent_b,313.0,0.02891722099039172,split,asset,5
13,close_over_bb_upper_192,303.0,0.027993348115299334,split,asset,5
14,ret_48,303.0,0.027993348115299334,split,asset,5
15,close_over_bb_mid_192,289.0,0.026699926090169992,split,asset,5
16,distance_from_ema96_atr,193.0,0.017830746489283074,split,asset,5
17,roofing_filter_over_atr,178.0,0.016444937176644494,split,asset,5
18,atr_pct,163.0,0.015059127864005912,split,asset,5
19,ret_24,161.0,0.014874353288987435,split,asset,5
20,ret_16,128.0,0.011825572801182557,split,asset,5
21,close_over_vwap_32,108.0,0.009977827050997782,split,asset,5
22,close_minus_decycler_over_atr,79.0,0.0072985957132298595,split,asset,5
23,frama_slope_over_atr,76.0,0.007021433850702144,split,asset,5
24,rolling_return_48,76.0,0.007021433850702144,split,asset,5
25,distance_from_ema24_atr,68.0,0.006282335550628234,split,asset,5
26,ret_4,60.0,0.005543237250554324,split,asset,5
27,ema_alignment_score,54.0,0.004988913525498891,split,asset,5
28,lag_close_ret_1,46.0,0.004249815225424981,split,asset,5
29,lag_close_ret_24,45.0,0.0041574279379157425,split,asset,5
30,lag_close_ret_4,44.0,0.0040650406504065045,split,asset,5
31,lag_close_ret_48,43.0,0.003972653362897266,split,asset,5
32,rolling_return_24,42.0,0.003880266075388027,split,asset,5
33,lag_close_ret_2,42.0,0.003880266075388027,split,asset,5
34,lag_close_ret_8,41.0,0.003787878787878788,split,asset,5
35,supersmoother_slope_over_atr,38.0,0.003510716925351072,split,asset,5
36,upper_wick_ratio,37.0,0.003418329637841833,split,asset,5
37,body_ratio,37.0,0.003418329637841833,split,asset,5
38,ret_8,37.0,0.003418329637841833,split,asset,5
39,close_ret,35.0,0.0032335550628233554,split,asset,5
40,close_location,35.0,0.0032335550628233554,split,asset,5
41,instantaneous_trendline_slope_over_atr,34.0,0.003141167775314117,split,asset,5
42,close_ret_robust_z_128,30.0,0.002771618625277162,split,asset,5
43,lag_close_ret_16,25.0,0.0023096821877309683,split,asset,5
44,range_to_atr,25.0,0.0023096821877309683,split,asset,5
45,decycler_slope_over_atr,24.0,0.0022172949002217295,split,asset,5
46,dominant_cycle_phase_normalized,22.0,0.0020325203252032522,split,asset,5
47,lower_wick_ratio,21.0,0.0019401330376940134,split,asset,5
48,ret_1,9.0,0.0008314855875831486,split,asset,5
1,atr_48,192423.61130046844,0.11694223823030876,gain,asset,6
2,vol_rolling_192,182375.01593255997,0.11083537210586518,gain,asset,6
3,bollinger_bandwidth,160073.57104206085,0.09728204118332832,gain,asset,6
4,vol_rolling_96,134666.61043787003,0.08184138491665052,gain,asset,6
5,ema_trend_48_192,126038.3565826416,0.07659770764113082,gain,asset,6
6,bollinger_bandwidth_rank_192,102128.88496685028,0.06206712531415904,gain,asset,6
7,atr_over_price_48,95256.67302751541,0.05789065320479834,gain,asset,6
8,vol_rolling_48,90882.58351993561,0.05523237330983596,gain,asset,6
9,atr_pct_rank_192,76841.18245601654,0.046698946163309184,gain,asset,6
10,mama_minus_fama_over_atr,61838.411153793335,0.03758126229965978,gain,asset,6
11,vol_rolling_24,52105.7429561615,0.031666395640147914,gain,asset,6
12,ret_48,48203.46048927307,0.029294848599736908,gain,asset,6
13,close_over_bb_upper_192,47312.324056625366,0.028753275305804335,gain,asset,6
14,bollinger_percent_b,45991.08833312988,0.027950316346188202,gain,asset,6
15,close_over_bb_mid_192,42477.32802295685,0.025814887162111468,gain,asset,6
16,distance_from_ema96_atr,28203.015941619873,0.01713991223201868,gain,asset,6
17,ret_24,26103.72460079193,0.01586410295666637,gain,asset,6
18,atr_pct,22714.41057395935,0.01380430392428942,gain,asset,6
19,roofing_filter_over_atr,14380.403849124908,0.008739450431301204,gain,asset,6
20,rolling_return_48,12251.144895553589,0.007445428839461611,gain,asset,6
21,close_over_vwap_32,11053.460040092468,0.006717555857837415,gain,asset,6
22,ema_alignment_score,10704.23888874054,0.006505322531581571,gain,asset,6
23,rolling_return_24,8977.568389892578,0.005455967353924988,gain,asset,6
24,ret_16,8653.482882499695,0.005259009795772992,gain,asset,6
25,frama_slope_over_atr,6574.190464019775,0.003995354531696979,gain,asset,6
26,distance_from_ema24_atr,5825.247807502747,0.003540197132002956,gain,asset,6
27,close_minus_decycler_over_atr,5341.624216079712,0.0032462829659618765,gain,asset,6
28,instantaneous_trendline_slope_over_atr,3912.8711128234863,0.002377982113254225,gain,asset,6
29,decycler_slope_over_atr,2743.8699016571045,0.0016675411377219996,gain,asset,6
30,ret_8,2070.4119024276733,0.0012582582786604957,gain,asset,6
31,ret_4,1953.6092777252197,0.001187273432925785,gain,asset,6
32,supersmoother_slope_over_atr,1369.6886005401611,0.0008324053869646702,gain,asset,6
33,range_to_atr,1281.890622138977,0.0007790476309338969,gain,asset,6
34,lag_close_ret_24,1256.229302406311,0.0007634523921521255,gain,asset,6
35,lag_close_ret_16,1228.5144519805908,0.0007466091543649442,gain,asset,6
36,lag_close_ret_4,1161.1478023529053,0.0007056681973987167,gain,asset,6
37,lag_close_ret_48,1136.441635131836,0.0006906534366144351,gain,asset,6
38,upper_wick_ratio,1126.0738458633423,0.0006843525857242363,gain,asset,6
39,lag_close_ret_1,1074.3721714019775,0.0006529317559679243,gain,asset,6
40,lag_close_ret_2,968.8879175186157,0.0005888254611956441,gain,asset,6
41,dominant_cycle_phase_normalized,956.0300712585449,0.0005810113197277035,gain,asset,6
42,close_ret,791.061427116394,0.000480754379566247,gain,asset,6
43,close_ret_robust_z_128,727.599702835083,0.0004421865758063288,gain,asset,6
44,body_ratio,633.4893007278442,0.0003849925496221415,gain,asset,6
45,lower_wick_ratio,573.725302696228,0.00034867197727566485,gain,asset,6
46,lag_close_ret_8,566.3280010223389,0.00034417639064384227,gain,asset,6
47,close_location,476.2775659561157,0.0002894497416682465,gain,asset,6
48,ret_1,52.72070121765137,3.204012625995501e-05,gain,asset,6
1,atr_48,1150.0,0.10619632468371965,split,asset,6
2,vol_rolling_192,1069.0,0.09871640964077939,split,asset,6
3,bollinger_bandwidth,888.0,0.08200203158186352,split,asset,6
4,vol_rolling_96,812.0,0.07498383968972204,split,asset,6
5,ema_trend_48_192,725.0,0.06694985686582325,split,asset,6
6,bollinger_bandwidth_rank_192,627.0,0.057900083110167144,split,asset,6
7,vol_rolling_48,592.0,0.054668021054575675,split,asset,6
8,atr_over_price_48,576.0,0.053190506972019574,split,asset,6
9,atr_pct_rank_192,477.0,0.04404838858620371,split,asset,6
10,mama_minus_fama_over_atr,405.0,0.03739957521470127,split,asset,6
11,vol_rolling_24,397.0,0.03666081817342322,split,asset,6
12,ret_48,296.0,0.027334010527287837,split,asset,6
13,bollinger_percent_b,291.0,0.026872287376489057,split,asset,6
14,close_over_bb_upper_192,289.0,0.026687598116169546,split,asset,6
15,close_over_bb_mid_192,276.0,0.025487117924092716,split,asset,6
16,distance_from_ema96_atr,201.0,0.018561270662111,split,asset,6
17,roofing_filter_over_atr,179.0,0.01652968879859636,split,asset,6
18,ret_24,173.0,0.015975621017637824,split,asset,6
19,atr_pct,144.0,0.013297626743004894,split,asset,6
20,close_over_vwap_32,117.0,0.010804321728691477,split,asset,6
21,ret_16,108.0,0.00997322005725367,split,asset,6
22,frama_slope_over_atr,91.0,0.008403361344537815,split,asset,6
23,rolling_return_48,76.0,0.007018191892141472,split,asset,6
24,close_minus_decycler_over_atr,71.0,0.0065564687413426906,split,asset,6
25,distance_from_ema24_atr,69.0,0.006371779481023179,split,asset,6
26,ema_alignment_score,61.0,0.005633022439745129,split,asset,6
27,rolling_return_24,58.0,0.00535598854926586,split,asset,6
28,ret_4,48.0,0.0044325422476682984,split,asset,6
29,lag_close_ret_48,41.0,0.0037861298365500047,split,asset,6
30,lag_close_ret_16,37.0,0.0034167513159109797,split,asset,6
31,lag_close_ret_1,37.0,0.0034167513159109797,split,asset,6
32,range_to_atr,37.0,0.0034167513159109797,split,asset,6
33,ret_8,36.0,0.0033244066857512234,split,asset,6
34,lag_close_ret_24,36.0,0.0033244066857512234,split,asset,6
35,close_ret,36.0,0.0033244066857512234,split,asset,6
36,instantaneous_trendline_slope_over_atr,35.0,0.003232062055591467,split,asset,6
37,upper_wick_ratio,35.0,0.003232062055591467,split,asset,6
38,lag_close_ret_4,35.0,0.003232062055591467,split,asset,6
39,lag_close_ret_2,31.0,0.0028626835349524426,split,asset,6
40,dominant_cycle_phase_normalized,26.0,0.0024009603841536613,split,asset,6
41,close_ret_robust_z_128,26.0,0.0024009603841536613,split,asset,6
42,decycler_slope_over_atr,23.0,0.002123926493674393,split,asset,6
43,body_ratio,21.0,0.0019392372333548805,split,asset,6
44,lower_wick_ratio,19.0,0.001754547973035368,split,asset,6
45,supersmoother_slope_over_atr,18.0,0.0016622033428756117,split,asset,6
46,close_location,16.0,0.0014775140825560994,split,asset,6
47,lag_close_ret_8,15.0,0.0013851694523963432,split,asset,6
48,ret_1,3.0,0.00027703389047926865,split,asset,6
1,vol_rolling_192,205360.94211387634,0.12123053468029554,gain,asset,7
2,atr_48,193058.3027420044,0.11396792897894532,gain,asset,7
3,bollinger_bandwidth,164830.22161102295,0.09730407199970521,gain,asset,7
4,vol_rolling_96,146365.7815475464,0.08640397620531472,gain,asset,7
5,ema_trend_48_192,125856.2757320404,0.07429661864039042,gain,asset,7
6,bollinger_bandwidth_rank_192,104001.23719215393,0.06139495398898991,gain,asset,7
7,atr_over_price_48,91854.39263343811,0.054224318495338,gain,asset,7
8,vol_rolling_48,86586.93653964996,0.05111478602006909,gain,asset,7
9,atr_pct_rank_192,76673.21611881256,0.04526242862962316,gain,asset,7
10,mama_minus_fama_over_atr,64540.4327955246,0.0381000938920529,gain,asset,7
11,vol_rolling_24,57027.86323261261,0.03366520566277264,gain,asset,7
12,close_over_bb_upper_192,52317.41798591614,0.030884492884767304,gain,asset,7
13,ret_48,50657.56760311127,0.029904634946225393,gain,asset,7
14,close_over_bb_mid_192,44731.74086666107,0.02640644713948906,gain,asset,7
15,bollinger_percent_b,37788.51850318909,0.022307661114923886,gain,asset,7
16,ret_24,30784.784637451172,0.018173153391293176,gain,asset,7
17,distance_from_ema96_atr,26440.210430145264,0.015608424924972377,gain,asset,7
18,atr_pct,24443.740008354187,0.014429850390712033,gain,asset,7
19,roofing_filter_over_atr,16157.332515716553,0.009538143133378661,gain,asset,7
20,close_over_vwap_32,13745.748750686646,0.008114515123828636,gain,asset,7
21,rolling_return_48,11704.806169509888,0.006909687380923952,gain,asset,7
22,ema_alignment_score,10659.958985328674,0.00629288371079251,gain,asset,7
23,ret_16,9346.396985054016,0.005517449872255132,gain,asset,7
24,rolling_return_24,5946.386984825134,0.0035103251191093508,gain,asset,7
25,distance_from_ema24_atr,5462.795481681824,0.0032248469951318996,gain,asset,7
26,instantaneous_trendline_slope_over_atr,4803.801358222961,0.002835823604823386,gain,asset,7
27,frama_slope_over_atr,4771.776646614075,0.0028169184864919035,gain,asset,7
28,close_minus_decycler_over_atr,4055.110792160034,0.0023938497966609195,gain,asset,7
29,ret_4,2892.350926399231,0.0017074388424649417,gain,asset,7
30,ret_8,2015.409496307373,0.0011897548205714941,gain,asset,7
31,decycler_slope_over_atr,1842.7998962402344,0.0010878583552957964,gain,asset,7
32,supersmoother_slope_over_atr,1726.780505180359,0.0010193687356695304,gain,asset,7
33,range_to_atr,1475.7249879837036,0.0008711633648190619,gain,asset,7
34,lag_close_ret_4,1438.1078443527222,0.0008489568712736604,gain,asset,7
35,lag_close_ret_24,1396.4797019958496,0.0008243825685668064,gain,asset,7
36,lag_close_ret_8,1154.969799041748,0.0006818122513276274,gain,asset,7
37,lag_close_ret_2,1133.8906354904175,0.0006693686082393319,gain,asset,7
38,upper_wick_ratio,1096.0863018035889,0.0006470516109617037,gain,asset,7
39,dominant_cycle_phase_normalized,1040.1616668701172,0.0006140376730385635,gain,asset,7
40,lag_close_ret_48,993.9595470428467,0.0005867632184496419,gain,asset,7
41,close_ret_robust_z_128,985.5717058181763,0.0005818116319112613,gain,asset,7
42,close_location,913.9726629257202,0.0005395446352608629,gain,asset,7
43,lag_close_ret_1,913.7384576797485,0.000539406377095012,gain,asset,7
44,close_ret,902.0008993148804,0.0005324773551409488,gain,asset,7
45,body_ratio,696.5667991638184,0.00041120363314434626,gain,asset,7
46,lower_wick_ratio,573.9513931274414,0.00033882019410855945,gain,asset,7
47,lag_close_ret_16,569.3425159454346,0.0003360994399120742,gain,asset,7
48,ret_1,234.87679958343506,0.000138654603472295,gain,asset,7
1,vol_rolling_192,1151.0,0.1052872301500183,split,asset,7
2,atr_48,1100.0,0.10062202707647273,split,asset,7
3,bollinger_bandwidth,930.0,0.08507135016465422,split,asset,7
4,vol_rolling_96,836.0,0.07647274057811929,split,asset,7
5,ema_trend_48_192,725.0,0.06631906330040249,split,asset,7
6,bollinger_bandwidth_rank_192,605.0,0.05534211489206001,split,asset,7
7,atr_over_price_48,540.0,0.04939626783754116,split,asset,7
8,vol_rolling_48,538.0,0.04921331869740212,split,asset,7
9,atr_pct_rank_192,463.0,0.04235272594218807,split,asset,7
10,vol_rolling_24,430.0,0.03933406512989389,split,asset,7
11,mama_minus_fama_over_atr,392.0,0.035858031467252104,split,asset,7
12,close_over_bb_upper_192,330.0,0.030186608122941824,split,asset,7
13,close_over_bb_mid_192,308.0,0.028174167581412366,split,asset,7
14,ret_48,308.0,0.028174167581412366,split,asset,7
15,bollinger_percent_b,248.0,0.022685693377241127,split,asset,7
16,ret_24,204.0,0.018660812294182216,split,asset,7
17,distance_from_ema96_atr,184.0,0.016831320892791803,split,asset,7
18,roofing_filter_over_atr,168.0,0.015367727771679473,split,asset,7
19,atr_pct,148.0,0.01353823637028906,split,asset,7
20,ret_16,131.0,0.011983168679107209,split,asset,7
21,close_over_vwap_32,123.0,0.011251372118551043,split,asset,7
22,frama_slope_over_atr,79.0,0.007226491035492133,split,asset,7
23,rolling_return_48,76.0,0.006952067325283571,split,asset,7
24,close_minus_decycler_over_atr,75.0,0.006860592755214051,split,asset,7
25,ema_alignment_score,68.0,0.0062202707647274055,split,asset,7
26,ret_4,60.0,0.005488474204171241,split,asset,7
27,distance_from_ema24_atr,49.0,0.004482253933406513,split,asset,7
28,instantaneous_trendline_slope_over_atr,46.0,0.004207830223197951,split,asset,7
29,lag_close_ret_4,45.0,0.00411635565312843,split,asset,7
30,lag_close_ret_2,42.0,0.0038419319429198683,split,asset,7
31,rolling_return_24,41.0,0.0037504573728503474,split,asset,7
32,lag_close_ret_8,38.0,0.0034760336626417855,split,asset,7
33,lag_close_ret_48,38.0,0.0034760336626417855,split,asset,7
34,ret_8,38.0,0.0034760336626417855,split,asset,7
35,supersmoother_slope_over_atr,37.0,0.003384559092572265,split,asset,7
36,lag_close_ret_24,37.0,0.003384559092572265,split,asset,7
37,upper_wick_ratio,36.0,0.003293084522502744,split,asset,7
38,lag_close_ret_1,35.0,0.0032016099524332237,split,asset,7
39,close_ret,34.0,0.0031101353823637027,split,asset,7
40,range_to_atr,29.0,0.0026527625320160995,split,asset,7
41,dominant_cycle_phase_normalized,28.0,0.002561287961946579,split,asset,7
42,close_ret_robust_z_128,28.0,0.002561287961946579,split,asset,7
43,close_location,24.0,0.0021953896816684962,split,asset,7
44,decycler_slope_over_atr,21.0,0.0019209659714599342,split,asset,7
45,lower_wick_ratio,20.0,0.0018294914013904135,split,asset,7
46,lag_close_ret_16,18.0,0.001646542261251372,split,asset,7
47,body_ratio,18.0,0.001646542261251372,split,asset,7
48,ret_1,10.0,0.0009147457006952067,split,asset,7
1,vol_rolling_192,218980.4552268982,0.12660059394215495,gain,asset,8
2,atr_48,190850.4602880478,0.11033761712462009,gain,asset,8
3,bollinger_bandwidth,161882.0109167099,0.09358989919612005,gain,asset,8
4,vol_rolling_96,151373.26246261597,0.08751440814602393,gain,asset,8
5,ema_trend_48_192,127943.78107261658,0.07396896977958546,gain,asset,8
6,atr_over_price_48,104228.65970993042,0.06025839251909229,gain,asset,8
7,bollinger_bandwidth_rank_192,99365.47824954987,0.05744680981097018,gain,asset,8
8,vol_rolling_48,94525.51932525635,0.054648652898581375,gain,asset,8
9,atr_pct_rank_192,79626.38415622711,0.04603491903968922,gain,asset,8
10,mama_minus_fama_over_atr,61108.17456626892,0.03532886616202563,gain,asset,8
11,close_over_bb_upper_192,54514.09659862518,0.03151658900542014,gain,asset,8
12,close_over_bb_mid_192,53064.966225624084,0.03067879384360325,gain,asset,8
13,vol_rolling_24,52110.63972759247,0.0301270628622225,gain,asset,8
14,ret_48,46829.78897666931,0.02707401029232984,gain,asset,8
15,bollinger_percent_b,38624.83259487152,0.022330425527521656,gain,asset,8
16,atr_pct,27942.163365364075,0.01615438452905952,gain,asset,8
17,distance_from_ema96_atr,27583.106985092163,0.015946800930084697,gain,asset,8
18,ret_24,23920.569944381714,0.013829354584434166,gain,asset,8
19,close_over_vwap_32,15032.779719352722,0.008690998651453456,gain,asset,8
20,roofing_filter_over_atr,14459.403913497925,0.008359509169901027,gain,asset,8
21,rolling_return_48,11477.519354820251,0.006635572867894641,gain,asset,8
22,rolling_return_24,8575.165588378906,0.00495761621974995,gain,asset,8
23,ema_alignment_score,8515.748404502869,0.004923264977027021,gain,asset,8
24,ret_16,7981.0782108306885,0.0046141526226302415,gain,asset,8
25,frama_slope_over_atr,6710.682008743286,0.003879690208806712,gain,asset,8
26,distance_from_ema24_atr,6065.621890068054,0.0035067574095390165,gain,asset,8
27,instantaneous_trendline_slope_over_atr,6028.103834152222,0.00348506685200694,gain,asset,8
28,close_minus_decycler_over_atr,5267.623748779297,0.003045405557168391,gain,asset,8
29,decycler_slope_over_atr,3039.5079221725464,0.0017572504716926113,gain,asset,8
30,ret_4,2532.839945793152,0.0014643272211922994,gain,asset,8
31,range_to_atr,2141.9690227508545,0.001238350473812724,gain,asset,8
32,supersmoother_slope_over_atr,1923.5293979644775,0.001112062553688518,gain,asset,8
33,ret_8,1899.0401935577393,0.0010979044507662666,gain,asset,8
34,lag_close_ret_24,1533.8077020645142,0.0008867502164666581,gain,asset,8
35,lag_close_ret_48,1325.5693063735962,0.0007663599992268805,gain,asset,8
36,lag_close_ret_4,1297.1080884933472,0.0007499055303373025,gain,asset,8
37,lag_close_ret_2,1194.9201860427856,0.0006908269740773876,gain,asset,8
38,lag_close_ret_8,1076.2908163070679,0.0006222430054672037,gain,asset,8
39,dominant_cycle_phase_normalized,964.230806350708,0.0005574570235267647,gain,asset,8
40,upper_wick_ratio,952.3933534622192,0.0005506133599455005,gain,asset,8
41,lower_wick_ratio,920.3901996612549,0.000532111168619676,gain,asset,8
42,close_ret_robust_z_128,905.4476175308228,0.000523472316486585,gain,asset,8
43,close_ret,847.5719919204712,0.0004900123048638478,gain,asset,8
44,lag_close_ret_1,693.9342041015625,0.0004011886919542906,gain,asset,8
45,body_ratio,584.6266031265259,0.0003379939781087424,gain,asset,8
46,close_location,502.9816017150879,0.00029079202275438855,gain,asset,8
47,lag_close_ret_16,494.44349479675293,0.0002858558315044306,gain,asset,8
48,ret_1,276.6434497833252,0.00015993767579159572,gain,asset,8
1,vol_rolling_192,1132.0,0.10407281419509055,split,asset,8
2,atr_48,1086.0,0.09984370690447733,split,asset,8
3,bollinger_bandwidth,898.0,0.08255952928197113,split,asset,8
4,vol_rolling_96,843.0,0.07750298795623793,split,asset,8
5,ema_trend_48_192,726.0,0.06674634549967821,split,asset,8
6,bollinger_bandwidth_rank_192,614.0,0.05644938861818516,split,asset,8
7,vol_rolling_48,585.0,0.053783212282798566,split,asset,8
8,atr_over_price_48,568.0,0.05222028132757194,split,asset,8
9,atr_pct_rank_192,464.0,0.042658821366185526,split,asset,8
10,vol_rolling_24,385.0,0.035395789280132386,split,asset,8
11,mama_minus_fama_over_atr,384.0,0.03530385216511906,split,asset,8
12,close_over_bb_mid_192,346.0,0.03181024179461248,split,asset,8
13,close_over_bb_upper_192,311.0,0.028592442769145906,split,asset,8
14,ret_48,276.0,0.025374643743679322,split,asset,8
15,bollinger_percent_b,258.0,0.02371977567343937,split,asset,8
16,ret_24,189.0,0.017376114737519537,split,asset,8
17,distance_from_ema96_atr,171.0,0.01572124666727958,split,asset,8
18,atr_pct,158.0,0.014526064172106279,split,asset,8
19,roofing_filter_over_atr,149.0,0.0136986301369863,split,asset,8
20,ret_16,119.0,0.010940516686586375,split,asset,8
21,close_over_vwap_32,117.0,0.010756642456559714,split,asset,8
22,frama_slope_over_atr,110.0,0.010113082651466397,split,asset,8
23,rolling_return_48,81.0,0.007446906316079802,split,asset,8
24,close_minus_decycler_over_atr,78.0,0.007171094971039809,split,asset,8
25,ret_4,56.0,0.005148478440746529,split,asset,8
26,distance_from_ema24_atr,53.0,0.004872667095706537,split,asset,8
27,ema_alignment_score,48.0,0.004412981520639883,split,asset,8
28,rolling_return_24,48.0,0.004412981520639883,split,asset,8
29,lag_close_ret_48,45.0,0.00413717017559989,split,asset,8
30,supersmoother_slope_over_atr,44.0,0.004045233060586559,split,asset,8
31,lag_close_ret_24,42.0,0.003861358830559897,split,asset,8
32,instantaneous_trendline_slope_over_atr,42.0,0.003861358830559897,split,asset,8
33,decycler_slope_over_atr,41.0,0.0037694217155465662,split,asset,8
34,range_to_atr,40.0,0.003677484600533235,split,asset,8
35,lag_close_ret_2,39.0,0.0035855474855199044,split,asset,8
36,lag_close_ret_4,39.0,0.0035855474855199044,split,asset,8
37,ret_8,38.0,0.0034936103705065736,split,asset,8
38,lower_wick_ratio,34.0,0.00312586191045325,split,asset,8
39,close_ret,32.0,0.0029419876804265884,split,asset,8
40,lag_close_ret_8,30.0,0.0027581134503999265,split,asset,8
41,upper_wick_ratio,30.0,0.0027581134503999265,split,asset,8
42,dominant_cycle_phase_normalized,27.0,0.002482302105359934,split,asset,8
43,lag_close_ret_1,26.0,0.0023903649903466028,split,asset,8
44,close_ret_robust_z_128,22.0,0.0020226165302932794,split,asset,8
45,body_ratio,15.0,0.0013790567251999633,split,asset,8
46,lag_close_ret_16,14.0,0.0012871196101866323,split,asset,8
47,close_location,14.0,0.0012871196101866323,split,asset,8
48,ret_1,10.0,0.0009193711501333088,split,asset,8
1,vol_rolling_192,216630.7505722046,0.12122537113201326,gain,asset,9
2,atr_48,198098.9965658188,0.11085510397826256,gain,asset,9
3,bollinger_bandwidth,176009.10597610474,0.09849372325124013,gain,asset,9
4,vol_rolling_96,162910.7334537506,0.09116394635643822,gain,asset,9
5,ema_trend_48_192,138735.45668506622,0.07763559504545435,gain,asset,9
6,atr_over_price_48,105709.68832492828,0.059154557538993756,gain,asset,9
7,bollinger_bandwidth_rank_192,104161.89544868469,0.05828842119702703,gain,asset,9
8,vol_rolling_48,99207.19224643707,0.055515796659859826,gain,asset,9
9,atr_pct_rank_192,80657.7906742096,0.0451356540257672,gain,asset,9
10,mama_minus_fama_over_atr,62494.12906360626,0.03497136934298029,gain,asset,9
11,vol_rolling_24,57715.36576080322,0.03229719980147165,gain,asset,9
12,close_over_bb_mid_192,52620.245522499084,0.029445998666733485,gain,asset,9
13,ret_48,49756.861203193665,0.027843664621892097,gain,asset,9
14,close_over_bb_upper_192,41764.839822769165,0.023371373613446253,gain,asset,9
15,bollinger_percent_b,36195.384059906006,0.020254736939875843,gain,asset,9
16,atr_pct,34284.835916519165,0.019185604754644123,gain,asset,9
17,distance_from_ema96_atr,30829.079184532166,0.017251782380532717,gain,asset,9
18,ret_24,23735.943519592285,0.013282502852114813,gain,asset,9
19,roofing_filter_over_atr,15049.659267425537,0.008421706176454933,gain,asset,9
20,close_over_vwap_32,14346.158243179321,0.008028030890140612,gain,asset,9
21,rolling_return_48,12890.595269203186,0.0072135058919111416,gain,asset,9
22,close_minus_decycler_over_atr,9753.229630470276,0.005457853414469086,gain,asset,9
23,ema_alignment_score,8745.442274093628,0.004893901177881189,gain,asset,9
24,distance_from_ema24_atr,7717.514579772949,0.004318678519455486,gain,asset,9
25,ret_16,7694.656349182129,0.0043058871799089345,gain,asset,9
26,frama_slope_over_atr,6784.293333053589,0.0037964530658529164,gain,asset,9
27,rolling_return_24,5772.212505340576,0.003230098226426684,gain,asset,9
28,instantaneous_trendline_slope_over_atr,4722.409774780273,0.0026426344185811954,gain,asset,9
29,decycler_slope_over_atr,4535.234298706055,0.002537892056317415,gain,asset,9
30,ret_4,2329.8930072784424,0.0013037952541787073,gain,asset,9
31,ret_8,1663.98570728302,0.0009311572082492317,gain,asset,9
32,supersmoother_slope_over_atr,1583.3994226455688,0.0008860615686065626,gain,asset,9
33,lag_close_ret_24,1318.3973236083984,0.0007377678581259906,gain,asset,9
34,range_to_atr,1276.2326974868774,0.0007141727663085882,gain,asset,9
35,close_ret_robust_z_128,1079.0407495498657,0.0006038252417315486,gain,asset,9
36,body_ratio,997.3510971069336,0.0005581121635610562,gain,asset,9
37,lag_close_ret_4,954.8895950317383,0.0005343509416002219,gain,asset,9
38,lag_close_ret_48,834.2740983963013,0.0004668551760854851,gain,asset,9
39,upper_wick_ratio,746.1559028625488,0.00041754472071916805,gain,asset,9
40,lag_close_ret_2,706.9387998580933,0.0003955990465529654,gain,asset,9
41,dominant_cycle_phase_normalized,689.6097269058228,0.0003859017930722665,gain,asset,9
42,lag_close_ret_8,641.8400764465332,0.00035917016060329354,gain,asset,9
43,lag_close_ret_1,624.7929210662842,0.000349630666638299,gain,asset,9
44,close_ret,615.2862958908081,0.0003443108117143513,gain,asset,9
45,lower_wick_ratio,596.7085094451904,0.0003339147850619364,gain,asset,9
46,lag_close_ret_16,443.70680046081543,0.00024829587405104985,gain,asset,9
47,close_location,210.13539695739746,0.00011759060713609473,gain,asset,9
48,ret_1,166.01339721679688,9.290017985597441e-05,gain,asset,9
1,vol_rolling_192,1152.0,0.10538834507364377,split,asset,9
2,atr_48,1110.0,0.1015460616595005,split,asset,9
3,bollinger_bandwidth,952.0,0.08709175738724728,split,asset,9
4,vol_rolling_96,893.0,0.08169426401976032,split,asset,9
5,ema_trend_48_192,730.0,0.06678254505534718,split,asset,9
6,vol_rolling_48,621.0,0.05681090476626109,split,asset,9
7,bollinger_bandwidth_rank_192,607.0,0.05553014362821334,split,asset,9
8,atr_over_price_48,595.0,0.05443234836702955,split,asset,9
9,atr_pct_rank_192,468.0,0.04281401518616778,split,asset,9
10,vol_rolling_24,393.0,0.035952794803769096,split,asset,9
11,mama_minus_fama_over_atr,389.0,0.03558686305004117,split,asset,9
12,close_over_bb_mid_192,326.0,0.029823437928826274,split,asset,9
13,ret_48,307.0,0.028085262098618606,split,asset,9
14,close_over_bb_upper_192,280.0,0.02561522276095508,split,asset,9
15,bollinger_percent_b,244.0,0.022321836977403715,split,asset,9
16,distance_from_ema96_atr,190.0,0.017381758302076663,split,asset,9
17,atr_pct,176.0,0.016100997164028907,split,asset,9
18,ret_24,151.0,0.013813923703229349,split,asset,9
19,roofing_filter_over_atr,146.0,0.013356509011069436,split,asset,9
20,close_over_vwap_32,117.0,0.010703503796541945,split,asset,9
21,ret_16,104.0,0.009514225596926173,split,asset,9
22,frama_slope_over_atr,100.0,0.009148293843198244,split,asset,9
23,close_minus_decycler_over_atr,95.0,0.008690879151038331,split,asset,9
24,rolling_return_48,78.0,0.00713566919769463,split,asset,9
25,distance_from_ema24_atr,74.0,0.0067697374439667,split,asset,9
26,ret_4,46.0,0.004208215167871192,split,asset,9
27,ema_alignment_score,44.0,0.004025249291007227,split,asset,9
28,decycler_slope_over_atr,41.0,0.0037508004757112797,split,asset,9
29,ret_8,38.0,0.0034763516604153326,split,asset,9
30,supersmoother_slope_over_atr,37.0,0.00338486872198335,split,asset,9
31,lag_close_ret_24,37.0,0.00338486872198335,split,asset,9
32,rolling_return_24,37.0,0.00338486872198335,split,asset,9
33,instantaneous_trendline_slope_over_atr,35.0,0.003201902845119385,split,asset,9
34,lag_close_ret_48,28.0,0.002561522276095508,split,asset,9
35,close_ret_robust_z_128,28.0,0.002561522276095508,split,asset,9
36,range_to_atr,28.0,0.002561522276095508,split,asset,9
37,body_ratio,27.0,0.002470039337663526,split,asset,9
38,lag_close_ret_4,26.0,0.002378556399231543,split,asset,9
39,close_ret,25.0,0.002287073460799561,split,asset,9
40,dominant_cycle_phase_normalized,24.0,0.0021955905223675783,split,asset,9
41,upper_wick_ratio,22.0,0.0020126246455036134,split,asset,9
42,lag_close_ret_2,22.0,0.0020126246455036134,split,asset,9
43,lag_close_ret_1,22.0,0.0020126246455036134,split,asset,9
44,lag_close_ret_8,20.0,0.0018296587686396487,split,asset,9
45,lower_wick_ratio,18.0,0.0016466928917756838,split,asset,9
46,lag_close_ret_16,15.0,0.0013722440764797365,split,asset,9
47,ret_1,7.0,0.000640380569023877,split,asset,9
48,close_location,6.0,0.0005488976305918946,split,asset,9
