rank,feature,importance,importance_normalized,importance_type,asset,fold
1,atr_48,153780.88760185242,0.1246811908846371,gain,asset,0
2,vol_rolling_192,132481.17865800858,0.10741198976329687,gain,asset,0
3,bollinger_bandwidth,121075.89565515518,0.09816490913222538,gain,asset,0
4,ema_trend_48_192,104084.17832565308,0.08438850567367277,gain,asset,0
5,vol_rolling_96,83243.68309831619,0.06749162203558759,gain,asset,0
6,bollinger_bandwidth_rank_192,81350.46672391891,0.06595665578689945,gain,asset,0
7,atr_over_price_48,75999.66704654694,0.0616183788633903,gain,asset,0
8,atr_pct_rank_192,64012.455496788025,0.0518994870380318,gain,asset,0
9,vol_rolling_48,59399.55860900879,0.04815948080991439,gain,asset,0
10,vol_rolling_24,42305.85379552841,0.03430038878611784,gain,asset,0
11,close_over_bb_upper_192,38616.88322973251,0.03130947586804033,gain,asset,0
12,mama_minus_fama_over_atr,38493.93468999863,0.031209792672094443,gain,asset,0
13,ret_48,37224.60929489136,0.030180659570119936,gain,asset,0
14,bollinger_percent_b,29500.012910842896,0.02391777546738361,gain,asset,0
15,close_over_bb_mid_192,28445.720457553864,0.02306298498810705,gain,asset,0
16,distance_from_ema96_atr,20582.22475719452,0.016687485251264483,gain,asset,0
17,close_range_pos_96,19766.87061357498,0.01602641919029591,gain,asset,0
18,atr_pct,12988.868136405945,0.010531006633825037,gain,asset,0
19,ret_24,12711.038311481476,0.01030575007577643,gain,asset,0
20,roofing_filter_over_atr,10820.054172992706,0.008772593660779256,gain,asset,0
21,ret_16,9892.423422813416,0.008020496905212279,gain,asset,0
22,rolling_return_48,8456.503777503967,0.006856293900640265,gain,asset,0
23,close_minus_decycler_over_atr,7311.195899963379,0.0059277106915809575,gain,asset,0
24,ema_alignment_score,6281.327253341675,0.00509272234343205,gain,asset,0
25,distance_from_ema24_atr,4897.605861186981,0.003970840205041292,gain,asset,0
26,rolling_return_24,4667.646812438965,0.0037843959173295876,gain,asset,0
27,frama_slope_over_atr,3165.1490688323975,0.002566213275157802,gain,asset,0
28,decycler_slope_over_atr,3045.0157833099365,0.002468812607640494,gain,asset,0
29,instantaneous_trendline_slope_over_atr,2250.468277454376,0.0018246159796370533,gain,asset,0
30,supersmoother_slope_over_atr,1696.1172976493835,0.0013751638961694368,gain,asset,0
31,upper_wick_ratio,1386.7042207717896,0.001124300531404247,gain,asset,0
32,ret_4,1374.9791717529297,0.0011147941935384055,gain,asset,0
33,range_to_atr,1281.8541107177734,0.0010392910299649892,gain,asset,0
34,lag_close_ret_16,1110.3467540740967,0.0009002377197306672,gain,asset,0
35,lag_close_ret_24,1043.174328804016,0.0008457762186437008,gain,asset,0
36,close_ret,1028.7408056259155,0.000834073926593171,gain,asset,0
37,lag_close_ret_1,928.3375959396362,0.0007526698461021279,gain,asset,0
38,lag_close_ret_48,877.3613018989563,0.0007113397097828937,gain,asset,0
39,lower_wick_ratio,818.546010017395,0.0006636539358978673,gain,asset,0
40,lag_close_ret_2,805.0270199775696,0.0006526931214299016,gain,asset,0
41,ret_8,794.4657955169678,0.0006441303795737288,gain,asset,0
42,lag_close_ret_8,708.3342752456665,0.0005742973808987963,gain,asset,0
43,lag_close_ret_4,658.825014591217,0.0005341566737245954,gain,asset,0
44,close_location,641.7160520553589,0.0005202852111713662,gain,asset,0
45,dominant_cycle_phase_normalized,612.0006113052368,0.0004961927729096009,gain,asset,0
46,body_ratio,528.4655566215515,0.0004284649150398971,gain,asset,0
47,ret_1,246.4621810913086,0.00019982456029288314,gain,asset,0
1,atr_48,1137.0,0.10781338896263987,split,asset,0
2,vol_rolling_192,970.0,0.09197800113787218,split,asset,0
3,bollinger_bandwidth,783.0,0.07424615968139579,split,asset,0
4,ema_trend_48_192,777.0,0.07367722359188318,split,asset,0
5,vol_rolling_96,681.0,0.0645742461596814,split,asset,0
6,bollinger_bandwidth_rank_192,596.0,0.0565143182249194,split,asset,0
7,atr_over_price_48,556.0,0.05272141096150199,split,asset,0
8,atr_pct_rank_192,510.0,0.04835956760857197,split,asset,0
9,vol_rolling_48,493.0,0.04674758202161957,split,asset,0
10,vol_rolling_24,423.0,0.04010999431063911,split,asset,0
11,mama_minus_fama_over_atr,374.0,0.03546368291295278,split,asset,0
12,close_over_bb_upper_192,322.0,0.030532903470510145,split,asset,0
13,ret_48,282.0,0.026739996207092737,split,asset,0
14,close_range_pos_96,268.0,0.025412478664896643,split,asset,0
15,close_over_bb_mid_192,251.0,0.023800493077944244,split,asset,0
16,bollinger_percent_b,227.0,0.021524748719893797,split,asset,0
17,distance_from_ema96_atr,187.0,0.01773184145647639,split,asset,0
18,ret_24,158.0,0.014981983690498767,split,asset,0
19,roofing_filter_over_atr,145.0,0.01374928882988811,split,asset,0
20,ret_16,124.0,0.011758012516593969,split,asset,0
21,atr_pct,119.0,0.011283899108666793,split,asset,0
22,close_minus_decycler_over_atr,94.0,0.008913332069030912,split,asset,0
23,frama_slope_over_atr,82.0,0.007775459890005689,split,asset,0
24,rolling_return_48,76.0,0.007206523800493078,split,asset,0
25,distance_from_ema24_atr,69.0,0.006542765029395031,split,asset,0
26,ret_4,57.0,0.005404892850369808,split,asset,0
27,range_to_atr,52.0,0.004930779442442633,split,asset,0
28,supersmoother_slope_over_atr,52.0,0.004930779442442633,split,asset,0
29,lag_close_ret_1,52.0,0.004930779442442633,split,asset,0
30,upper_wick_ratio,51.0,0.004835956760857197,split,asset,0
31,rolling_return_24,49.0,0.004646311397686327,split,asset,0
32,lag_close_ret_16,44.0,0.00417219798975915,split,asset,0
33,lag_close_ret_4,43.0,0.004077375308173715,split,asset,0
34,lag_close_ret_2,42.0,0.00398255262658828,split,asset,0
35,close_ret,42.0,0.00398255262658828,split,asset,0
36,decycler_slope_over_atr,41.0,0.0038877299450028446,split,asset,0
37,instantaneous_trendline_slope_over_atr,41.0,0.0038877299450028446,split,asset,0
38,ema_alignment_score,41.0,0.0038877299450028446,split,asset,0
39,lag_close_ret_48,38.0,0.003603261900246539,split,asset,0
40,lag_close_ret_24,33.0,0.003129148492319363,split,asset,0
41,lag_close_ret_8,33.0,0.003129148492319363,split,asset,0
42,lower_wick_ratio,33.0,0.003129148492319363,split,asset,0
43,close_location,27.0,0.0025602124028067516,split,asset,0
44,ret_8,21.0,0.00199127631329414,split,asset,0
45,dominant_cycle_phase_normalized,21.0,0.00199127631329414,split,asset,0
46,body_ratio,19.0,0.0018016309501232696,split,asset,0
47,ret_1,10.0,0.0009482268158543523,split,asset,0
1,atr_48,158360.26975774765,0.11732923509236837,gain,asset,1
2,vol_rolling_192,142041.65863275528,0.10523876464801946,gain,asset,1
3,bollinger_bandwidth,134409.62712192535,0.09958418714107051,gain,asset,1
4,ema_trend_48_192,108122.86726331711,0.08010830829857198,gain,asset,1
5,vol_rolling_96,96907.54385137558,0.07179886730526215,gain,asset,1
6,bollinger_bandwidth_rank_192,93183.06465244293,0.06903939805077873,gain,asset,1
7,atr_over_price_48,82241.54783725739,0.06093282055732129,gain,asset,1
8,atr_pct_rank_192,69629.82940387726,0.05158878951182973,gain,asset,1
9,vol_rolling_48,63874.10853052139,0.047324371874065616,gain,asset,1
10,mama_minus_fama_over_atr,48305.0389251709,0.035789237268081246,gain,asset,1
11,vol_rolling_24,45359.364117622375,0.03360678473418981,gain,asset,1
12,ret_48,38914.481676101685,0.02883176680652009,gain,asset,1
13,close_over_bb_upper_192,37599.383357048035,0.027857409538236417,gain,asset,1
14,close_over_bb_mid_192,33250.76632022858,0.024635516121281648,gain,asset,1
15,bollinger_percent_b,28035.96647834778,0.02077186725566873,gain,asset,1
16,atr_pct,22258.400272369385,0.016491264395620892,gain,asset,1
17,close_range_pos_96,21697.70307636261,0.016075843449277802,gain,asset,1
18,distance_from_ema96_atr,21175.749715328217,0.015689127837478587,gain,asset,1
19,ret_24,18609.463969230652,0.013787764925690895,gain,asset,1
20,roofing_filter_over_atr,12609.715265750885,0.009342546897188074,gain,asset,1
21,close_minus_decycler_over_atr,11087.460657596588,0.008214707388807606,gain,asset,1
22,ret_16,10142.244052886963,0.0075143957424783974,gain,asset,1
23,rolling_return_48,8422.110719680786,0.006239947747721223,gain,asset,1
24,distance_from_ema24_atr,7742.27082824707,0.00573625389465304,gain,asset,1
25,ema_alignment_score,5608.666337490082,0.004155464828853207,gain,asset,1
26,rolling_return_24,4233.118751525879,0.00313632065625724,gain,asset,1
27,instantaneous_trendline_slope_over_atr,4041.224778175354,0.00299414627661963,gain,asset,1
28,frama_slope_over_atr,3691.2219157218933,0.0027348289099933657,gain,asset,1
29,decycler_slope_over_atr,1987.568504333496,0.0014725909008861272,gain,asset,1
30,range_to_atr,1625.1135177612305,0.0012040477467541357,gain,asset,1
31,ret_4,1471.044538974762,0.0010898979321564987,gain,asset,1
32,supersmoother_slope_over_atr,1272.7683992385864,0.0009429950009610631,gain,asset,1
33,ret_8,1064.9892978668213,0.000789051318815143,gain,asset,1
34,upper_wick_ratio,1029.0132808685303,0.0007623966625523274,gain,asset,1
35,lag_close_ret_4,1019.7227072715759,0.0007555132700488445,gain,asset,1
36,lag_close_ret_16,1014.2653007507324,0.0007514698737243864,gain,asset,1
37,lag_close_ret_48,982.4312596321106,0.0007278840103000525,gain,asset,1
38,lag_close_ret_24,917.7838916778564,0.0006799867299758225,gain,asset,1
39,lag_close_ret_1,829.5284967422485,0.0006145982458793363,gain,asset,1
40,dominant_cycle_phase_normalized,787.5108985900879,0.0005834673778961417,gain,asset,1
41,lag_close_ret_8,754.7512493133545,0.0005591957307373357,gain,asset,1
42,close_ret,737.0461072921753,0.0005460779785781324,gain,asset,1
43,lag_close_ret_2,726.1869015693665,0.0005380323854308304,gain,asset,1
44,body_ratio,676.3530101776123,0.0005011104202964245,gain,asset,1
45,close_location,665.3408975601196,0.0004929515383234527,gain,asset,1
46,lower_wick_ratio,431.3704319000244,0.000319602655980057,gain,asset,1
47,ret_1,160.87589931488037,0.00011919306679817219,gain,asset,1
1,atr_48,1115.0,0.10346107451053169,split,asset,1
2,vol_rolling_192,1014.0,0.09408926417370325,split,asset,1
3,bollinger_bandwidth,879.0,0.08156258699081377,split,asset,1
4,ema_trend_48_192,743.0,0.06894311960656954,split,asset,1
5,vol_rolling_96,702.0,0.06513872135102533,split,asset,1
6,bollinger_bandwidth_rank_192,621.0,0.05762271504129164,split,asset,1
7,atr_over_price_48,576.0,0.053447155980328474,split,asset,1
8,vol_rolling_48,538.0,0.04992112832884847,split,asset,1
9,atr_pct_rank_192,522.0,0.04843648510717268,split,asset,1
10,mama_minus_fama_over_atr,399.0,0.03702329034054004,split,asset,1
11,vol_rolling_24,395.0,0.03665212953512109,split,asset,1
12,ret_48,318.0,0.029507284030806345,split,asset,1
13,close_over_bb_upper_192,313.0,0.029043333024032662,split,asset,1
14,close_over_bb_mid_192,248.0,0.02301196993597476,split,asset,1
15,close_range_pos_96,245.0,0.02273359933191055,split,asset,1
16,bollinger_percent_b,194.0,0.018001299062818967,split,asset,1
17,distance_from_ema96_atr,189.0,0.01753734805604528,split,asset,1
18,ret_24,176.0,0.016331075438433703,split,asset,1
19,roofing_filter_over_atr,171.0,0.015867124431660017,split,asset,1
20,atr_pct,159.0,0.014753642015403173,split,asset,1
21,ret_16,136.0,0.012619467384244224,split,asset,1
22,close_minus_decycler_over_atr,127.0,0.011784355572051592,split,asset,1
23,rolling_return_48,82.0,0.007608796511088429,split,asset,1
24,distance_from_ema24_atr,72.0,0.006680894497541059,split,asset,1
25,frama_slope_over_atr,72.0,0.006680894497541059,split,asset,1
26,ret_4,54.0,0.005010670873155795,split,asset,1
27,rolling_return_24,50.0,0.004639510067736847,split,asset,1
28,ema_alignment_score,48.0,0.004453929665027373,split,asset,1
29,instantaneous_trendline_slope_over_atr,46.0,0.0042683492623178994,split,asset,1
30,lag_close_ret_1,43.0,0.0039899786582536885,split,asset,1
31,lag_close_ret_48,42.0,0.0038971884568989516,split,asset,1
32,lag_close_ret_16,40.0,0.0037116080541894775,split,asset,1
33,lag_close_ret_2,39.0,0.0036188178528347406,split,asset,1
34,lag_close_ret_4,37.0,0.003433237450125267,split,asset,1
35,range_to_atr,37.0,0.003433237450125267,split,asset,1
36,lag_close_ret_8,36.0,0.0033404472487705296,split,asset,1
37,upper_wick_ratio,36.0,0.0033404472487705296,split,asset,1
38,close_ret,35.0,0.003247657047415793,split,asset,1
39,supersmoother_slope_over_atr,32.0,0.0029692864433515822,split,asset,1
40,decycler_slope_over_atr,32.0,0.0029692864433515822,split,asset,1
41,lag_close_ret_24,30.0,0.002783706040642108,split,asset,1
42,ret_8,28.0,0.0025981256379326344,split,asset,1
43,dominant_cycle_phase_normalized,28.0,0.0025981256379326344,split,asset,1
44,close_location,27.0,0.0025053354365778976,split,asset,1
45,body_ratio,27.0,0.0025053354365778976,split,asset,1
46,lower_wick_ratio,17.0,0.001577433423030528,split,asset,1
47,ret_1,7.0,0.0006495314094831586,split,asset,1
1,atr_48,175217.3294506073,0.12177728177025099,gain,asset,2
2,vol_rolling_192,148527.4803762436,0.10322764811628939,gain,asset,2
3,bollinger_bandwidth,142968.73628282547,0.09936428170227428,gain,asset,2
4,vol_rolling_96,108049.75919008255,0.07509534594183853,gain,asset,2
5,ema_trend_48_192,104703.3975906372,0.07276960099024869,gain,asset,2
6,bollinger_bandwidth_rank_192,92753.47319078445,0.06446431911352493,gain,asset,2
7,atr_over_price_48,79805.95213460922,0.05546570051325358,gain,asset,2
8,vol_rolling_48,78434.69097089767,0.05451266431736191,gain,asset,2
9,atr_pct_rank_192,71177.00967884064,0.049468524548352065,gain,asset,2
10,mama_minus_fama_over_atr,52480.864954948425,0.036474571888546116,gain,asset,2
11,vol_rolling_24,48364.56346702576,0.03361371327531536,gain,asset,2
12,close_over_bb_mid_192,42959.92691421509,0.0298574526906969,gain,asset,2
13,ret_48,38304.16490459442,0.02662166520393104,gain,asset,2
14,close_over_bb_upper_192,37997.52906513214,0.02640855112931217,gain,asset,2
15,bollinger_percent_b,34258.02766609192,0.023809571239714326,gain,asset,2
16,atr_pct,27042.73392677307,0.018794891119299367,gain,asset,2
17,close_range_pos_96,23488.245312213898,0.01632449642191676,gain,asset,2
18,distance_from_ema96_atr,19921.902824401855,0.013845863198883123,gain,asset,2
19,ret_24,17377.133935928345,0.01207723084417551,gain,asset,2
20,roofing_filter_over_atr,12624.775519371033,0.008774308172194805,gain,asset,2
21,ret_16,12204.129559993744,0.008481956258824011,gain,asset,2
22,distance_from_ema24_atr,9812.812487602234,0.006819974000335576,gain,asset,2
23,ema_alignment_score,8887.754753112793,0.006177052339904572,gain,asset,2
24,rolling_return_48,8495.411108970642,0.005904370735560555,gain,asset,2
25,close_minus_decycler_over_atr,8149.794725894928,0.005664164907756915,gain,asset,2
26,frama_slope_over_atr,5188.171828746796,0.0036058160722046493,gain,asset,2
27,rolling_return_24,5145.609601974487,0.0035762350239220836,gain,asset,2
28,instantaneous_trendline_slope_over_atr,4925.716610431671,0.003423407841391822,gain,asset,2
29,decycler_slope_over_atr,2967.301254272461,0.002062295333867755,gain,asset,2
30,supersmoother_slope_over_atr,1714.8301067352295,0.0011918190383952449,gain,asset,2
31,ret_4,1670.773630619049,0.00116119947626274,gain,asset,2
32,ret_8,1378.4455790519714,0.0009580294153067112,gain,asset,2
33,range_to_atr,1266.388635635376,0.0008801490480191677,gain,asset,2
34,lag_close_ret_24,1177.9099097251892,0.0008186557084641042,gain,asset,2
35,lag_close_ret_48,1068.863028049469,0.0007428673553506938,gain,asset,2
36,upper_wick_ratio,1020.0187916755676,0.0007089202660165074,gain,asset,2
37,lag_close_ret_8,967.2402858734131,0.0006722388316365045,gain,asset,2
38,lag_close_ret_4,937.6012892723083,0.0006516395196175544,gain,asset,2
39,lag_close_ret_2,889.5803575515747,0.0006182646328334578,gain,asset,2
40,lag_close_ret_16,781.5684022903442,0.0005431955608892329,gain,asset,2
41,lag_close_ret_1,774.1696882247925,0.0005380534023463348,gain,asset,2
42,close_location,692.462592124939,0.00048126639334683,gain,asset,2
43,close_ret,681.7112989425659,0.000473794168633843,gain,asset,2
44,body_ratio,568.206139087677,0.0003949072806909319,gain,asset,2
45,dominant_cycle_phase_normalized,458.9640054702759,0.00031898322609871896,gain,asset,2
46,lower_wick_ratio,365.90602016448975,0.0002543072689140781,gain,asset,2
47,ret_1,185.25667238235474,0.00012875469602956498,gain,asset,2
1,atr_48,1208.0,0.11015867225971183,split,asset,2
2,vol_rolling_192,1019.0,0.09292358198066752,split,asset,2
3,bollinger_bandwidth,911.0,0.08307495896407076,split,asset,2
4,vol_rolling_96,745.0,0.06793726062374612,split,asset,2
5,ema_trend_48_192,695.0,0.06337771293087725,split,asset,2
6,bollinger_bandwidth_rank_192,603.0,0.054988145175998544,split,asset,2
7,vol_rolling_48,561.0,0.05115812511398869,split,asset,2
8,atr_over_price_48,545.0,0.049699069852270655,split,asset,2
9,atr_pct_rank_192,484.0,0.044136421666970634,split,asset,2
10,mama_minus_fama_over_atr,426.0,0.03884734634324275,split,asset,2
11,vol_rolling_24,394.0,0.03592923581980668,split,asset,2
12,ret_48,316.0,0.028816341418931243,split,asset,2
13,close_over_bb_upper_192,295.0,0.026901331387926317,split,asset,2
14,close_over_bb_mid_192,284.0,0.025898230895495165,split,asset,2
15,close_range_pos_96,246.0,0.022432974648914826,split,asset,2
16,bollinger_percent_b,239.0,0.021794637971913187,split,asset,2
17,distance_from_ema96_atr,187.0,0.017052708371329564,split,asset,2
18,roofing_filter_over_atr,182.0,0.01659675360204268,split,asset,2
19,ret_24,175.0,0.015958416925041036,split,asset,2
20,atr_pct,155.0,0.014134597847893489,split,asset,2
21,ret_16,149.0,0.013587452124749225,split,asset,2
22,close_minus_decycler_over_atr,114.0,0.010395768739741018,split,asset,2
23,distance_from_ema24_atr,101.0,0.009210286339595112,split,asset,2
24,rolling_return_48,86.0,0.007842422031734452,split,asset,2
25,frama_slope_over_atr,86.0,0.007842422031734452,split,asset,2
26,ret_4,52.0,0.0047419296005836225,split,asset,2
27,instantaneous_trendline_slope_over_atr,51.0,0.004650738646726244,split,asset,2
28,lag_close_ret_48,47.0,0.004285974831296735,split,asset,2
29,rolling_return_24,46.0,0.004194783877439358,split,asset,2
30,ema_alignment_score,44.0,0.004012401969724603,split,asset,2
31,lag_close_ret_24,42.0,0.0038300200620098486,split,asset,2
32,upper_wick_ratio,41.0,0.0037388291081524713,split,asset,2
33,lag_close_ret_8,40.0,0.003647638154295094,split,asset,2
34,lag_close_ret_1,39.0,0.0035564472004377167,split,asset,2
35,supersmoother_slope_over_atr,39.0,0.0035564472004377167,split,asset,2
36,lag_close_ret_16,36.0,0.0032828743388655843,split,asset,2
37,ret_8,35.0,0.003191683385008207,split,asset,2
38,lag_close_ret_2,34.0,0.0031004924311508297,split,asset,2
39,lag_close_ret_4,34.0,0.0031004924311508297,split,asset,2
40,range_to_atr,34.0,0.0031004924311508297,split,asset,2
41,close_ret,33.0,0.0030093014772934524,split,asset,2
42,close_location,26.0,0.0023709648002918113,split,asset,2
43,decycler_slope_over_atr,22.0,0.0020062009848623016,split,asset,2
44,body_ratio,21.0,0.0019150100310049243,split,asset,2
45,lower_wick_ratio,18.0,0.0016414371694327922,split,asset,2
46,dominant_cycle_phase_normalized,16.0,0.0014590552617180376,split,asset,2
47,ret_1,10.0,0.0009119095385737735,split,asset,2
1,atr_48,182400.6851439476,0.11998151866839021,gain,asset,3
2,vol_rolling_192,159496.69712257385,0.10491548279139601,gain,asset,3
3,bollinger_bandwidth,155499.0494184494,0.10228586633867529,gain,asset,3
4,vol_rolling_96,124928.44543027878,0.08217679991594773,gain,asset,3
5,ema_trend_48_192,105778.71445798874,0.06958028032319934,gain,asset,3
6,atr_over_price_48,99549.65149211884,0.06548285912142982,gain,asset,3
7,bollinger_bandwidth_rank_192,96622.9859213829,0.06355772501607122,gain,asset,3
8,vol_rolling_48,75530.47403430939,0.04968326173351853,gain,asset,3
9,atr_pct_rank_192,68099.43694543839,0.04479519284002589,gain,asset,3
10,mama_minus_fama_over_atr,52611.78876876831,0.034607558142425304,gain,asset,3
11,close_over_bb_upper_192,49445.79472064972,0.032524995932263795,gain,asset,3
12,vol_rolling_24,49415.17228317261,0.0325048527702415,gain,asset,3
13,ret_48,38591.937191963196,0.02538542675425097,gain,asset,3
14,close_over_bb_mid_192,36434.39198541641,0.023966213058464157,gain,asset,3
15,bollinger_percent_b,36047.710191726685,0.0237118572767866,gain,asset,3
16,atr_pct,25702.57073020935,0.016906918235852695,gain,asset,3
17,close_range_pos_96,23696.369160175323,0.015587257013431137,gain,asset,3
18,distance_from_ema96_atr,22071.117604255676,0.014518181259995712,gain,asset,3
19,ret_24,20158.31751728058,0.013259958687184744,gain,asset,3
20,roofing_filter_over_atr,12457.325794696808,0.008194316080639072,gain,asset,3
21,rolling_return_48,11762.933185577393,0.007737550911536209,gain,asset,3
22,ret_16,10408.43117237091,0.006846571755094711,gain,asset,3
23,ema_alignment_score,9253.991662979126,0.0060871919016785535,gain,asset,3
24,distance_from_ema24_atr,8754.934136867523,0.005758916381010934,gain,asset,3
25,close_minus_decycler_over_atr,7051.42836523056,0.004638365713232081,gain,asset,3
26,frama_slope_over_atr,6314.760841369629,0.0041537924880999276,gain,asset,3
27,rolling_return_24,5954.230605125427,0.003916638964053047,gain,asset,3
28,decycler_slope_over_atr,4923.217047691345,0.0032384475839547936,gain,asset,3
29,instantaneous_trendline_slope_over_atr,2676.8315963745117,0.0017607955797922742,gain,asset,3
30,lag_close_ret_24,1729.7496738433838,0.0011378136689568698,gain,asset,3
31,supersmoother_slope_over_atr,1711.1535930633545,0.0011255813354461312,gain,asset,3
32,ret_4,1619.1324715614319,0.0010650506751656839,gain,asset,3
33,ret_8,1521.1900553703308,0.00100062504086839,gain,asset,3
34,lag_close_ret_1,1359.361201763153,0.0008941754866639711,gain,asset,3
35,lag_close_ret_4,1305.791226863861,0.0008589376423632647,gain,asset,3
36,range_to_atr,1194.5723485946655,0.0007857788715571031,gain,asset,3
37,lag_close_ret_2,1179.8018760681152,0.0007760629885066274,gain,asset,3
38,lag_close_ret_8,1007.6093006134033,0.0006627962719360551,gain,asset,3
39,lag_close_ret_48,965.9797306060791,0.0006354127178279715,gain,asset,3
40,upper_wick_ratio,850.9557209014893,0.0005597509660270227,gain,asset,3
41,lower_wick_ratio,800.7136960029602,0.0005267022170952778,gain,asset,3
42,close_ret,769.9000153541565,0.0005064332570467528,gain,asset,3
43,body_ratio,744.2974562644958,0.0004895921255622387,gain,asset,3
44,lag_close_ret_16,588.4422674179077,0.00038707199393332037,gain,asset,3
45,close_location,448.37852001190186,0.0002949393294595213,gain,asset,3
46,dominant_cycle_phase_normalized,447.0650978088379,0.00029407537223012805,gain,asset,3
47,ret_1,356.35455799102783,0.00023440680071143457,gain,asset,3
1,atr_48,1170.0,0.10711343037627026,split,asset,3
2,vol_rolling_192,993.0,0.09090909090909091,split,asset,3
3,bollinger_bandwidth,933.0,0.08541609447953859,split,asset,3
4,vol_rolling_96,828.0,0.07580335072782203,split,asset,3
5,ema_trend_48_192,691.0,0.06326100888034422,split,asset,3
6,bollinger_bandwidth_rank_192,631.0,0.057768012450791904,split,asset,3
7,atr_over_price_48,600.0,0.05492996429552321,split,asset,3
8,vol_rolling_48,568.0,0.05200036619976197,split,asset,3
9,atr_pct_rank_192,487.0,0.044584821019866334,split,asset,3
10,mama_minus_fama_over_atr,397.0,0.036345326375537855,split,asset,3
11,vol_rolling_24,378.0,0.03460587750617962,split,asset,3
12,close_over_bb_upper_192,342.0,0.03131007964844823,split,asset,3
13,bollinger_percent_b,268.0,0.024535384052000366,split,asset,3
14,close_over_bb_mid_192,258.0,0.02361988464707498,split,asset,3
15,ret_48,257.0,0.02352833470658244,split,asset,3
16,close_range_pos_96,221.0,0.020232536848851047,split,asset,3
17,distance_from_ema96_atr,178.0,0.016295889407671887,split,asset,3
18,ret_24,174.0,0.015929689645701732,split,asset,3
19,atr_pct,155.0,0.014190240776343496,split,asset,3
20,roofing_filter_over_atr,148.0,0.013549391192895725,split,asset,3
21,ret_16,144.0,0.01318319143092557,split,asset,3
22,frama_slope_over_atr,96.0,0.008788794287283713,split,asset,3
23,rolling_return_48,94.0,0.008605694406298636,split,asset,3
24,close_minus_decycler_over_atr,75.0,0.006866245536940401,split,asset,3
25,distance_from_ema24_atr,70.0,0.006408495834477708,split,asset,3
26,ema_alignment_score,58.0,0.005309896548567243,split,asset,3
27,lag_close_ret_24,53.0,0.00485214684610455,split,asset,3
28,lag_close_ret_1,50.0,0.004577497024626934,split,asset,3
29,decycler_slope_over_atr,50.0,0.004577497024626934,split,asset,3
30,lag_close_ret_4,49.0,0.004485947084134395,split,asset,3
31,rolling_return_24,48.0,0.004394397143641857,split,asset,3
32,lag_close_ret_2,41.0,0.003753547560194086,split,asset,3
33,ret_4,40.0,0.003661997619701547,split,asset,3
34,lag_close_ret_48,40.0,0.003661997619701547,split,asset,3
35,close_ret,35.0,0.003204247917238854,split,asset,3
36,ret_8,31.0,0.002838048155268699,split,asset,3
37,range_to_atr,29.0,0.0026549482742836217,split,asset,3
38,instantaneous_trendline_slope_over_atr,28.0,0.002563398333791083,split,asset,3
39,lag_close_ret_16,27.0,0.0024718483932985444,split,asset,3
40,lower_wick_ratio,27.0,0.0024718483932985444,split,asset,3
41,upper_wick_ratio,27.0,0.0024718483932985444,split,asset,3
42,supersmoother_slope_over_atr,27.0,0.0024718483932985444,split,asset,3
43,lag_close_ret_8,26.0,0.0023802984528060057,split,asset,3
44,body_ratio,26.0,0.0023802984528060057,split,asset,3
45,close_location,20.0,0.0018309988098507736,split,asset,3
46,ret_1,18.0,0.0016478989288656962,split,asset,3
47,dominant_cycle_phase_normalized,17.0,0.0015563489883731576,split,asset,3
1,atr_48,179423.8565516472,0.11472499541001212,gain,asset,4
2,vol_rolling_192,176503.08187532425,0.11285742959254026,gain,asset,4
3,bollinger_bandwidth,167949.61710834503,0.10738827836041899,gain,asset,4
4,vol_rolling_96,128369.04153776169,0.08208015357739318,gain,asset,4
5,ema_trend_48_192,126135.07752466202,0.08065173978630281,gain,asset,4
6,bollinger_bandwidth_rank_192,95904.50638246536,0.06132207982811195,gain,asset,4
7,atr_over_price_48,91380.70919036865,0.058429529071074085,gain,asset,4
8,vol_rolling_48,76077.89387989044,0.04864479113267445,gain,asset,4
9,atr_pct_rank_192,63793.39707660675,0.04078998928827562,gain,asset,4
10,mama_minus_fama_over_atr,53888.417278289795,0.03445666893869837,gain,asset,4
11,vol_rolling_24,52831.09308052063,0.03378060770544177,gain,asset,4
12,close_over_bb_upper_192,39951.31126499176,0.025545176040627622,gain,asset,4
13,close_over_bb_mid_192,37994.15990591049,0.024293758391923447,gain,asset,4
14,ret_48,36829.84211349487,0.023549284630418787,gain,asset,4
15,bollinger_percent_b,34910.70273923874,0.022322172137497136,gain,asset,4
16,close_range_pos_96,30401.379917144775,0.019438876404089027,gain,asset,4
17,distance_from_ema96_atr,27211.505694389343,0.017399246264610937,gain,asset,4
18,atr_pct,25498.05566740036,0.016303653124102268,gain,asset,4
19,ret_24,24771.24964427948,0.01583892775664529,gain,asset,4
20,rolling_return_48,13214.499147415161,0.0084494525040845,gain,asset,4
21,roofing_filter_over_atr,11015.622663974762,0.007043473949625837,gain,asset,4
22,ema_alignment_score,9168.988050460815,0.005862721558996141,gain,asset,4
23,ret_16,9164.172338485718,0.0058596423556791614,gain,asset,4
24,close_minus_decycler_over_atr,7677.299662590027,0.004908924518063718,gain,asset,4
25,distance_from_ema24_atr,7042.18738079071,0.004502828834832792,gain,asset,4
26,frama_slope_over_atr,6700.900108337402,0.004284607124976551,gain,asset,4
27,rolling_return_24,6697.802774429321,0.004282626665826819,gain,asset,4
28,instantaneous_trendline_slope_over_atr,3868.033890724182,0.0024732506528827546,gain,asset,4
29,decycler_slope_over_atr,3611.796615600586,0.00230941056618856,gain,asset,4
30,ret_4,2270.7190523147583,0.0014519152461715723,gain,asset,4
31,supersmoother_slope_over_atr,1500.669460773468,0.0009595396080990152,gain,asset,4
32,ret_8,1408.4127006530762,0.0009005499253178523,gain,asset,4
33,range_to_atr,1241.031608581543,0.0007935251662435096,gain,asset,4
34,lag_close_ret_24,1228.4589986801147,0.0007854861426657391,gain,asset,4
35,lag_close_ret_48,1164.2896041870117,0.0007444557377342443,gain,asset,4
36,lag_close_ret_1,954.7749094963074,0.0006104904287241674,gain,asset,4
37,lag_close_ret_4,858.9960803985596,0.0005492487079195959,gain,asset,4
38,lag_close_ret_2,828.7135500907898,0.0005298858248708615,gain,asset,4
39,close_ret,659.9481153488159,0.00042197590643385365,gain,asset,4
40,lower_wick_ratio,622.4541258811951,0.0003980019608713935,gain,asset,4
41,lag_close_ret_8,604.6110038757324,0.00038659293127232374,gain,asset,4
42,upper_wick_ratio,516.0860023498535,0.0003299893636703513,gain,asset,4
43,close_location,508.9488945007324,0.0003254258419571978,gain,asset,4
44,dominant_cycle_phase_normalized,503.47164726257324,0.00032192364789931655,gain,asset,4
45,lag_close_ret_16,452.7844557762146,0.00028951386738083223,gain,asset,4
46,ret_1,378.37960624694824,0.00024193883368808244,gain,asset,4
47,body_ratio,258.4339962005615,0.0001652446870651567,gain,asset,4
1,vol_rolling_192,1103.0,0.10138799522014891,split,asset,4
2,atr_48,1098.0,0.10092839415387443,split,asset,4
3,bollinger_bandwidth,939.0,0.08631308024634617,split,asset,4
4,vol_rolling_96,828.0,0.07610993657505286,split,asset,4
5,ema_trend_48_192,766.0,0.07041088335324938,split,asset,4
6,bollinger_bandwidth_rank_192,602.0,0.05533596837944664,split,asset,4
7,atr_over_price_48,587.0,0.05395716518062322,split,asset,4
8,vol_rolling_48,526.0,0.04835003217207464,split,asset,4
9,atr_pct_rank_192,466.0,0.04283481937678096,split,asset,4
10,vol_rolling_24,418.0,0.03842264914054601,split,asset,4
11,mama_minus_fama_over_atr,383.0,0.03520544167662469,split,asset,4
12,close_over_bb_upper_192,295.0,0.027116462910193952,split,asset,4
13,close_over_bb_mid_192,283.0,0.026013420351135214,split,asset,4
14,bollinger_percent_b,276.0,0.02536997885835095,split,asset,4
15,close_range_pos_96,250.0,0.022980053313723686,split,asset,4
16,ret_48,247.0,0.022704292673959004,split,asset,4
17,distance_from_ema96_atr,199.0,0.018292122437724056,split,asset,4
18,ret_24,190.0,0.017464840518430003,split,asset,4
19,atr_pct,154.0,0.014155712841253791,split,asset,4
20,roofing_filter_over_atr,149.0,0.013696111774979317,split,asset,4
21,ret_16,130.0,0.011949627723136317,split,asset,4
22,close_minus_decycler_over_atr,92.0,0.008456659619450317,split,asset,4
23,frama_slope_over_atr,92.0,0.008456659619450317,split,asset,4
24,rolling_return_48,86.0,0.007905138339920948,split,asset,4
25,distance_from_ema24_atr,68.0,0.006250574501332843,split,asset,4
26,rolling_return_24,57.0,0.005239452155529001,split,asset,4
27,ret_4,52.0,0.004779851089254527,split,asset,4
28,ema_alignment_score,51.0,0.004687930875999632,split,asset,4
29,lag_close_ret_48,41.0,0.003768728743450685,split,asset,4
30,supersmoother_slope_over_atr,38.0,0.0034929681036860007,split,asset,4
31,instantaneous_trendline_slope_over_atr,37.0,0.003401047890431106,split,asset,4
32,lag_close_ret_1,36.0,0.003309127677176211,split,asset,4
33,lag_close_ret_2,35.0,0.0032172074639213164,split,asset,4
34,lag_close_ret_24,35.0,0.0032172074639213164,split,asset,4
35,ret_8,31.0,0.0028495266109017374,split,asset,4
36,decycler_slope_over_atr,28.0,0.002573765971137053,split,asset,4
37,lag_close_ret_4,26.0,0.0023899255446272636,split,asset,4
38,lower_wick_ratio,25.0,0.002298005331372369,split,asset,4
39,close_ret,23.0,0.0021141649048625794,split,asset,4
40,range_to_atr,21.0,0.0019303244783527899,split,asset,4
41,lag_close_ret_16,20.0,0.001838404265097895,split,asset,4
42,upper_wick_ratio,20.0,0.001838404265097895,split,asset,4
43,lag_close_ret_8,19.0,0.0017464840518430003,split,asset,4
44,close_location,18.0,0.0016545638385881056,split,asset,4
45,dominant_cycle_phase_normalized,17.0,0.0015626436253332108,split,asset,4
46,ret_1,13.0,0.0011949627723136318,split,asset,4
47,body_ratio,9.0,0.0008272819192940528,split,asset,4
1,vol_rolling_192,186573.77695560455,0.11700537265600902,gain,asset,5
2,atr_48,185949.5931110382,0.11661393038297874,gain,asset,5
3,bollinger_bandwidth,162642.51185655594,0.10199744047639618,gain,asset,5
4,ema_trend_48_192,131725.03848838806,0.08260827147283623,gain,asset,5
5,vol_rolling_96,128776.362865448,0.08075907864556185,gain,asset,5
6,bollinger_bandwidth_rank_192,88040.74513244629,0.05521269044998635,gain,asset,5
7,atr_over_price_48,87087.38676643372,0.054614814088633765,gain,asset,5
8,atr_pct_rank_192,70690.13721084595,0.044331663229541435,gain,asset,5
9,vol_rolling_48,69885.93980836868,0.043827329671518235,gain,asset,5
10,mama_minus_fama_over_atr,59736.994948387146,0.03746265669987127,gain,asset,5
11,vol_rolling_24,52229.310393333435,0.03275438824177574,gain,asset,5
12,ret_48,44737.707109451294,0.028056204776099377,gain,asset,5
13,close_over_bb_upper_192,43682.48830461502,0.027394449027203994,gain,asset,5
14,bollinger_percent_b,39886.249601364136,0.025013726873143044,gain,asset,5
15,close_over_bb_mid_192,38463.199924468994,0.024121294611385544,gain,asset,5
16,distance_from_ema96_atr,30549.007872581482,0.019158094501422255,gain,asset,5
17,atr_pct,27863.63487625122,0.017474025747050783,gain,asset,5
18,close_range_pos_96,25704.67694044113,0.016120085863590008,gain,asset,5
19,ret_24,21798.700927734375,0.013670544527130199,gain,asset,5
20,roofing_filter_over_atr,13744.163140773773,0.008619329877820277,gain,asset,5
21,rolling_return_48,11558.675067901611,0.007248752240521775,gain,asset,5
22,ema_alignment_score,8992.821231842041,0.005639637127091672,gain,asset,5
23,ret_16,8604.541305541992,0.0053961364689986795,gain,asset,5
24,rolling_return_24,7596.785995483398,0.004764146338748301,gain,asset,5
25,close_minus_decycler_over_atr,7507.956091880798,0.004708438746054324,gain,asset,5
26,frama_slope_over_atr,6135.327695846558,0.0038476270091808065,gain,asset,5
27,distance_from_ema24_atr,5772.149688720703,0.003619868431541363,gain,asset,5
28,instantaneous_trendline_slope_over_atr,5050.010494232178,0.0031669957559737477,gain,asset,5
29,decycler_slope_over_atr,3272.9626989364624,0.002052561868699277,gain,asset,5
30,ret_8,2394.4738941192627,0.001501638198401136,gain,asset,5
31,ret_4,1919.6637258529663,0.0012038721265266313,gain,asset,5
32,lag_close_ret_24,1404.1987991333008,0.0008806103754591799,gain,asset,5
33,lag_close_ret_1,1402.6989164352417,0.000879669759168454,gain,asset,5
34,range_to_atr,1366.0845947265625,0.0008567079452095159,gain,asset,5
35,lag_close_ret_2,1301.435025215149,0.0008161644824777009,gain,asset,5
36,lag_close_ret_48,1278.0894861221313,0.0008015238746387766,gain,asset,5
37,lag_close_ret_4,1175.5401782989502,0.0007372124790436591,gain,asset,5
38,body_ratio,1060.182499885559,0.0006648686139424954,gain,asset,5
39,close_ret,963.2445931434631,0.0006040762770560996,gain,asset,5
40,supersmoother_slope_over_atr,957.8151679039001,0.0006006713402325599,gain,asset,5
41,upper_wick_ratio,916.7209448814392,0.0005749000611320874,gain,asset,5
42,lag_close_ret_16,876.9710922241211,0.0005499718724065215,gain,asset,5
43,dominant_cycle_phase_normalized,762.0252752304077,0.00047788629654449064,gain,asset,5
44,lag_close_ret_8,744.1478977203369,0.00046667491811923785,gain,asset,5
45,lower_wick_ratio,734.5349988937378,0.00046064641385747134,gain,asset,5
46,close_location,548.9698696136475,0.0003442735909577994,gain,asset,5
47,ret_1,508.78974628448486,0.00031907556806194654,gain,asset,5
1,atr_48,1101.0,0.10185956147654732,split,asset,5
2,vol_rolling_192,1082.0,0.1001017670459802,split,asset,5
3,bollinger_bandwidth,883.0,0.08169118327319826,split,asset,5
4,vol_rolling_96,824.0,0.07623276898880563,split,asset,5
5,ema_trend_48_192,746.0,0.06901656027384587,split,asset,5
6,atr_over_price_48,573.0,0.05301137940605051,split,asset,5
7,bollinger_bandwidth_rank_192,538.0,0.04977333703395319,split,asset,5
8,vol_rolling_48,472.0,0.04366731427514109,split,asset,5
9,atr_pct_rank_192,437.0,0.04042927190304376,split,asset,5
10,vol_rolling_24,403.0,0.03728374502729207,split,asset,5
11,mama_minus_fama_over_atr,385.0,0.03561846609307059,split,asset,5
12,close_over_bb_upper_192,303.0,0.028032195392728283,split,asset,5
13,close_over_bb_mid_192,299.0,0.027662133407345732,split,asset,5
14,bollinger_percent_b,275.0,0.02544176149505042,split,asset,5
15,ret_48,261.0,0.02414654454621149,split,asset,5
16,close_range_pos_96,252.0,0.02331390507910075,split,asset,5
17,distance_from_ema96_atr,201.0,0.018595614765473216,split,asset,5
18,atr_pct,176.0,0.01628272735683227,split,asset,5
19,roofing_filter_over_atr,167.0,0.015450087889721529,split,asset,5
20,ret_24,164.0,0.015172541400684615,split,asset,5
21,ret_16,119.0,0.01100934406513091,split,asset,5
22,close_minus_decycler_over_atr,111.0,0.010269220094365806,split,asset,5
23,frama_slope_over_atr,93.0,0.008603941160144324,split,asset,5
24,rolling_return_48,80.0,0.007401239707651032,split,asset,5
25,distance_from_ema24_atr,63.0,0.005828476269775187,split,asset,5
26,ret_4,53.0,0.004903321306318808,split,asset,5
27,ema_alignment_score,51.0,0.004718290313627533,split,asset,5
28,lag_close_ret_1,50.0,0.004625774817281895,split,asset,5
29,rolling_return_24,49.0,0.004533259320936257,split,asset,5
30,lag_close_ret_2,45.0,0.004163197335553705,split,asset,5
31,instantaneous_trendline_slope_over_atr,44.0,0.004070681839208067,split,asset,5
32,ret_8,44.0,0.004070681839208067,split,asset,5
33,lag_close_ret_4,44.0,0.004070681839208067,split,asset,5
34,lag_close_ret_48,44.0,0.004070681839208067,split,asset,5
35,close_ret,40.0,0.003700619853825516,split,asset,5
36,lag_close_ret_24,39.0,0.0036081043574798777,split,asset,5
37,upper_wick_ratio,38.0,0.00351558886113424,split,asset,5
38,supersmoother_slope_over_atr,31.0,0.002867980386714775,split,asset,5
39,range_to_atr,30.0,0.002775464890369137,split,asset,5
40,body_ratio,30.0,0.002775464890369137,split,asset,5
41,dominant_cycle_phase_normalized,28.0,0.002590433897677861,split,asset,5
42,lower_wick_ratio,27.0,0.002497918401332223,split,asset,5
43,decycler_slope_over_atr,26.0,0.0024054029049865853,split,asset,5
44,lag_close_ret_16,26.0,0.0024054029049865853,split,asset,5
45,lag_close_ret_8,25.0,0.0023128874086409475,split,asset,5
46,close_location,23.0,0.0021278564159496714,split,asset,5
47,ret_1,14.0,0.0012952169488389305,split,asset,5
1,atr_48,197599.52085590363,0.1180868004274728,gain,asset,6
2,vol_rolling_192,185892.56466770172,0.11109064480411232,gain,asset,6
3,bollinger_bandwidth,176213.635014534,0.10530645145508773,gain,asset,6
4,ema_trend_48_192,135188.1030883789,0.08078931811382006,gain,asset,6
5,vol_rolling_96,127917.86151599884,0.0764445729347909,gain,asset,6
6,bollinger_bandwidth_rank_192,103322.5613489151,0.061746256412038895,gain,asset,6
7,atr_over_price_48,95620.87324905396,0.057143675891278625,gain,asset,6
8,vol_rolling_48,87473.24506664276,0.05227459858296237,gain,asset,6
9,atr_pct_rank_192,76729.21686267853,0.045853895188474575,gain,asset,6
10,mama_minus_fama_over_atr,56217.29177856445,0.03359583103275532,gain,asset,6
11,vol_rolling_24,53427.41395902634,0.03192858131541883,gain,asset,6
12,close_over_bb_upper_192,46642.39075374603,0.027873805890523008,gain,asset,6
13,close_over_bb_mid_192,46326.21426486969,0.02768485669783227,gain,asset,6
14,ret_48,44002.46327495575,0.026296167503645333,gain,asset,6
15,bollinger_percent_b,36366.240233421326,0.02173270934130028,gain,asset,6
16,distance_from_ema96_atr,33799.72552394867,0.02019894291829017,gain,asset,6
17,ret_24,26756.52302646637,0.015989877814853094,gain,asset,6
18,close_range_pos_96,24068.669303894043,0.014383598382894871,gain,asset,6
19,atr_pct,23058.502641677856,0.013779916002882434,gain,asset,6
20,roofing_filter_over_atr,14000.474553108215,0.00836677759784865,gain,asset,6
21,rolling_return_48,12369.328232765198,0.007391993604628264,gain,asset,6
22,ema_alignment_score,9335.356942176819,0.005578871990048762,gain,asset,6
23,ret_16,8847.022575378418,0.00528704009357341,gain,asset,6
24,rolling_return_24,8250.596808433533,0.004930612050600659,gain,asset,6
25,frama_slope_over_atr,7706.366455078125,0.00460537633725033,gain,asset,6
26,close_minus_decycler_over_atr,7616.039118766785,0.004551396114576001,gain,asset,6
27,distance_from_ema24_atr,6033.147480964661,0.003605449443643724,gain,asset,6
28,instantaneous_trendline_slope_over_atr,4818.407972335815,0.0028795129570293376,gain,asset,6
29,ret_8,2608.913209915161,0.0015591040515554203,gain,asset,6
30,decycler_slope_over_atr,2425.6270809173584,0.0014495710302083143,gain,asset,6
31,ret_4,2074.1657066345215,0.0012395353530815056,gain,asset,6
32,lag_close_ret_24,1408.954402923584,0.0008420006114831402,gain,asset,6
33,range_to_atr,1157.7473287582397,0.0006918775772549118,gain,asset,6
34,lag_close_ret_48,1045.7310009002686,0.0006249358676035575,gain,asset,6
35,lag_close_ret_1,987.6016960144043,0.000590197404699842,gain,asset,6
36,supersmoother_slope_over_atr,807.1338834762573,0.0004823486281923557,gain,asset,6
37,lag_close_ret_4,714.0463981628418,0.0004267189219416171,gain,asset,6
38,upper_wick_ratio,660.3832015991211,0.0003946494353584921,gain,asset,6
39,close_ret,633.2688894271851,0.0003784457403479637,gain,asset,6
40,body_ratio,628.6734199523926,0.00037569945693396653,gain,asset,6
41,dominant_cycle_phase_normalized,571.5823602676392,0.00034158145633363763,gain,asset,6
42,lag_close_ret_16,547.0984706878662,0.0003269497195259188,gain,asset,6
43,lag_close_ret_8,453.54660415649414,0.00027104249594128406,gain,asset,6
44,lag_close_ret_2,348.90373611450195,0.00020850721538438326,gain,asset,6
45,lower_wick_ratio,272.3827018737793,0.00016277773152861277,gain,asset,6
46,close_location,229.92590045928955,0.0001374052619309877,gain,asset,6
47,ret_1,165.86349964141846,9.912114106107264e-05,gain,asset,6
1,atr_48,1126.0,0.10413391288264126,split,asset,6
2,vol_rolling_192,1067.0,0.09867751780264497,split,asset,6
3,bollinger_bandwidth,937.0,0.08665495237214464,split,asset,6
4,ema_trend_48_192,757.0,0.0700083233145288,split,asset,6
5,vol_rolling_96,745.0,0.06889854804402108,split,asset,6
6,bollinger_bandwidth_rank_192,623.0,0.05761583279385924,split,asset,6
7,vol_rolling_48,585.0,0.05410154443725146,split,asset,6
8,atr_over_price_48,581.0,0.05373161934708222,split,asset,6
9,atr_pct_rank_192,455.0,0.04207897900675113,split,asset,6
10,vol_rolling_24,406.0,0.03754739665217793,split,asset,6
11,mama_minus_fama_over_atr,376.0,0.03477295847590863,split,asset,6
12,close_over_bb_upper_192,298.0,0.027559419217608433,split,asset,6
13,close_over_bb_mid_192,297.0,0.027466937945066123,split,asset,6
14,ret_48,283.0,0.026172200129473782,split,asset,6
15,bollinger_percent_b,257.0,0.023767687043373717,split,asset,6
16,distance_from_ema96_atr,228.0,0.02108573013964672,split,asset,6
17,close_range_pos_96,222.0,0.02053084250439286,split,asset,6
18,ret_24,195.0,0.018033848145750486,split,asset,6
19,roofing_filter_over_atr,166.0,0.015351891242023491,split,asset,6
20,atr_pct,133.0,0.012300009248127254,split,asset,6
21,ret_16,117.0,0.010820308887450291,split,asset,6
22,frama_slope_over_atr,103.0,0.009525571071857948,split,asset,6
23,close_minus_decycler_over_atr,91.0,0.008415795801350226,split,asset,6
24,rolling_return_48,87.0,0.008045870711180986,split,asset,6
25,ema_alignment_score,64.0,0.005918801442707852,split,asset,6
26,distance_from_ema24_atr,53.0,0.004901507444742439,split,asset,6
27,ret_4,49.0,0.004531582354573199,split,asset,6
28,ret_8,49.0,0.004531582354573199,split,asset,6
29,rolling_return_24,49.0,0.004531582354573199,split,asset,6
30,lag_close_ret_24,40.0,0.0036992509016924072,split,asset,6
31,instantaneous_trendline_slope_over_atr,38.0,0.003514288356607787,split,asset,6
32,lag_close_ret_48,36.0,0.0033293258115231665,split,asset,6
33,lag_close_ret_1,34.0,0.003144363266438546,split,asset,6
34,close_ret,30.0,0.0027744381762693053,split,asset,6
35,range_to_atr,29.0,0.0026819569037269952,split,asset,6
36,supersmoother_slope_over_atr,26.0,0.0024045130861000646,split,asset,6
37,upper_wick_ratio,24.0,0.0022195505410154445,split,asset,6
38,decycler_slope_over_atr,23.0,0.002127069268473134,split,asset,6
39,dominant_cycle_phase_normalized,20.0,0.0018496254508462036,split,asset,6
40,lag_close_ret_4,20.0,0.0018496254508462036,split,asset,6
41,body_ratio,20.0,0.0018496254508462036,split,asset,6
42,lag_close_ret_16,19.0,0.0017571441783038935,split,asset,6
43,lag_close_ret_2,16.0,0.001479700360676963,split,asset,6
44,lag_close_ret_8,13.0,0.0012022565430500323,split,asset,6
45,lower_wick_ratio,10.0,0.0009248127254231018,split,asset,6
46,close_location,9.0,0.0008323314528807916,split,asset,6
47,ret_1,7.0,0.0006473689077961713,split,asset,6
1,vol_rolling_192,202094.8449640274,0.1201931923477607,gain,asset,7
2,atr_48,189539.4103603363,0.11272601639579721,gain,asset,7
3,bollinger_bandwidth,170101.31050395966,0.10116546780620642,gain,asset,7
4,ema_trend_48_192,131244.47022533417,0.07805588439022981,gain,asset,7
5,vol_rolling_96,125920.47130680084,0.07488950760220017,gain,asset,7
6,atr_over_price_48,103143.47186565399,0.061343193368297286,gain,asset,7
7,bollinger_bandwidth_rank_192,98347.93249893188,0.05849111079479926,gain,asset,7
8,vol_rolling_48,94997.7734041214,0.056498648708248604,gain,asset,7
9,atr_pct_rank_192,73116.58609008789,0.04348510669483831,gain,asset,7
10,mama_minus_fama_over_atr,58687.65626335144,0.034903694643749275,gain,asset,7
11,vol_rolling_24,50524.50767612457,0.030048771756020224,gain,asset,7
12,ret_48,45628.705315589905,0.027137059114754655,gain,asset,7
13,close_over_bb_upper_192,43520.01828956604,0.02588294585241376,gain,asset,7
14,close_over_bb_mid_192,42993.942668914795,0.025570069448893135,gain,asset,7
15,bollinger_percent_b,33932.25851535797,0.020180754611807718,gain,asset,7
16,ret_24,32159.11998462677,0.01912620430637397,gain,asset,7
17,close_range_pos_96,27351.085220336914,0.016266690263144045,gain,asset,7
18,distance_from_ema96_atr,27165.185881614685,0.016156129130422723,gain,asset,7
19,atr_pct,27004.443111419678,0.016060529528661483,gain,asset,7
20,roofing_filter_over_atr,13596.240655899048,0.008086181360300404,gain,asset,7
21,rolling_return_48,13186.85221004486,0.007842703085402983,gain,asset,7
22,ret_16,11328.828886985779,0.006737668690810599,gain,asset,7
23,rolling_return_24,9086.271936416626,0.005403938090415801,gain,asset,7
24,ema_alignment_score,7936.738705635071,0.004720268654205968,gain,asset,7
25,close_minus_decycler_over_atr,7123.602155685425,0.004236666621850869,gain,asset,7
26,instantaneous_trendline_slope_over_atr,6677.978038787842,0.003971637668704607,gain,asset,7
27,distance_from_ema24_atr,6300.129291534424,0.0037469172055721893,gain,asset,7
28,frama_slope_over_atr,6007.201043128967,0.003572702067571234,gain,asset,7
29,supersmoother_slope_over_atr,2864.2886171340942,0.0017034971513497977,gain,asset,7
30,ret_4,2552.498772621155,0.0015180643326141558,gain,asset,7
31,ret_8,2531.995222091675,0.0015058701215592402,gain,asset,7
32,decycler_slope_over_atr,1596.775297164917,0.0009496606430631982,gain,asset,7
33,lag_close_ret_24,1435.7400093078613,0.0008538870703546746,gain,asset,7
34,range_to_atr,1380.063256263733,0.0008207740699259755,gain,asset,7
35,lag_close_ret_4,1260.171763420105,0.0007494702162191711,gain,asset,7
36,close_ret,1179.936803817749,0.0007017515525678675,gain,asset,7
37,lag_close_ret_8,1138.9293804168701,0.0006773629387495128,gain,asset,7
38,lag_close_ret_48,1110.6031894683838,0.0006605163174625778,gain,asset,7
39,upper_wick_ratio,1060.0525875091553,0.0006304520264824585,gain,asset,7
40,lag_close_ret_1,1040.8189535140991,0.0006190130812153206,gain,asset,7
41,lower_wick_ratio,636.615795135498,0.0003786186863398888,gain,asset,7
42,lag_close_ret_2,634.579999923706,0.00037740792450420156,gain,asset,7
43,lag_close_ret_16,620.0571060180664,0.0003687706285803131,gain,asset,7
44,dominant_cycle_phase_normalized,506.1066589355469,0.0003010001319764018,gain,asset,7
45,body_ratio,491.14330101013184,0.000292100875997765,gain,asset,7
46,close_location,345.76032543182373,0.00020563630560813562,gain,asset,7
47,ret_1,313.5602035522461,0.0001864857159759146,gain,asset,7
1,vol_rolling_192,1095.0,0.10057867181041609,split,asset,7
2,atr_48,1067.0,0.09800679709745568,split,asset,7
3,bollinger_bandwidth,933.0,0.08569853954257371,split,asset,7
4,vol_rolling_96,806.0,0.07403325066593185,split,asset,7
5,ema_trend_48_192,741.0,0.06806282722513089,split,asset,7
6,atr_over_price_48,606.0,0.05566271700192891,split,asset,7
7,bollinger_bandwidth_rank_192,564.0,0.05180490493248829,split,asset,7
8,vol_rolling_48,555.0,0.050978230917608156,split,asset,7
9,atr_pct_rank_192,458.0,0.04206852209056673,split,asset,7
10,mama_minus_fama_over_atr,389.0,0.035730687976485716,split,asset,7
11,vol_rolling_24,380.0,0.034904013961605584,split,asset,7
12,close_over_bb_mid_192,303.0,0.027831358500964454,split,asset,7
13,close_over_bb_upper_192,300.0,0.02755580049600441,split,asset,7
14,ret_48,286.0,0.026269863139524202,split,asset,7
15,close_range_pos_96,248.0,0.022779461743363646,split,asset,7
16,bollinger_percent_b,243.0,0.02232019840176357,split,asset,7
17,ret_24,224.0,0.020574997703683293,split,asset,7
18,distance_from_ema96_atr,178.0,0.016349774960962616,split,asset,7
19,roofing_filter_over_atr,162.0,0.014880132267842381,split,asset,7
20,atr_pct,157.0,0.014420868926242307,split,asset,7
21,ret_16,143.0,0.013134931569762101,split,asset,7
22,frama_slope_over_atr,93.0,0.008542298153761367,split,asset,7
23,rolling_return_48,84.0,0.0077156241388812346,split,asset,7
24,close_minus_decycler_over_atr,81.0,0.0074400661339211905,split,asset,7
25,instantaneous_trendline_slope_over_atr,62.0,0.0056948654358409114,split,asset,7
26,ret_4,56.0,0.005143749425920823,split,asset,7
27,rolling_return_24,54.0,0.004960044089280794,split,asset,7
28,distance_from_ema24_atr,53.0,0.004868191420960779,split,asset,7
29,supersmoother_slope_over_atr,45.0,0.004133370074400662,split,asset,7
30,close_ret,43.0,0.0039496647377606315,split,asset,7
31,ret_8,42.0,0.0038578120694406173,split,asset,7
32,lag_close_ret_48,42.0,0.0038578120694406173,split,asset,7
33,ema_alignment_score,41.0,0.0037659594011206026,split,asset,7
34,lag_close_ret_4,41.0,0.0037659594011206026,split,asset,7
35,lag_close_ret_24,40.0,0.003674106732800588,split,asset,7
36,upper_wick_ratio,37.0,0.003398548727840544,split,asset,7
37,lag_close_ret_1,36.0,0.003306696059520529,split,asset,7
38,lag_close_ret_8,34.0,0.0031229907228805,split,asset,7
39,range_to_atr,29.0,0.0026637273812804264,split,asset,7
40,lag_close_ret_2,23.0,0.0021126113713603382,split,asset,7
41,lag_close_ret_16,22.0,0.002020758703040323,split,asset,7
42,decycler_slope_over_atr,20.0,0.001837053366400294,split,asset,7
43,lower_wick_ratio,19.0,0.0017452006980802793,split,asset,7
44,dominant_cycle_phase_normalized,17.0,0.00156149536144025,split,asset,7
45,body_ratio,13.0,0.0011940846881601911,split,asset,7
46,ret_1,11.0,0.0010103793515201616,split,asset,7
47,close_location,11.0,0.0010103793515201616,split,asset,7
1,vol_rolling_192,214053.2219657898,0.12267313608674597,gain,asset,8
2,atr_48,199378.06519699097,0.11426285621868162,gain,asset,8
3,bollinger_bandwidth,170860.2707452774,0.09791941019371117,gain,asset,8
4,vol_rolling_96,156428.94976234436,0.08964887174260673,gain,asset,8
5,ema_trend_48_192,132782.9369096756,0.07609742633129693,gain,asset,8
6,bollinger_bandwidth_rank_192,108007.10503768921,0.061898485680077615,gain,asset,8
7,atr_over_price_48,100911.91691112518,0.05783225873606011,gain,asset,8
8,vol_rolling_48,91356.7725944519,0.052356239695921146,gain,asset,8
9,atr_pct_rank_192,76319.06857776642,0.043738185296506915,gain,asset,8
10,vol_rolling_24,56652.71046733856,0.03246746578733377,gain,asset,8
11,mama_minus_fama_over_atr,54137.00135612488,0.031025721891491335,gain,asset,8
12,ret_48,48560.25109767914,0.027829706259988967,gain,asset,8
13,close_over_bb_mid_192,44084.9799451828,0.025264944365384023,gain,asset,8
14,close_over_bb_upper_192,43395.15933036804,0.02486961063772755,gain,asset,8
15,bollinger_percent_b,35829.6533870697,0.02053384623472478,gain,asset,8
16,atr_pct,27697.1986618042,0.015873165512099458,gain,asset,8
17,distance_from_ema96_atr,27287.82503604889,0.01563855495103707,gain,asset,8
18,close_range_pos_96,26310.81911945343,0.015078636353861152,gain,asset,8
19,ret_24,24391.89465713501,0.013978907606289226,gain,asset,8
20,roofing_filter_over_atr,13547.801370620728,0.007764196520620348,gain,asset,8
21,ret_16,11521.16438293457,0.006602738109923822,gain,asset,8
22,rolling_return_48,10632.10067653656,0.006093218878944058,gain,asset,8
23,rolling_return_24,9735.914801597595,0.005579617958641267,gain,asset,8
24,ema_alignment_score,9577.680995941162,0.00548893473043965,gain,asset,8
25,close_minus_decycler_over_atr,8756.105431556702,0.005018092712320494,gain,asset,8
26,frama_slope_over_atr,7058.971410751343,0.0040454712736907325,gain,asset,8
27,distance_from_ema24_atr,6317.766183853149,0.003620689208592822,gain,asset,8
28,instantaneous_trendline_slope_over_atr,4738.233354568481,0.0027154645922995487,gain,asset,8
29,decycler_slope_over_atr,4537.234184265137,0.0026002726865412417,gain,asset,8
30,ret_8,2688.841696739197,0.001540965561511245,gain,asset,8
31,ret_4,2372.3624000549316,0.0013595924082634451,gain,asset,8
32,supersmoother_slope_over_atr,1754.1797676086426,0.0010053141521357872,gain,asset,8
33,lag_close_ret_2,1246.5316696166992,0.0007143828424491886,gain,asset,8
34,range_to_atr,1209.9439964294434,0.0006934145777775409,gain,asset,8
35,lag_close_ret_4,1184.964373588562,0.0006790988452507735,gain,asset,8
36,lag_close_ret_8,1180.542230606079,0.000676564530920425,gain,asset,8
37,lag_close_ret_48,1148.1869325637817,0.0006580218253100217,gain,asset,8
38,lag_close_ret_24,1113.3695936203003,0.0006380681328630344,gain,asset,8
39,dominant_cycle_phase_normalized,1008.9407091140747,0.0005782203125743648,gain,asset,8
40,close_ret,824.5642929077148,0.000472554847748593,gain,asset,8
41,upper_wick_ratio,801.343020439148,0.00045924681953260477,gain,asset,8
42,lag_close_ret_1,787.8039693832397,0.00045148763778605637,gain,asset,8
43,close_location,749.7237272262573,0.0004296639871750586,gain,asset,8
44,body_ratio,721.8720035552979,0.0004137022639327703,gain,asset,8
45,lower_wick_ratio,677.3212633132935,0.0003881703940067659,gain,asset,8
46,lag_close_ret_16,457.7292671203613,0.0002623230062162611,gain,asset,8
47,ret_1,110.07153129577637,6.308160098651225e-05,gain,asset,8
1,vol_rolling_192,1103.0,0.10139731568302997,split,asset,8
2,atr_48,1062.0,0.09762824048538334,split,asset,8
3,bollinger_bandwidth,960.0,0.0882515168229454,split,asset,8
4,vol_rolling_96,850.0,0.07813936385364957,split,asset,8
5,ema_trend_48_192,744.0,0.06839492553778267,split,asset,8
6,bollinger_bandwidth_rank_192,619.0,0.05690384261812833,split,asset,8
7,atr_over_price_48,585.0,0.05377826806398235,split,asset,8
8,vol_rolling_48,530.0,0.04872219157933444,split,asset,8
9,atr_pct_rank_192,456.0,0.041919470490899065,split,asset,8
10,vol_rolling_24,422.0,0.03879389593675308,split,asset,8
11,mama_minus_fama_over_atr,354.0,0.03254274682846112,split,asset,8
12,close_over_bb_mid_192,294.0,0.02702702702702703,split,asset,8
13,ret_48,293.0,0.026935098363669793,split,asset,8
14,close_over_bb_upper_192,271.0,0.024912667769810628,split,asset,8
15,bollinger_percent_b,261.0,0.02399338113623828,split,asset,8
16,close_range_pos_96,234.0,0.02151130722559294,split,asset,8
17,ret_24,193.0,0.017742232027946312,split,asset,8
18,distance_from_ema96_atr,181.0,0.016639088067659496,split,asset,8
19,atr_pct,147.0,0.013513513513513514,split,asset,8
20,roofing_filter_over_atr,147.0,0.013513513513513514,split,asset,8
21,ret_16,135.0,0.012410369553226696,split,asset,8
22,frama_slope_over_atr,99.0,0.009100937672366244,split,asset,8
23,close_minus_decycler_over_atr,89.0,0.008181651038793897,split,asset,8
24,rolling_return_48,76.0,0.0069865784151498436,split,asset,8
25,distance_from_ema24_atr,56.0,0.005148005148005148,split,asset,8
26,rolling_return_24,50.0,0.004596433167861739,split,asset,8
27,ret_8,49.0,0.0045045045045045045,split,asset,8
28,ret_4,47.0,0.004320647177790035,split,asset,8
29,ema_alignment_score,45.0,0.004136789851075565,split,asset,8
30,decycler_slope_over_atr,42.0,0.003861003861003861,split,asset,8
31,instantaneous_trendline_slope_over_atr,41.0,0.0037690751976466263,split,asset,8
32,lag_close_ret_48,40.0,0.0036771465342893914,split,asset,8
33,lag_close_ret_2,37.0,0.003401360544217687,split,asset,8
34,supersmoother_slope_over_atr,37.0,0.003401360544217687,split,asset,8
35,lag_close_ret_4,34.0,0.003125574554145983,split,asset,8
36,lag_close_ret_24,33.0,0.003033645890788748,split,asset,8
37,lag_close_ret_8,33.0,0.003033645890788748,split,asset,8
38,close_ret,32.0,0.0029417172274315132,split,asset,8
39,lag_close_ret_1,30.0,0.0027578599007170436,split,asset,8
40,range_to_atr,30.0,0.0027578599007170436,split,asset,8
41,upper_wick_ratio,27.0,0.002482073910645339,split,asset,8
42,dominant_cycle_phase_normalized,26.0,0.0023901452472881043,split,asset,8
43,close_location,24.0,0.002206287920573635,split,asset,8
44,lower_wick_ratio,21.0,0.0019305019305019305,split,asset,8
45,body_ratio,19.0,0.0017466446037874609,split,asset,8
46,lag_close_ret_16,15.0,0.0013789299503585218,split,asset,8
47,ret_1,5.0,0.00045964331678617393,split,asset,8
1,vol_rolling_192,211376.58028316498,0.11813358472238458,gain,asset,9
2,atr_48,200304.01388549805,0.11194537806826646,gain,asset,9
3,bollinger_bandwidth,183552.44053840637,0.10258330301444128,gain,asset,9
4,vol_rolling_96,157211.49110794067,0.08786194279069562,gain,asset,9
5,ema_trend_48_192,139173.87018203735,0.07778112486381875,gain,asset,9
6,atr_over_price_48,111230.92198467255,0.06216444380178008,gain,asset,9
7,bollinger_bandwidth_rank_192,104691.08878517151,0.0585094791017714,gain,asset,9
8,vol_rolling_48,85126.60813617706,0.047575333846884255,gain,asset,9
9,atr_pct_rank_192,84670.51814079285,0.047320435475273856,gain,asset,9
10,mama_minus_fama_over_atr,66323.12903308868,0.03706649512537337,gain,asset,9
11,vol_rolling_24,54645.87548160553,0.03054034251234063,gain,asset,9
12,close_over_bb_mid_192,47152.1134519577,0.026352248588061653,gain,asset,9
13,ret_48,46402.506271362305,0.02593331010746581,gain,asset,9
14,close_over_bb_upper_192,44377.84370803833,0.024801772043323317,gain,asset,9
15,bollinger_percent_b,35735.15164375305,0.01997156713681011,gain,asset,9
16,atr_pct,31329.547842025757,0.01750937492390079,gain,asset,9
17,ret_24,27977.495538711548,0.015635988788894932,gain,asset,9
18,distance_from_ema96_atr,26174.384470939636,0.01462827083923773,gain,asset,9
19,close_range_pos_96,21848.391206741333,0.01221057115320805,gain,asset,9
20,rolling_return_48,16027.726590156555,0.008957533490744414,gain,asset,9
21,roofing_filter_over_atr,15444.978555679321,0.00863184880888185,gain,asset,9
22,ret_16,9675.452660560608,0.005407391419960405,gain,asset,9
23,ema_alignment_score,8577.440675735474,0.004793737382877544,gain,asset,9
24,close_minus_decycler_over_atr,8482.207978248596,0.0047405139845150745,gain,asset,9
25,frama_slope_over_atr,7695.208839416504,0.004300677985091116,gain,asset,9
26,rolling_return_24,7498.068416595459,0.004190500666438603,gain,asset,9
27,distance_from_ema24_atr,7165.113254547119,0.004004419565155286,gain,asset,9
28,instantaneous_trendline_slope_over_atr,5055.210778236389,0.002825242843650372,gain,asset,9
29,decycler_slope_over_atr,4174.252779006958,0.002332895364571011,gain,asset,9
30,ret_4,2653.841507911682,0.0014831719303750833,gain,asset,9
31,supersmoother_slope_over_atr,2112.2046728134155,0.0011804633670038298,gain,asset,9
32,ret_8,1764.0273160934448,0.0009858749257801427,gain,asset,9
33,range_to_atr,1636.5840139389038,0.0009146497497828518,gain,asset,9
34,lag_close_ret_24,1594.002592086792,0.0008908519572401427,gain,asset,9
35,dominant_cycle_phase_normalized,1201.1309185028076,0.0006712848742918571,gain,asset,9
36,lag_close_ret_48,1133.9809913635254,0.0006337563004253314,gain,asset,9
37,close_ret,1070.064684867859,0.000598034923920741,gain,asset,9
38,lag_close_ret_4,1059.5027704238892,0.0005921321090813402,gain,asset,9
39,lag_close_ret_1,996.7581729888916,0.0005570655742408693,gain,asset,9
40,upper_wick_ratio,868.5164499282837,0.00048539417887705894,gain,asset,9
41,lag_close_ret_16,832.0937776565552,0.0004650383720281458,gain,asset,9
42,lag_close_ret_2,826.5039176940918,0.00046191432586098144,gain,asset,9
43,lag_close_ret_8,766.0371522903442,0.0004281208197680026,gain,asset,9
44,lower_wick_ratio,619.819486618042,0.0003464030770906037,gain,asset,9
45,body_ratio,577.0136289596558,0.00032247985245745334,gain,asset,9
46,close_location,323.39659881591797,0.0001807390367181279,gain,asset,9
47,ret_1,166.21931076049805,9.28962092390591e-05,gain,asset,9
1,vol_rolling_192,1102.0,0.10129607500689401,split,asset,9
2,atr_48,1074.0,0.09872230903575696,split,asset,9
3,bollinger_bandwidth,1001.0,0.09201213346814964,split,asset,9
4,vol_rolling_96,839.0,0.0771210589208567,split,asset,9
5,ema_trend_48_192,737.0,0.06774519716885744,split,asset,9
6,bollinger_bandwidth_rank_192,576.0,0.05294604283481938,split,asset,9
7,atr_over_price_48,576.0,0.05294604283481938,split,asset,9
8,vol_rolling_48,532.0,0.048901553451604005,split,asset,9
9,atr_pct_rank_192,467.0,0.04292673959003585,split,asset,9
10,mama_minus_fama_over_atr,405.0,0.03722768636823237,split,asset,9
11,vol_rolling_24,373.0,0.03428623954407574,split,asset,9
12,close_over_bb_mid_192,292.0,0.026840702270429267,split,asset,9
13,ret_48,291.0,0.02674878205717437,split,asset,9
14,close_over_bb_upper_192,287.0,0.026381101204154794,split,asset,9
15,bollinger_percent_b,230.0,0.021141649048625793,split,asset,9
16,close_range_pos_96,203.0,0.018659803290743633,split,asset,9
17,ret_24,198.0,0.01820020222446916,split,asset,9
18,distance_from_ema96_atr,180.0,0.016545638385881054,split,asset,9
19,atr_pct,154.0,0.014155712841253791,split,asset,9
20,roofing_filter_over_atr,150.0,0.013788031988234212,split,asset,9
21,ret_16,120.0,0.01103042559058737,split,asset,9
22,rolling_return_48,103.0,0.00946778196525416,split,asset,9
23,frama_slope_over_atr,103.0,0.00946778196525416,split,asset,9
24,close_minus_decycler_over_atr,89.0,0.008180898979685634,split,asset,9
25,distance_from_ema24_atr,69.0,0.006342494714587738,split,asset,9
26,ret_4,52.0,0.004779851089254527,split,asset,9
27,instantaneous_trendline_slope_over_atr,48.0,0.004412170236234948,split,asset,9
28,rolling_return_24,44.0,0.004044489383215369,split,asset,9
29,lag_close_ret_24,43.0,0.003952569169960474,split,asset,9
30,supersmoother_slope_over_atr,43.0,0.003952569169960474,split,asset,9
31,ema_alignment_score,41.0,0.003768728743450685,split,asset,9
32,decycler_slope_over_atr,41.0,0.003768728743450685,split,asset,9
33,range_to_atr,39.0,0.0035848883169408955,split,asset,9
34,lag_close_ret_1,38.0,0.0034929681036860007,split,asset,9
35,close_ret,38.0,0.0034929681036860007,split,asset,9
36,lag_close_ret_4,37.0,0.003401047890431106,split,asset,9
37,dominant_cycle_phase_normalized,36.0,0.003309127677176211,split,asset,9
38,lag_close_ret_48,35.0,0.0032172074639213164,split,asset,9
39,ret_8,32.0,0.002941446824156632,split,asset,9
40,lag_close_ret_2,29.0,0.002665686184391948,split,asset,9
41,lag_close_ret_16,28.0,0.002573765971137053,split,asset,9
42,upper_wick_ratio,26.0,0.0023899255446272636,split,asset,9
43,lag_close_ret_8,26.0,0.0023899255446272636,split,asset,9
44,lower_wick_ratio,21.0,0.0019303244783527899,split,asset,9
45,body_ratio,16.0,0.001470723412078316,split,asset,9
46,ret_1,8.0,0.000735361706039158,split,asset,9
47,close_location,7.0,0.0006434414927842633,split,asset,9
